:020000041000EA
:10000000002008205D0100101B0100101D010010E0
:100010001101001011010010110100101101001058
:100020001901001019010010190100101F01001022
:10003000110100101901001021010010230100100E
:100040001101001011010010110100101101001028
:100050001101001011010010110100101101001018
:100060001101001011010010110100101101001008
:1000700011010010110100101101001011010010F8
:1000800011010010110100101101001011010010E8
:1000900011010010110100101101001011010010D8
:1000A00011010010110100101101001011010010C8
:1000B00011010010110100101101001011010010B8
:1000C00011010010110100101101001011010010A8
:1000D0001101001011010010110100101101001098
:1000E0001101001011010010110100101101001088
:1000F0001101001011010010110100101101001078
:100100001101001011010010110100101101001067
:10011000EFF30580103800BE00BE00BE00BE00BE7A
:1001200000BE00BEF2EB8871402305106423051069
:10013000A001001090A31AE7D3DEFFFF42012110B7
:10014000FF0100007C450500793512AB4FF000003F
:100150001E49086006C881F3088810474FF05040D8
:10016000006810B14FF00000F2E70DA40ECC00299A
:1001700002D000F012F8F9E71549164A002000E015
:1001800001C19142FCD11449884714498847144958
:10019000884700BEFDE701C901C29A42FBD3704700
:1001A000642305102001002070240020B4460510AF
:1001B0000000082000000820B446051000100820A8
:1001C00000100820000000007047000008ED00E06B
:1001D0007024002004C70020713C0010750200103C
:1001E000693C0010F8B500BF0348044B834202D0BD
:1001F000034B03B11847704770240020702400207F
:1002000000000000064B0749C91A891048BF013198
:10021000491003D0044B0BB101481847704700BF89
:1002200070240020702400200000000010B5064C4F
:10023000237843B9FFF7D8FF044B13B10448AFF359
:1002400000800123237010BDF02600200000000074
:100250007478011008B5044B1BB104490448AFF38E
:100260000080BDE80840CDE700000000F426002033
:10027000747801102DE9F0472DED048B03F036FE64
:100280004FF4FA6001F042FB06F092FA1F211A20A7
:1002900000F082FA00221A20114600F09BFA002199
:1002A0001A2000F017FB654B654A1B6803F4704386
:1002B000136011F06FF8002840F0B88011F00CF8CE
:1002C000604803F057FE604803F054FE5F4E604DF7
:1002D000604C05E003F04EFE41F2883001F016FB61
:1002E00047F2305332462946204611F001F80346C2
:1002F0005948002BEED1594803F03CFE9FED589A27
:10030000DFED588A9FED588A584F594D594E16F0D7
:1003100055F90446384603F02DFE03E041F28830DB
:1003200001F0F4FA2946204600F03CF90028F5D007
:10033000304603F01FFE04214F4B404A19601368FA
:10034000DB05FCD55368F0EE686A9BB207EE903A85
:10035000F8EEE77AB7EE0C7AE7EEC96AC6EE877A6E
:1003600067EE887AFDEEE77A17EE908A43484146B9
:1003700003F082FEDFF83091DFF830A106E050464E
:1003800003F0F8FD41F2883001F0C0FA4B464246D6
:100390002946204600F076F90028F0D0384803F0CE
:1003A000E9FD204616F00CFD204616F00DF911F07F
:1003B00023F8344803F0DEFD334800F07DF833487D
:1003C00003F0D8FD012143F6982001F07FFD10F0E5
:1003D000E1FF38BB01F070FD10F07EFF01F06CFD15
:1003E0002B4803F0C7FDDFF86490DFF86480194CF8
:1003F00005E003F0BFFD4FF4FA6001F087FA47F221
:1004000030534A464146204610F072FF03462148C9
:10041000002BEED1204803F0ADFD01211F4801F073
:1004200055FD74E71E4803F0A5FDFEE71D4803F0E7
:10043000A1FDBDEC048B0120BDE8F08700000A405F
:1004400000100A408C780110AC78011004004000C4
:10045000E0780110EC780110C4780110F8780110F0
:100460003333533AAE4731400000C8420879011097
:10047000287901103079011000200A4040790110DC
:1004800084790110A4790110E0930400B07901107F
:100490001C7A0110347A0110587A0110FFFF7F0096
:1004A000E8790110787801106C7901105079011009
:1004B000704700BF000000002DE9F04D044688B0F1
:1004C00016F0C2FC16F0FAFE684616F0BFFEDDE933
:1004D000001526A3D3E900231D481E4EA1FB00C131
:1004E00000FB0511029D1C4F1CEB050041EBE57163
:1004F000E4FB060117F070F98B46824606923B69D1
:10050000DFF87080154CC8F80030D4F8B430144EC1
:10051000144D3360D4F8B83003202B60CDE904AB20
:1005200016F07EFD104904A816F0EEFD16F020FE30
:10053000D8F800303B613368C4F8B4302B68C4F895
:10054000B83001F0A5FE03F0D1FC08B0BDE8F08D95
:1005500000CA9A3B40420F0000ED00E0000001405D
:10056000E0290020E4290020B104001000CA9A3BD1
:1005700000000000E8290020B2FA82F2014B520983
:100580001A707047EBC60020B1FA81F101220348CE
:10059000034B490901701A70704700BFECC6002078
:1005A000EAC60020F0B58BB006460F462E4802A9D9
:1005B00010F0A6FC00284BD000242C4DCDE903748C
:1005C000CDE90544CDE907442C70099415F0CCF829
:1005D00003A9CDE9004140F2D1723046244B02A973
:1005E00015F0F4FF044615F0C7F854BB01F01CFAEF
:1005F000A9B34FF47A72002317F0EEF82B7800F5C8
:100600001C54103443BB1B4E0BE04FF47A72002392
:1006100017F0E2F8844210D3012001F077F92B782B
:10062000D3B910F0ADFE01F0FFF903460029ECD17B
:10063000A6FB033080098442EED20F4803F09AFCF7
:1006400003E021460D4803F017FD00200BB0F0BD7C
:100650000B4803F08FFCF8E701200BB0F0BD054B11
:10066000A3FB00308009C9E76C7A0110EBC60020BB
:1006700079050010D34D6210B07A0110907A011004
:100680007C7A01102DE9F04114460D46A4B0009487
:10069000002498462E4F2B462E4D80212E4A06468A
:1006A00004A803F083FA2C703C7015F05DF804A8E0
:1006B00017F006F80346294ACDE900440292039454
:1006C0004146304604AA9BB215F0E4FD044615F0FD
:1006D00053F87CBB01F0A8F931BB214BA3FB0030E0
:1006E00080092B7800F59C5408345BBB1C4E0BE052
:1006F0004FF47A72002317F06FF8844210D3012070
:1007000001F004F92B78EBB910F03AFE01F08CF906
:1007100003460029ECD1A6FB033080098442EED2C7
:10072000104803F027FC09E04FF47A72002317F019
:1007300053F8D6E721460C4803F09EFC002024B075
:10074000BDE8F0813878C0B224B0BDE8F08100BFC8
:10075000ECC60020EAC60020C87A01108905001006
:10076000D34D6210107B0110F87A011008B54FF4D8
:10077000E131074801F0DAF90221002000F00CF81D
:100780000221012000F008F8024B1B7808BD00BFD1
:10079000000007405C23051010B44FF480740C4B2C
:1007A00053F8202003EB8003C00082F0400200F1E8
:1007B000804003F5805C02F0C00200F5203003F5B4
:1007C0004053CCF8002041601C605DF8044B70473A
:1007D0000480034010B4084CC90041EA820154F877
:1007E000202004EB8003514003F5805301F00C01FD
:1007F0005DF8044B1960704704800340064B0222E9
:1008000003EB800319B103F500531A60704703F539
:1008100040531A60704700BF0480034070B44FF02B
:1008200050460F4B36680F4D00F0070C002E18BFD6
:100830002B46C0080C4C4FEA8C0C01FA0CF103EB70
:1008400080038C3044F8201022B170BC03F50053B3
:100850001960704703F54053196070BC704700BFC2
:100860004882024090820240008002402DE9F0411F
:100870004FF050480D4FD8F80030164657F8232057
:10088000044602420D4609D114432946324647F830
:1008900023401520BDE8F04100F0E8B901F052FC1A
:1008A000D8F8003057F82320EEE700BF50C60020EC
:1008B00010B50446152000F0CDFA4FF05043044A1D
:1008C000196852F8213023EA040342F8213010BDA0
:1008D00050C60020064B402203EB800319B103F5FC
:1008E00000531A60704703F540531A60704700BF09
:1008F0000480034030B44FF0000343EC440043EC69
:10090000400005254FF480740B4BC20053F82010B3
:1009100003EB800081F0400102F1804303F52033B6
:1009200001F0C00200F5805100F540500A605D60A2
:10093000046030BC704700BF048003400FB400B5B2
:1009400083B0049C074803F015FB3CB105A9204681
:10095000019103F055F9044803F00CFB012003F06A
:1009600067F900BF207B0110307B0110EFF310808E
:1009700072B6064BD3E8CF1F01220029FAD1C3E893
:10098000412F0029F6D1BFF35F8F7047D32A002093
:100990000023034AC2E88F3F80F31088704700BFEE
:1009A000D32A002070B58646EFF3108572B6124C3C
:1009B000D4E8CF6F0120002EFAD1C4E8460F002EF4
:1009C000F6D1BFF35F8F4FF0010CC80801F00703A9
:1009D0000CFA03F31EF800C01CEA030608D14CEA27
:1009E000030C0EF800C0C4E88F6F85F3108870BD4B
:1009F0001046FFF7A3FF00BFD32A0020F8B5EFF39E
:100A0000108572B6234CD4E8CF7F0126002FFAD18F
:100A1000C4E8476F002FF6D1BFF35F8F9A4227D803
:100A20000126D70810F807E002F0070C06FA0CFCC4
:100A30001EEA0C0F00EBD2070DD125E04FEAD20ED3
:100A400010F80EE002F0070C06FA0CFC1EEA0C0F80
:100A500000EBD20718D001329342EFD24FF0FF30B3
:100A60000023C4E88F3F85F31088984207DBF8BD68
:100A70000023C4E88F3F85F310884FF0FF30002932
:100A8000F5D00698FFF75AFF4EEA0C0E104687F88D
:100A900000E0E5E7D32A002000B5EFF3108E72B630
:100AA000104BD3E8CFCF0122BCF1000FF9D1C3E83E
:100AB0004C2FBCF1000FF4D1BFF35F8F01224FEA3E
:100AC000D10C01F0070102FA01F110F80C2022EA22
:100AD000010200F80C200022C3E88F2F8EF310884B
:100AE0005DF804FBD32A0020044A1078431CDBB2D3
:100AF000182B28BF10231370704700BF402200201E
:100B000010B5054C82B001461F23182200940348FB
:100B1000FFF774FF02B010BD347B0110FC2F0020E2
:100B20004FF0E022936843F000539360704700BF9A
:100B30000021044B03F12002C3E88F1F01339342CD
:100B4000FAD17047C82A00204FF0E0234FF08032DE
:100B5000C3F80024C3F80424C3F80824C3F80C2401
:100B6000C3F81024C3F81424C3F81824C3F81C24B1
:100B7000C3F82024C3F82424C3F82824C3F82C2461
:100B8000C3F8302462B67047012300F01F0293407F
:100B9000400941B1800000F1604000F56140C0F8BB
:100BA000803103607047024A203042F8203070479D
:100BB00000E100E00123064A410952F8212000F03B
:100BC0001F008340134214BF01200020704700BF64
:100BD00000E100E001224309034900F01F008240C8
:100BE000403341F82320704700E100E0054A10300F
:100BF0009268054B52F82000C01A2F288CBF0020A5
:100C00000120704700ED00E044220020F8B50D46B9
:100C1000EFF3108772B6124ED6E8CF2F0123002AC9
:100C2000FAD1C6E8423F002AF6D1BFF35F8F0D4BE1
:100C300000F110049B680C4A53F82430934203D00F
:100C4000994201D001F07EFA064B9B6843F824508C
:100C5000BFF35F8F0023C6E88F3F87F31088F8BD8E
:100C6000D12A002000ED00E0110100102DE9F04F25
:100C700081468B46164683B0EFF3108372B6DFF8D9
:100C8000D0A10093DAE8CF1F01230029FAD1CAE8E6
:100C9000413F0029F6D1BFF35F8F664B93F90040C7
:100CA000002CC0F2A080644D04EB440705EB8708DC
:100CB00098F8061009F110091970604BBF009B6885
:100CC00053F829006300411B2F292FD95C49884222
:100CD00040F0A4801C445B4B02372F44043BDB1BD9
:100CE000C3F34A036FEAC3434FF421416FEAD3438E
:100CF00025F8241005EB840463804BF60153A38090
:100D0000FF2348F00100E671C4F808B0A3714B4B13
:100D10009B6843F82900BFF35F8F0023CAE88F3F29
:100D2000009B83F3108803B0BDE8F08F20F0010E24
:100D30009EF80710B1422ED84FF42143EB53414B9C
:100D4000B91C2944043B04375B1A2F44AEF104015B
:100D50003D4CC91BC1F34A012143A8F80410C3F359
:100D60004A033A492343A8F802304AF6AA207346B8
:100D70005B1B5B415843000D88F8076088F806004C
:100D8000C8F808B048F00100CEF80010BFE7D179EC
:100D9000B1422ED996469EF906C00CEB4C02BCF12E
:100DA000000F05EB8202F2DA4BF601510EF104025C
:100DB000A8F10407BF1AC7F34A076FEAC7476FEAEB
:100DC000D7478EF8064003EB0408204C05EB880358
:100DD000AEF8047045F82840998083F806C0DE71AB
:100DE000C3F808B093E701F0ADF9124B93F9004056
:100DF00059E7724632F8041F490514D449150231E7
:100E000002EB410101916FF00701C91B019F491BD2
:100E10003944C1F34A0141F46041C9E7019301F04B
:100E200091F9019B56E701F5FF1101F5FF511F31C3
:100E3000E4E700BFF6C600204422002000ED00E0F9
:100E4000110100107422002000E0FFFF01488047DC
:100E5000D12A00202DE9F04F83B0EFF3108A72B64B
:100E6000744ED6E8CF2F0123002AFAD1C6E8423FBC
:100E7000002AF6D1BFF35F8F6F4B00F110089B681B
:100E80006E4A53F8285095423FD08D420C464AD0C6
:100E90006B4FEB1B2F2B38D801214FEA50194FEA2B
:100EA000890909F1604909F5614900F01F0301FA58
:100EB00003F0D9F80030C9F8800000EA030BBFF353
:100EC0005F8FEFF30581C9B279B3884577D125F0FB
:100ED000010EDEF808C0644505D17CE0D3F808C0F7
:100EE000644532D09E469EF9062002EB4203002A5A
:100EF00007EB8303F2DA644500F08180BBF1000F59
:100F000020D0C9F88001C9F800004B4B9B6843F81A
:100F10002850BFF35F8F0023C6E88F3F8AF3108805
:100F200003B0BDE8F08F1546EFE725F0010EDEF8BF
:100F300008C06445D7D19EF906407346002C08DAF4
:100F4000154666E0C9F88000DFE793F90640002CFB
:100F500056DB04EB440C07EB8C0CDCF8082061003A
:100F60009A609CF80720DA719CF90620002A9A7191
:100F70005DDBBCF80420520504D502F5FF1202F532
:100F8000FF521F32521502F1020C4FF0040E0C22D8
:100F900012FB04E202EB4C026FF0070C3A44ACEB9C
:100FA000030C6244C2F34A0242F460429A80254B29
:100FB00021441A7807EB81011C708A719EE7CDE904
:100FC000000101F0BFF8DDE9000125F0010EDEF8B7
:100FD00008C0644587D19EF906407346002CB8DAF4
:100FE000194A1A4CD21A083AC2F30A316FEA01516F
:100FF0006FEA115144EA5202DA8099807EE7734623
:101000000029EDD1FF228EF806204BF60152AEF8F2
:1010100004200C4C4AF6AA2294F800C01946C91BB9
:1010200049414A43120D83F806C0227066E74BF629
:101030000152BBE7D12A002000ED00E011010010B1
:1010400044220020F6C600207E22002000F8FFFF88
:10105000F0B5EFF30585EDB2EFF3108C72B62649CB
:10106000D1E8CF2F0123002AFAD1C1E8423F002A5C
:10107000F6D1BFF35F8F214E40F0010EB4684AF6FF
:10108000AA2354F825701E4A0446A41A64416343F7
:101090001B0D77455BB21BD092F906409C421CD0D9
:1010A00092F912409C4223D092F91E409C4221D0DA
:1010B00092F92A409C4208BF03240FD0114A002411
:1010C000157813708571C1E88F4F8CF31088F0BDCF
:1010D000B2680D4C42F82540F0E7002404EB4404CC
:1010E00002EB8402FF2494714BF601549480E5E7EF
:1010F0000124F3E70224F1E7D12A002000ED00E00B
:1011000044220020F6C600201101001010B5074C43
:1011100082B001460523002200940548FFF76EFCCB
:101120000028A8BFC0F1330002B010BD507B0110F1
:1011300002C7002070B504460E461546FFF7D4FCE2
:101140000146204600F006F8A680E580BFF35F8FD9
:1011500070BD00BF014B0B4403607047C82A0020DC
:1011600070B5104C104DAC420ED2FF26236863B10F
:10117000FFF7BAFC01462046FFF7ECFFA680BFF35D
:101180005F8F0834AC42F1D370BDFFF7ADFC014670
:101190002046FFF7DFFF2671BFF35F8F0834AC42B4
:1011A000E4D370BD682400207024002010B50446EC
:1011B000FFF79AFC01462046FFF7CCFFFF2323717F
:1011C000BFF35F8F10BD00BF10B504460120FFF7CD
:1011D00097FC034B03442360BFF35F8F10BD00BF38
:1011E000C82A0020024B0B440360BFF35F8F704797
:1011F000C82A00200D4B1A68EFF3108172B6D2E8AE
:10120000CFCF0120BCF1000FF9D1C2E84C0FBCF1E7
:10121000000FF4D1BFF35F8F00221B68C3E88F2F4C
:1012200081F3108840BF00200021704770C6002065
:101230002DE9F04F2DED028B85B0EFF30583DBB286
:10124000103B9A0818BF01224FF0010103F0030080
:1012500018BFAF4DAF4B08BFAF4D00EB820253F844
:10126000226001FA00FB05F541539FEDA78B019029
:10127000C3F804B02EE0B388180440F19280B3792B
:10128000002B40F0DC80B6F908100029C0F21D8167
:10129000736901EB410103EBC103D3E90247B7F1E5
:1012A000FF3F08BFB4F1FF3F0DD0019B05EB830169
:1012B000AB6A0A69D21AE31A934203D32B6A13EA80
:1012C0000B0F00D10C61284600F0A6FBA042B941EB
:1012D000C0F2FB80B6F90830C5F83CB0002B009393
:1012E000C9DBD6F8149003EB430A284609EBCA077A
:1012F000D7E9024800F090FBA04271EB0801BADB8D
:10130000B8F1000FC0F2C380D7E90431834A934299
:1013100000F0ED807A88B6F9080092B242EA004007
:10132000984702460B4652EA030100F0B080002BBA
:1013300080F2D180B4EB020E68EB030839F93A3041
:10134000C7E902E8002B96DB716903EB430201EB6E
:10135000C202D2E90270BE4578EB000C4FEA4302AC
:1013600089DBB4462CF8083F0BE031F93230A44653
:10137000002B0DDB03EB430001EBC0005A00D0E96A
:101380000270BE451A4478EB000001EBC204ECDAAF
:1013900029F83A30009BACF80030B38818043FF5C8
:1013A0006EAF3369EFF3108272B6D3E8CF0F01212D
:1013B0000028FAD1C3E8401F0028F6D1BFF35F8FA1
:1013C0004FF6FF74B0880023316900B2B480C1E8E1
:1013D0008F3F82F310889842FFF651AF0746A94627
:1013E000746906F1080807EB470E04EBCE03D3E956
:1013F0000250B6F90830C446002B13DBB246009702
:1014000004E034F936309446002B09DB03EB430645
:1014100004EBC602D2E90271BD4270EB0101F0DAC1
:101420005646009FACF8007034F93E7024F83E3008
:10143000002FD8DAB3794D46002B3FF424AF0023B8
:10144000B371B6F9083006F10808591C3DD01946A9
:10145000776903E080465A1C3FF417AF03EB430261
:1014600007EBC200B0F802C01C461CF4004F9E46B9
:1014700037F93230EED08C4280ED028B05D0A8F8DF
:101480000030318927F8321034817146E3E739F8AA
:101490003A3033813369EFF3108272B6D3E8CF0F5D
:1014A00001210028FAD1C3E8401F0028F6D1BFF37C
:1014B0005F8F7388316929F83A30009B738000236D
:1014C000C1E88F3F82F31088D5E640BF05B0BDEC80
:1014D000028BBDE8F08F2846CDE9022300F09CFA8C
:1014E000029A039B10EB020E43EB010826E7084625
:1014F0000B69029198470028C9D00299D1E90023CD
:1015000011E700BFAFF30080FFFFFFFFFFFFFFFF0A
:1015100000800B409487002000000B403112001027
:101520002DE9F84F364C25692DB1BDE8F84F0A2159
:101530003448FFF70FBEDFF8E4800321404600F097
:1015400059FA0326C4F80C80FFF7CEFA4FF0504C3E
:101550002D4B267003442361DCF800300F216370AB
:10156000636961801D834FF00405A3F878504FF044
:101570000505A3F890504FF00605A3F8A8504FF0CA
:1015800007050E214FF6FF7208274FF00A0EA3F849
:10159000C0504FF001094FF00C0C4FF0020B4FF010
:1015A000090A0D204FF00B05A3F868111749A28016
:1015B000A3F808E1A160A3F848B0A3F8F0A0A3F84D
:1015C0002051A3F838C1A3F85001A3F83090A3F834
:1015D0006060A3F8D8701A800D4B3046C8F82070B0
:1015E0000C49DC60FFF712FB49463046FFF7CCFAA6
:1015F000094B0A211F640348BDE8F84FFFF7AABD55
:101600008C22002070C60020C82A0020FFFF100096
:10161000948700203112001000200B4000000B4086
:10162000004870478C220020F8B59DF820700446D1
:1016300016461D4637B900F0F7F9864265EB010101
:1016400000295CDB2369EFF3108772B6D3E8CF1F64
:1016500001220029FAD1C3E8412F0029F6D1BFF3B6
:101660005F8FB4F902C063690CEB4C01BCF1000F51
:101670004FEAC10203EBC10138DB985A4FF0000E6C
:1016800060802069C0E88FEF87F310880698C1E971
:10169000026508610798486148880130C0F30E0070
:1016A000012838BF0120488040EA0C402169EFF34F
:1016B000108572B6D1E8CF7F0126002FFAD1C1E89C
:1016C000476F002FF6D1BFF35F8FA1889952A4F81E
:1016D00004C02369C3E88FEF85F310880122E36813
:1016E000217803F501538A405A60F8BD002322692E
:1016F000C2E88F3F87F310884FF0FF30F8BD3846BF
:10170000F8BD00BF0146F0B50069EFF3108772B66F
:10171000D0E8CF5F0124002DFAD1C0E8454F002D5D
:10172000F6D1BFF35F8FB1F902E04C690EEB4E0CBE
:10173000BEF1000F4FEACC0504EBCC0C3DDB605B47
:10174000002648800869C0E88F6F87F31088BCF8CE
:101750000200CCE902230130C0F30E00012838BF9B
:101760000120059BACF80200CCF81030069B40EA43
:101770000E40CCF814300B69EFF3108272B6D3E848
:10178000CFCF0127BCF1000FF9D1C3E84C7FBCF1EA
:10179000000FF4D1BFF35F8F8B886353A1F804E08F
:1017A0000B69C3E88F6F82F310880122CB68097838
:1017B00003F501538A405A60F0BD00230A69C2E86C
:1017C0008F3F87F310884FF0FF30F0BD034640890C
:1017D000B0EB214F37DD58690A1402EB420210B515
:1017E00000EBC2001C69EFF3108C72B6D4E8CFEFA7
:1017F0000122BEF1000FF9D1C4E84E2FBEF1000F57
:10180000F4D1BFF35F8F428889B292B28A4207D087
:1018100000221B69C3E88F2F8CF31088002010BDB5
:1018200042F4004242800121002218699971C0E807
:101830008F2F8CF310881C78DA68084602F5015364
:10184000A140596010BD0020704700BF407870472C
:101850002DE9F041861F41F1FF35B04271EB0503E0
:1018600038BF002682B038BF354604460F4600F028
:10187000DBF8301A65EB0103012873F1000306DA87
:101880002046394602B0BDE8F04100F009B900F049
:10189000CBF8864265EB010100290ADB0021174BDA
:1018A0003246009316482B460191FFF72BFF002884
:1018B000E6DB4FF0000C1348134A436A9D4204D8FC
:1018C000816AB142DCD29D42DAD11368EFF3108114
:1018D00072B6D3E8CF8F5FF0010EB8F1000FF8D1E8
:1018E000C3E848EFB8F1000FF3D1BFF35F8F13687F
:1018F000C3E88FCF81F3108820BFDEE7F511001019
:101900008C22002000000B4070C6002010B5044659
:1019100000F08AF84FF47A734FF0FF3C6FF000420A
:10192000E4FB0301BDE81040844572EB01033CBFBA
:1019300060461146FFF78CBF2DE9F04306460D4681
:1019400083B0EFF30584E4B23CB1274B586AA84258
:101950001CD2002003B0BDE8F083244FD7F80C90D0
:1019600097F80080484600F057F808F1040859F845
:1019700028301B1A301A65EB0101984271F1000101
:1019800011DB20BF184B586AA842E2D39B6AB342CE
:1019900003D3012003B0BDE8F083401B18BF012032
:1019A00003B0BDE8F08300F03FF8864265EB01012B
:1019B0000029CADB0E4B3846CDE9003432462B46AF
:1019C000FFF7A0FE011EC0DD074B5A6AAA4208D3EA
:1019D0009B6AB34203D30548FFF7F8FEB5E7AA4276
:1019E000F9D120BFF7E700BF00000B408C22002098
:1019F000F511001010B4054B054C064AA04214BF67
:101A00001846581C5DF8044BFEF7CCBF0030002090
:101A100000800B406C7B01100346416A0A46986ABD
:101A2000596A8A42FAD17047034B596A0A46986A42
:101A3000596A9142FAD1704700000B4010B4174A1E
:101A4000536A9C46946A536A6345FAD10019594116
:101A50004FF0000228BF01220346CAB10F4B596A5A
:101A60004B1C08BF0B4608D04FF0FF310B460B480C
:101A7000426A8A42FCD38A4207D1084A02E0506A8D
:101A8000884202D1906A9842F9D35DF8044B7047BE
:101A9000024A526A9142EAD8EDE700BF00000B40CB
:101AA000074A536A9942FCD8994207D1044B02E095
:101AB0005A6A914202D19A6A8242F9D3704700BFB2
:101AC00000000B408168104B10B4D0E9004283FB4A
:101AD00001C3C917C1EBA341500163011B1B40EABD
:101AE000D46060EB0200800040EA93709B001B19F9
:101AF00042EB0002D200D800081842EA537242EBCF
:101B0000E1715DF8044B704783DE1B4310B5002381
:101B100014464FF47A7215F067FE034BC4E90001D6
:101B200003FB02F2A26010BD40420F00F8B505466B
:101B300006200E4600F070F9002842D0354A36489B
:101B4000954214BF4FF080624FF00062334B34492E
:101B500002601A608C6832EA0404FBD12D4B4FF40A
:101B60008071EB1AB3FA83F32E4A5B09062022F840
:101B7000131000F051F9C300B3FBF6F30133DA0997
:101B800020D1402601216962AA622F6BFB0722D473
:101B90002B46002253F82C1F062003F580542260A8
:101BA0002F6300F039F940F2013103228000B0FBCD
:101BB000F6F0EB6A83F0700303F07E032360296381
:101BC000AA64F8BD4FF6FE718A421BD922464FF631
:101BD000FF71154ED7E740F2013205F540531A6305
:101BE0006B6AAC6A062004EB831400F015F90F4B06
:101BF000A402A3FB0023DB0A0021B4FBF3F0FFF7F0
:101C00001DFFC5E7C3F34503114603EB82161A46D1
:101C1000B9E700BF008007400020024000300240CA
:101C200000000240B8C60020C0FF3F00757B2B8F2C
:101C300010B400214FF4006400EB40039B00054A00
:101C400003F1804303F598331C6042F820105DF8DF
:101C5000044B7047083000202DE9F047089C9C4257
:101C60004FD806464FEA134A1D040F4690460023FC
:101C700022462846514615F0AFFD06EB4604A40067
:101C800004F1804404F5803471B351464FF00009EB
:101C90006368301FC0B2012836D94FF40065294A65
:101CA00004F540531D6052F826503DB15369B3FB13
:101CB000F5F3013303EB4303033BFDD2236804F543
:101CC000805583EA481303F0E00301282B602DD9E7
:101CD00042F826104FF4006204F500531A60012008
:101CE000C4F80490BDE8F08763688146984200D943
:101CF000606002460B462846514615F06DFD0146D0
:101D0000C7E70020BDE8F087012FC6D1032204F504
:101D100040531A60A368DB07FCD5236804F580559F
:101D200083EA481303F0E003064A2B60012023688E
:101D3000B8407B4003F003032B60A3680342FCD050
:101D4000C6E700BF0830002000EB400C4FEA8C0CC7
:101D50000CF1804C0CF5803CF0B51646DCF8042004
:101D6000051FB2F5803F38BF4FF48032EDB238BF67
:101D7000CCF80420012D2AD94FF40067254C0CF52E
:101D80004052176054F82020B2B9DCF80020012D31
:101D900082EA461202F0E0020CF5805632602AD93F
:101DA0004FF4006144F820304FF480330CF50052BA
:101DB0001160CCF80430F0BD6769B7FBF2FE0EF19C
:101DC000010E0EEB4E0EBEF1030EFCD2DDE7012933
:101DD000D2D103240CF540521460DCF80820D2075D
:101DE000FBD5DCF800200B4C82EA461202F0E00240
:101DF0000CF5805632600122DCF800504D4005F0B1
:101E00000305356002FA01F1DCF808200A42FBD034
:101E1000C6E700BF08300020014B53F82000704790
:101E20000830002070B4039D04682D0345EA034583
:101E30001B4B002CB3FBF1F3B2FBF3F61FDB194A8B
:101E4000194B904214BF4FF480424FF40042174C9C
:101E50001A6003F580531A60A36832EA0303FBD1CA
:101E6000212200F540530433016086601A60026845
:101E7000002AFCDA0822C5601A6070BC704703684B
:101E800003F03F038B42DAD18368C3F30B03B34201
:101E9000D5D1C36803F4EE23AB42D0D1EDE700BF48
:101EA000001BB700008005400020024000000240F7
:101EB0002D234360704700BF024A034B12685A60EB
:101EC000704700BFF842002000800D4030B44FF052
:101ED0008045174B174A184CDA61184A03F54053EE
:101EE0001D6094604FF0E06249B1A3F580531A6021
:101EF00040B930BC4FF00042114B1A6070471A6075
:101F00000028F6D04FF47A7303FB00F0B0F1807F25
:101F10002ABF6FF07F43034618464FF08042094CBA
:101F200003492360064B486030BC1A60704700BF0D
:101F300000800D402131B76AF3FFFF0100A001408E
:101F400000A00D40F842002030B44FF080441C4BFC
:101F50001C60E0B11B4CA3F54053DC611A4C40F00F
:101F6000010044401C62596298624FF080454FF076
:101F7000E061134B1548164C1D60846019604AB926
:101F800030BC4FF00042A3F580531A607047114BEC
:101F9000D861EAE74FF47A7303FB02F2B2F1807F73
:101FA0002ABF6FF07F4313461A464FF080410A4C18
:101FB00008482360094B426030BC1960704700BF7D
:101FC00000B00D40D3C007B02D3FF84F00A0014036
:101FD000F3FFFF0100800D40F842002000A00D40FB
:101FE000012300EB4000800000F1804000F58410E8
:101FF00041600360704700BF002370B5DB8A044670
:102000000D46002242E800F2520254BF1021042182
:1020100044F25220984786462B462246F446BDE8B5
:1020200070400A214FF48170604700BF0023DB8AB3
:10203000002242E800F2520201D410211847042184
:10204000184700BF08B503460846191E02DB1AB13F
:1020500040F03000FFF7D0FF40F02000FAE700BF6B
:10206000002310B5DA8A044686B0002343E800F363
:102070005B0254BF1021042145F2473090471022E3
:102080000346052101A89847052802D0002006B084
:1020900010BD0DF1080CBCE80F002060012061604C
:1020A000A260E36006B010BD034AD2F82838002BC6
:1020B000FBD0BFF35F8F704700000E400021044B40
:1020C000044ABFF35F8F43F8041B9342F9D1704772
:1020D0000C080E402C080E4010B44FF48D704FF4D5
:1020E0002A64064A064B07491460D0601960536899
:1020F000002BFCDA5DF8044B704700BF0080044001
:1021000000A0044000B0FA00064A13686FF31733CA
:1021100043F4510343F4604313605368002BFCDB2A
:10212000704700BF00800440034A044B936053682B
:10213000002BFCDA704700BF00800440616D6F63C4
:10214000704700BF08B50148FEF7F8FB907B01100F
:1021500038B5054C054DAC4204D254F8043B9847C1
:10216000AC42FAD338BD00BF28780110687801105E
:1021700010B40748074C084B084A094904601A6024
:102180008B6832EA0303FBD15DF8044B704700BF54
:10219000002002407F3BEFEF00300240F6FFF303E8
:1021A00000000240044BDB6CB3F5004F03D14FF449
:1021B0008022024BDA647047000011500020115059
:1021C0004FF0E022044BD2F8881D0B43C2F8883D43
:1021D00010EE3004704700BF030330006FF0604121
:1021E000044B054A19609368DB4333F06043FAD12E
:1021F000704700BF003002400000024010B545F2B9
:102200005320FFF713FFBDE8104003460420184792
:1022100010B545F25320FFF709FFBDE81040034613
:1022200001201847FEF784BC70B51449144C154DB5
:10223000641AA610442E324628BF44222846920033
:1022400015F0C2F9B4F5867F13D80F4AC6F14401E0
:1022500012D02B19480803EBC000C3E90022083351
:102260008342FAD1CB0704D521F00103334445F86A
:102270002320064B9D6070BD4323F8E7000000104B
:1022800010010010000000201101001000ED00E01E
:10229000002370B52B4C82B0C4F88430FFF71CFFCC
:1022A0000122294BDA63636C012BFCD10321264AFE
:1022B000244B11639C6B012CFCD102260525214681
:1022C0000523224A22480096FFF7ACFD21462B4603
:1022D000204A21480095FFF7A5FD00220420314641
:1022E0001E4BFFF731FD2146284600221C4BFFF70D
:1022F0002BFD0022082011461A4BFFF725FD002276
:1023000009201146174BFFF71FFD0022062011463A
:10231000134BFFF719FD0022114B07201146FFF761
:1023200013FD0420FFF778FD00240F4BA3FB0035BD
:10233000AD0CE0B229460134FFF752FE062CF8D16D
:1023400002B070BD0000014000300140002F68590C
:1023500000000540008C864700800540001BB70048
:1023600080D1F008006CDC0283DE1B4386B003B42E
:1023700051FC0804CDE9020151FC0904CDE9040136
:1023800051EC0A04CDE9060103BCF047BDE800505A
:102390004EEC00C4BDE800504EEC01C4BDE8005056
:1023A0004EEC02C400BD000000B5FFF7DFFF02E005
:1023B00010FE30F4F8D441EC100443EC112400EE8C
:1023C000010410EE010480EE200451EC100470476B
:1023D00000B5FFF7CBFF02E010FE30F4F8D441EC7B
:1023E000100443EC112400EE010410EE210480EEF1
:1023F000200451EC3004704700B5FFF7B7FF02E04E
:1024000010FE30F4F8D410B541EC100443EC112464
:1024100051EC040453EC0524A0FB024C5FF0000EC9
:10242000E0FB03CEE1FB02CE4CEC20440024E1FBB8
:1024300003E444EC30E480EE200451EC5004BDE8A9
:102440001040704700B5FFF791FF02E010FE30F436
:10245000F8D441EC100443EC112451EC2104A0FB0E
:1024600001126FEA820252FB100052FB12F252FB81
:102470001000A0EBD07C53EC04245CFB13F153EC74
:102480001524A1FB022001FB030053EC4424A2EB22
:10249000000050FB1CF24FEA111312EB017043EBEA
:1024A000E27140EA515020EA915020F0070053ECCD
:1024B0007524A0FB023C53EC752400FB03CC01FB0C
:1024C00002CC53EC0424ACEB824C40EA5C70A0F1EB
:1024D000010041EC400480EE200451EC7004704790
:1024E00000B5FFF743FF02E010FE30F4F8D440ECF3
:1024F000700400EE010410EE210480EE200451EC83
:102500003004704700B5FFF731FF02E010FE30F4F1
:10251000F8D440EC600400EE010410EE210480EEDB
:10252000200451EC3004704700B5FFF71FFF02E0B4
:1025300010FE30F4F8D441EC800400EE010410EEFB
:10254000010480EE400410EE1304704700B5FFF75D
:102550000DFF02E010FE30F4F8D441EC800400EEF0
:10256000010410EE010480EE400410EE33047047C5
:1025700000B5FFF7FBFE02E010FE30F4F8D441ECAA
:10258000100443EC112400EE010410EE3004C0F3FB
:102590000070704700B5FFF7E9FE02E010FE30F46E
:1025A000F8D443EC102441EC110400EE010410EEC9
:1025B00030F48CBF01200020704700BF00B5FFF74A
:1025C000D5FE02E010FE30F4F8D441EC100443ECE8
:1025D000112400EE010410EE30F42CBF0120002085
:1025E000704700BF00B5FFF7C1FE02E010FE30F4F7
:1025F000F8D441EC100443EC112400EE010410EE79
:1026000030F48CBF01200020704700BF9A4238BFD1
:1026100088547047704700BF2DE9F04F83B099464A
:10262000DDE90DAB0F9B884611469A07074616D188
:10263000DA453AD20C460D46ABEB0A060E4422466A
:102640004B46414620200134B847B442F7D12946D1
:10265000BAF1000F08D1204603B0BDE8F08F0C4658
:10266000BAF1000F10D00E4655460C9B2E449A44EA
:102670000191721B4B46013D41461AF8010D34464B
:10268000B847002DF5D101990F9B9B07E3D5651A3B
:10269000AB45E0D922464B46414620200135B8479C
:1026A0005D4504F10104F5D3D5E7BAF1000FDAD1A5
:1026B0000C46D0E72DE9F04F0F9FDDF824E017F02E
:1026C000020F0A9C9DF82C900E9DDDE90C8629D105
:1026D000002D6FD1B44225D2202C07F0010B00F061
:1026E000128104F1FF3C4FF0300AF44401E0202C49
:1026F0007AD00134A6420CF801AFF8D8BBF1000F34
:1027000010D0AC420ED2202C74D004F1FF3C4FF01C
:10271000300AF44401E0202C29D00134AC420CF8FA
:1027200001AFF8D117F0100F3AD017F4806F28D10D
:102730001CBBB8F1100F00F0CA80B8F1020F00F016
:10274000D48030248EF800400124B9F1000F67D105
:102750007E0740F1AA802B260EF804600134CDE9F3
:102760000B57CDE909E4BDE8F04FFFF755BFFC0674
:1027700040F189807C0535D42024A6426AD0AC4241
:1027800068D0B8F1100F00F08780B8F1020F5AD06E
:10279000202CE4D0264601344FF0300C0EF806C051
:1027A000202CD2D1CDE90B57CDE909E4BDE8F04F9B
:1027B000FFF732BF17F0010B3ED0B9F1000F47D140
:1027C00017F00C0F44D1B4429BD2202C89D1202D7C
:1027D00010D8FC0657D57C0555D4202E00F0B980C2
:1027E000202D10D02024CCE7BBF1000F00F0A580F5
:1027F000202DBCD9FC0646D57C0544D4202E00F003
:10280000A880202D3FD12C461F26B8F1100F7FD075
:10281000B8F1020FC0D14FF0620C0EF806C0B7E756
:102820002D260EF804600134CDE90B57CDE909E4FB
:10283000BDE8F04FFFF7F0BEB442BFF473AF202CF9
:102840007FF44FAFD6E7202C89D026460134E2E74B
:10285000013DB8E7661ED8D1B8F1100F64D0B8F1C9
:10286000020F7FF46EAF62268EF800603026444679
:102870008EF80160B9F1000F3FF46AAFD0E7B8F10C
:10288000100F7FF46CAF2024CDE90B57CDE909E49C
:10289000BDE8F04FFFF7C0BEBE060ED4202CF2D02C
:1028A00078260EF80460013472E73E077FF557AFD3
:1028B00020260EF80460013451E7202CE3D04FF0BD
:1028C000580C0EEB040686F800C0013460E7BE0623
:1028D00017D558248EF8004030248EF80140022489
:1028E000B9F1000F3FF434AF9AE762248EF800404C
:1028F00030248EF801400224B9F1000F3FF428AFD4
:102900008EE77824F2E7BBF1000F7FF462AF71E746
:1029100017F0200F0CBF4FF0780C4FF0580CA61E8C
:102920000EF806C0013C35E7BC06EAD558248EF8FF
:10293000004030248EF80140DDE717F0100F3FF41F
:102940000EAF17F4806F9AD1202E7FF418AF1F2698
:102950005BE734461F2658E700B9704701F0C8BA54
:1029600010B1D1E900311847704700BF00000000E6
:102970002DE9F04F9FB09DED287BDDE92AA558ECAD
:10298000177B83461E460D91109243463A463846C1
:1029900041468DED087B2C9CFFF7EEFD002840F0B2
:1029A000D880384641464FF0FF32754BFFF71EFE88
:1029B000002840F0CE80384641464FF0FF326FF499
:1029C0008013FFF7EBFD002840F0C380DDE90878B5
:1029D0000022384641460023FFF7E0FD002840F082
:1029E000C081CDE90A78DDE90A2390461F4614F438
:1029F000806308BF4FF0060A139304F4006258EA9C
:102A00000703119240F0C080002A00F0A2819FEDE0
:102A10005A7B00278DED0E7B4FF00009BA45CCBFE5
:102A2000AAEB070A4FF0000A4F46C8BF0AF1FF3A67
:102A300044F480644D4594BF4FF00008A5EB0908AD
:102A400014F00203119304D0B9F1000F18BF4FF036
:102A500000083FB1DDE90A01DDE90E23FFF7F6FCCE
:102A6000CDE90A01DDE9080100220023FFF796FD08
:102A700030B1DDE90A01024601F10043CDE90A2344
:102A80009DED0A7BCDE902A8DDF834A024F40063B3
:102A900004938DED007B334651465846109A00F062
:102AA00097F98046B9F1000F4FD014F0200F02467D
:102AB00000F1010433460CBF652045205146D8473C
:102AC00009F1FF3087EAE77C0DF1580900224B46F7
:102AD000DFF8B080ACEBE77C4FEAD77E01E0202A3C
:102AE00010D0E246A8FB0C71C90801EB8107ACEBE2
:102AF00047073037BAF1090F8C4602F1010203F89B
:102B0000017BECD805230590069300200A230D9F36
:102B1000CDE90330CDE9012E3346224639465846E9
:102B2000CDF80090FFF7C6FD119B80466BB1109B5E
:102B3000C41AA54209D942463346394620200134F9
:102B4000D847A54208F10108F5D840461FB0BDE8B6
:102B5000F08F9DED087B33465846109A0D998DED08
:102B6000287BCDE92B54CDF8A8A01FB0BDE8F04FCD
:102B700000F02EB9AFF3008000000000000000005C
:102B8000FFFFEF7FCDCCCCCCC7F30A50A0F2FF30D3
:102B9000FFF7AAFC8AA3D3E90023FFF731FC8AA33D
:102BA000D3E90023FFF704FCC7F31307CDE90E01B7
:102BB00047F07F51404600227B4B41F44011FFF724
:102BC0000BFC6BA3D3E90023FFF71AFC02460B466C
:102BD000DDE90E01FFF7ECFBFFF7AAFC0746FFF764
:102BE00083FC65A3D3E9002380468946FFF708FCF0
:102BF00000226E4BFFF7DCFBFFF79AFC03464946C9
:102C0000404612935EA3D3E90023FFF7F9FB804609
:102C100012988946FFF768FC5BA3D3E90023FFF70E
:102C2000EFFB02460B4640464946FFF7D5FB0246FE
:102C30000B4680468946FFF7E3FB42464B46CDE90B
:102C40000E0140464946FFF7B3FB0022CDE91401CF
:102C5000DDE90E01564BFFF7F9FB0022554BFFF75C
:102C6000A7FB02460B46DDE90E01FFF7EFFB002252
:102C7000514BFFF79DFB02460B46DDE90E01FFF7C6
:102C8000E5FB42464B468046894600204FF0804196
:102C9000FFF7A2FB02460B4640464946FFF788FB7A
:102CA00002460B46DDE91401FFF7D0FB0022434B3F
:102CB000FFF77EFB129B002203F2FF3C4FEA0C530E
:102CC000FFF79EFB80468946DDE90A0142464B46F6
:102CD000CDE90E89FFF762FC68BB4346494607F120
:102CE0006302C62A119A8CBF4FF005094FF0040900
:102CF000002A3FF49FAE0B433FF48EAEDDE90A019C
:102D000023A3D3E90023FFF75DFC48B1DDE90A0105
:102D100021A3D3E90023FFF741FC00287FF47CAE18
:102D2000BAF1000F3FF486AE139B002B3FF482AE46
:102D30000AF1FF3A7EE600221E4B40464946FFF765
:102D400085FB0A4601460346CDE90E12013F1146B6
:102D5000C5E79FED137B17464FF004098DED0E7B01
:102D600068E608F100430A970B933CE6AFF3008056
:102D700061436F63A787D23F71A379094F930A40DC
:102D80001655B5BBB16B0240EF39FAFE422EE63F55
:102D90002D431CEBE2361A3F0000000080842E41D8
:102DA00000000000000000000000F83F0000E03FCD
:102DB00000002C4000002440000018400000F03FBC
:102DC000FB799F501344D33FB3C8608B288AC63F1A
:102DD0002DE9F04F97B0DDE92089CDE90401DDE967
:102DE000224BCDE90623404642464B464946DDF894
:102DF00090A0FFF7C1FB002840F0C581404649463E
:102E00004FF0FF326FF48013FFF7C8FB002840F04B
:102E10001D81404649464FF0FF32C14BFFF7E6FBAC
:102E2000002840F0E380B8A3D3E900234046494698
:102E3000FFF7DCFB002840F0CB80B5A3D3E90023EB
:102E400040464946FFF7AAFB002840F0C1804046B3
:102E5000494600220023FFF7A1FB002840F0E08054
:102E60001AF480650D9000F0E980092C40F29681FB
:102E70000EAB1A460C9330210023A4F1090501334F
:102E8000202B02F8011BA4EB030600F03A81AB42B1
:102E9000F5D19FED9D7B8DED087B49464046FFF7C0
:102EA00047FB0446FFF720FB02460B4640464946D7
:102EB000FFF792FADDE90823FFF7A2FA02460B4674
:102EC000CDE90A23FFF746FB0746FFF71FFB024643
:102ED0000B46DDE90A01FFF77FFA02460B46CDE912
:102EE0000A2300228F4BFFF781FB002800F0DB80D4
:102EF00001373846FFF70AFBDDE90823FFF762FBDD
:102F000008B100270134002E40F0B1802046FFF7C1
:102F1000EBFA02460B4640464946FFF75DFA0022AF
:102F2000804B06460F46FFF739FB40B9304639461D
:102F300000227C4BFFF75AFB002800F015810C9B08
:102F4000691E7948194410E080FB0462C3EBA203B8
:102F500003EB8302A4EB420404F1300201351C466A
:102F600001F8012F002B00F0AB80202D4FEAE47315
:102F7000EAD10AF00303012B1CD1BBF1000F19D0D9
:102F80000D9B002B40F0F9801AF00C0F40F0F580FB
:102F9000AB4540F2D380202D0BD030220C996B1E14
:102FA0000B4401355D4503F8012F00F08D80202D85
:102FB000F7D12025DDE90623DDE904010C9CCDE9EC
:102FC00002BA01950094FFF727FB17B0BDE8F08F18
:102FD000CDE92089DDE90623DDE90401CDE923BA45
:102FE000229417B0BDE8F04FFFF7C2BC4F4DCDF8AB
:102FF0008CA00AF0040ABAF1000F4D4C18BF2C4601
:10300000DDE90623DDE9040120940CBF0324042438
:10301000CDF888B0219417B0BDE8F04FFFF7FCBAA7
:103020004B46424600200021FFF7D6F901231AF44F
:103030008065804689460D937FF417AF9FED367B00
:103040000EAB06268DED087B0C9326E70424DDE904
:103050000623DDE90401374DCDF88CA0CDF888B00A
:103060002095219417B0BDE8F04FFFF7D5BA0C9B1F
:10307000681EDFF8C4C018440DE0ACFB0721C90886
:1030800001EB8102A7EB42023032092F00F8012F39
:1030900027D90F461D46202D05F1010306F1FF3605
:1030A000EBD120254BE70022DDE90A011D4BFFF79C
:1030B00075FA00287FF427AF002F5AD1013722E795
:1030C0000AF00303012B75D0202D3FF473AF0D9B45
:1030D000BBB32D2205F158036B4403F8202C0135B6
:1030E00068E7202BDDD0AEB30C9A1E441544302285
:1030F00001E0B3422ED00133202B05F8012FF8D187
:10310000CFE71D46C5E600BF0000000065CDCD41FC
:103110000000000065CDCDC10000000080842E417C
:10312000FFFFEF7F0000E03F67666666DC7B011013
:10313000E47B0110EC7B0110CDCCCCCC202D3FF4F6
:1031400039AF1AF0040F0DD11AF0080F3FF432AF67
:103150002022BFE72E2103F158026A4402F8201C06
:103160005D1CECE62B22B5E7E3077FF5E8AE013402
:10317000E5E6FA077FF5C7AEA0E70BF1FF3BAB45ED
:103180003FF609AFA0E70324DDE90623DDE90401EA
:103190000A4DCDF88CA0CDF888B061E7084B2646E3
:1031A00003EBC40393ED007B0EAB8DED087B002594
:1031B0000C9372E6BBF1000F86D0E1E6E87B0110CC
:1031C00078A801102DE9F04F9A469BB0249C964DAB
:1031D0000B94964C0B1E18BF834625609AF800008E
:1031E000934C0A9308BFA3460992002800F0BC82C2
:1031F0004FF000090AE04A46099B0A9909F10109C2
:10320000D8479AF80000002800F0CE8025280AF15F
:10321000010AF0D10023524612F8010BA0F120015F
:1032200010290AD8DFE801F04009093C0909090919
:1032300009090938093409093000A0F130010929C8
:1032400040F28C802A2800F0F58000210C912E2875
:1032500000F099800027A0F1680112292DD8DFE83D
:1032600011F057012C0051012C0045012C002C00BD
:103270002C002C002C002C002C0027002C002C00F3
:103280002C002C002C002700924643F00103C2E7DB
:10329000924643F00203BEE7924643F00403BAE7C6
:1032A000924643F01003B6E7924643F00803B2E7B4
:1032B0009AF8010043F4807301326728924600F2C5
:1032C0008280242840F2C680A0F12502422A00F222
:1032D000C180DFE812F05F01BF00BF00BF00BF0088
:1032E000BF00BF00BF00BF00BF00BF00BF00BF00E6
:1032F000BF00BF00BF00BF00BF00BF00BF00BF00D6
:10330000BF00BF00BF00BF00BF00BF00BF00BF00C5
:10331000BF00BF00BF00260145012601BF00BF005E
:10332000BF00BF00BF00BF00BF00BF00BF00BF00A5
:10333000BF00BF00BF00BF00BF00BF00D301BF0080
:10334000BF00BF00BF00BF00BF00BF00BF00BF0085
:10335000D3016701D301260145012601002100E0C8
:10336000013201EB810100EB410110789246A0F19E
:103370003004092CA1F13001F2D92E280C9102F170
:1033800001027FF467AF9AF801001146A0F1300600
:10339000092E43F4806340F231812A2800F03E81F7
:1033A00092460027013256E74C46099B994501D3C6
:1033B00003F1FF394A460020099B0A99D847204665
:1033C0001BB0BDE8F08FA0F16902D2B20F2A41D83C
:1033D000012649F2410196400E4040F001810A2A3F
:1033E0003FD0072A36D10B9C54F8042B002A00F05A
:1033F000288143F021010DF1480E704603E0202E94
:1034000000F029811A4602F00F052B46092D94BFC2
:10341000303337330F2A00F8013B06F101064FEA3B
:103420001213ECD817E100BFC5310010F0420020A4
:10343000152600100B9C9AF8010054F8045B924684
:10344000002DBDBF694243F002030C910C950B9413
:103450000132FCE64A46099B0A9909F10109D8475D
:10346000CFE60B9951F8048B98F800201046002FF6
:1034700040F0E18072B16FF0010C0CF1010C464696
:10348000C44401E0664503D016F8014F002CF9D181
:10349000A6EB080613F4806C02D0BE4228BF3E465D
:1034A00013F0020400F08781002A00F02B81BCF1A8
:1034B000000F00F041810B940D964A46DDE9095456
:1034C0000E464F4408E02B462146D84718F8010F16
:1034D00009F1010910B14A464F45F4D131460B9C20
:1034E0000D9E002C40F00E810B918AE69AF80100A7
:1034F0006C287FF4DFAE9AF8020043F440730AF1BF
:103500000302DAE69AF8010043F400730132D4E6CC
:103510009AF80100682800F0208143F0800301320E
:10352000CBE6672800F0E780472800F000814528B7
:1035300000F0FF800B9C04930C9B0734CDE90273D1
:1035400024F007031C46DDE90931F4E802674A4626
:103550005846CDE900670B94FFF70AFA814650E61A
:1035600046280B9C08BF43F0200304930C9B0734B0
:10357000CDE9027324F007031C46DDE90931F4E8C4
:1035800002674A465846CDE900670B94FFF720FCD6
:10359000814636E64A462520099B0A9909F1010928
:1035A000D8472EE60B9A9C0702F1040709F10106A1
:1035B00040F1E6801078099B4A460A99D8470C9B4F
:1035C000012B40F22C81DDE90954994432462B4607
:1035D000214620200136D8474E45F7D10B9710E6FB
:1035E0006F2800F08B8040F26581782800F0088118
:1035F0004FF00A0823F01003C44647E0002707EB0A
:10360000870700EB4700A0F1300711F8010FA0F188
:103610003002092AF3D98A464A1C1CE60B9C9AF808
:10362000020054F8047B0AF1020A0AF101020B9429
:1036300027EAE7770FE6002A3FF42CAF07F1FF3CBB
:103640001BE723F0100113F4806241F021013FF4E5
:10365000D2AE0DF1480E08231020059300234A46F0
:10366000CDE9023006915846DDE90931CDE900E6A1
:103670000497FFF71FF80B948146C2E5582879D0CC
:10368000622840F051824FF00208C44613F4806073
:103690006DD123F00C0313F4007240F0C2800B993B
:1036A00004310D9113F4807140F02E825E060B9A66
:1036B00040F1AA801278002A40F0DA8023F010034B
:1036C000002800F0D58011460DF1480E06930C9BA2
:1036D000CDF80CC0CDE90473019100234A46029352
:1036E0005846DDE90931CDF800E0FEF7E3FF0D9B18
:1036F00081460B9385E543F400631BE74FF0080810
:10370000C446C3E70C9B4C46B3427FF6EDAE0F4672
:103710004B44A3EB0609DDE90965224633462946F9
:1037200020200134D8474C45F7D13946DCE643F434
:10373000006343F02003FDE60F460B94DDE90954D6
:103740004A462B462146D84718F8010F09F10109CE
:103750000028F5D139460B9CC3E69AF8020043F0E5
:10376000C0030AF10302A8E5044681461DE623F0E2
:103770000D0390E74FF0100843F02003C44685E79F
:103780000C9B012B45D9DDE909544E4609F1FF3860
:10379000984432462B46214620200136D8474645DC
:1037A000F7D10C9B324699440B9B1878DDE909311F
:1037B000D8470B9725E50C9BB34240F2EE81CDE94B
:1037C0000D48DDE9095488464B449E1BCDF82CC0BA
:1037D0004A462B462146202009F10109D847B14528
:1037E000F6D14146DDF838800C9BDDF82CC00D9CED
:1037F00098F800205E1C1046002A7FF458AE73E64D
:103800004FF01008C44641E71D064CBF12881268ED
:1038100051E713464A461878DDE90931D847B146E1
:10382000DCE60B9C073424F007042246656852F856
:10383000084B0B9254EA050240F02C8123F0100350
:10384000002800F0278100260DF1480E06930C9BFE
:103850004A46CDE904730023CDE900E6CDF80CC05B
:1038600002935846DDE90931FEF724FF8146C8E49A
:1038700013F0200F14BF412061200DF1480E764651
:10388000A0F10A0803E020293FF420AF2246B2FB52
:10389000FCF40CFB1425E8B2092D00F130058ABFB9
:1038A0004044E8B2C0B2624506F8010B01F10101E3
:1038B000E9D20BE723F0100269280D9240F06F81E6
:1038C00013F4806204D04FF4806223F011030D934F
:1038D0000D9B13F4007640D10B9B03F104080D9B64
:1038E00013F4807040F09880590640F1C6800B9B1D
:1038F00019780C46CB0F002900F0B98022460DF153
:10390000480E74461646DFF8A0C201E020280FD00A
:103910003546ACFB0621C90801EB8102A6EB420249
:103920003032092D0E4600F1010004F8012BEDD8CC
:103930000D9ACDE9010306920C9ACDE904720A238F
:103940004A4603935846DDE90931CDF800E0FEF719
:10395000B1FECDF82C80814653E40B9C073424F053
:10396000070421460846636850F8081BDC0F0B90DB
:1039700051EA030000F0C3800A46191E48DB1346D3
:103980000DF1480EF4460026CDE90E94DFF81882BA
:1039900001E0202E2DD05A1842F10002A8FB025956
:1039A00029F0030505EB9905521B1C469B1A61F192
:1039B000000508464FF0CC3101FB03F108FB05116F
:1039C000A3FB08531944052305F00109A9FB03399A
:1039D0009B180A2C03F130034FEA550570F10000E3
:1039E0000CF8013B06F1010645EAC1734FEA5101AB
:1039F000CFD2DDE90E940D9B4A4606930C9BCDE990
:103A00000164CDE904730A23CDF800E0039328E7AD
:103A1000524261EB4101B2E70B9B1968CB0F0029C1
:103A200000F0AB8081EAE172A2EBE1720DF1480E89
:103A30007046DFF874C101E0202E10D01546ACFBB3
:103A40000241C90801EB8104A2EB440404F13002F5
:103A5000092D00F8012B06F101060A46ECD80D9A53
:103A6000CDE9016306920C9ACDE9047267E7002A5A
:103A70003FF445AF0DF1480E5AE713F0800F0B9B52
:103A800000F08180B3F9001081EAE174A4EBE174E5
:103A9000A4B22FE713F0200F14BF412261220DF1D1
:103AA000480E0A3ACDE90D97CDF844B00026774686
:103AB000F3469146CDE90F3C03E0202E17D0044693
:103AC0000D46294642460023204613F085FED2B219
:103AD000092A02F1300388BF02EB09034445DBB237
:103AE00075F1000507F8013B06F10106E5D2DE4657
:103AF000DDE90D97DDE90F3CDDF844B0A6E6002ACC
:103B000047D1134611463BE70B990968A1B923F049
:103B1000100388B10DF1480E06930C9BCDF80CC034
:103B2000CDE904730192D8E513F480627FF4CBAE43
:103B300023F010030D93CBE613F0200F14BF4120A8
:103B400061200DF1480E7646A0F10A0802E0202A15
:103B5000E2D02146B1FBFCF40CFB1415E8B2092DB0
:103B600000F130058ABF4044E8B2C0B2614506F8B2
:103B7000010B02F10102EAD2CEE7002A3FF456AF70
:103B80000DF1480E6BE7196881EAE174A4EBE1746A
:103B9000B0E600260DF1480E2DE701362BE64FF07A
:103BA0000A081346C44671E5CDCCCCCC84460CB48F
:103BB00010B584B006AC54F8043B0A460094614644
:103BC00004480394FFF7FEFA04B0BDE8104002B0C9
:103BD000704700BF0D26001070B594461E4605467E
:103BE0000C4684B04FF0FF32634602A900960348AA
:103BF000CDE90254FFF7E6FA04B070BD6129001068
:103C000010B5094B84B01C684CB1034600914FF0CD
:103C1000FF3203A90548A047012004B010BD00F001
:103C2000A9F9204604B010BDF04200205929001027
:103C300000BEFDE790B110B50446FDF7F5FE084A59
:103C4000D2E90032C01A61EB02010023054A13F0E9
:103C5000CBFDC4E90001A260002010BD0020704728
:103C6000E026002040420F0008B5FFF7E1FF00BF4B
:103C700038B5064C064DFEF76BFAAC4204D254F848
:103C8000043B9847AC42FAD338BD00BF68780110B6
:103C9000747801100368084611461847437D2DE9E2
:103CA000F04781460F461646002B43D0002A3BDDE5
:103CB000037D00204D1E014615F8012FDFF884809A
:103CC0000A2A01F101040ED0A6421CD02B7821460D
:103CD000A3F10D03B3FA83F315F8012F5B090A2A48
:103CE00001F10104F0D1002BEED18142A1EB0001E2
:103CF00038441BDC02214046D9F800309847A642E0
:103D000008D02046E2E7864204DD311AD9F80030B7
:103D100038449847374417F8013CA3F10D03B3FA30
:103D200083F35B0989F81430BDE8F087D9F80030D7
:103D30009847DFE73846D9F800301146BDE8F0472C
:103D4000184700BFC8A801100B682DE9F041802B6F
:103D50000D46064605D05A1C2B442A601E71BDE84C
:103D6000F0810F4B1C68A4B10E4F01F1040801E073
:103D7000246974B12368002BFAD03B680BB1A342CD
:103D8000F6D1204641462A68FFF788FF2469002CB7
:103D9000F0D1002301222B442A601E71BDE8F0817E
:103DA000B83E0020C03E00202DE9F04782B00D460D
:103DB000924699460746FDF737FE4FF0FF366FF003
:103DC00000442F4A821841F10003964274EB03012C
:103DD0003CBF324623462B4813F00EFD6B1C804639
:103DE00003D1384613F06CFC0546274B274E1C6860
:103DF000274BB9F1000F18BF1E46B4B1BAF1000F3E
:103E00001AD1DFF8909001E0246974B12368002B87
:103E1000FAD0D9F800300BB19C42F5D120462A46A1
:103E20003946B0472469002CF0D1B8F1000F1FD1FA
:103E3000284602B0BDE8F0874FF00A0ADFF8549038
:103E400002E02469002CF0D02368002BF9D0D9F8C7
:103E500000300BB1A342F4D12A4639462046B04780
:103E6000012220460DF107018DF807A0B047E8E7D1
:103E7000044813F0B5FC284602B0BDE8F08700BF47
:103E800040420F0068240020B83E0020953C0010FE
:103E90009D3C0010C03E00200A4A13684BB183428B
:103EA00002D109E0984207D003F110021B69002BF0
:103EB000F8D101B1106070470029FCD1036913608B
:103EC00001617047B83E0020074B10B51C682CB14B
:103ED000636823B198472469002CF9D110BD246987
:103EE000002CF5D110BD00BFB83E002000F0E0BAB4
:103EF000F0B583B006468DF80700FDF795FD4FF04D
:103F0000FF356FF00044174A821841F100039542D3
:103F100074EB03013CBF23462A46134813F06CFCA4
:103F2000124B07461C689CB1114D01E024697CB11D
:103F30002368002BFAD02B680BB19C42F6D12046A7
:103F400001220DF10701FFF7A9FE2469002CEFD132
:103F500017B9304603B0F0BD034813F041FC3046BA
:103F600003B0F0BD40420F0068240020B83E00209E
:103F7000C03E002038B5044613F0A2FB01230546DD
:103F80001A4620462946FFF70FFF084B1C682CB144
:103F900063682BB198472469002CF9D1284638BDB5
:103FA0002469002CF4D1284638BD00BFB83E00205B
:103FB0002DE9F041A2B004460D46FDF735FD4FF066
:103FC000FF376FF00046274A821841F100039742FD
:103FD00076EB03013CBF3A463346234813F00CFC12
:103FE00000262B4607462246204801A90196FFF7E6
:103FF000F3FD019B06467BB91D4B1C682CB1636821
:1040000043B198472469002CF9D10FBB304622B048
:10401000BDE8F0812469F1E7DFF85480D8F800505A
:10402000EDB1144C01E02D6975B12B68002BFAD06D
:1040300023680BB1AB42F6D12846019A02A9FFF7DB
:104040002DFE2D69002DF0D1D8F800400195D5E75F
:10405000054813F0C5FB304622B0BDE8F08101955C
:10406000D3E700BF40420F0068240020493D001004
:10407000B83E0020C03E00200FB400B583B004A9B4
:1040800051F8040B0191FFF793FF03B05DF804EBC7
:1040900004B07047704700BF0022014B1A70704790
:1040A000F7C600204B79FF2B0BD1887948B9CB7923
:1040B000012B07D1082A05D9034B8A7809201A70E9
:1040C00070470020704700BFF7C6002001207047EE
:1040D000012901D00120704708B5104B91881B7849
:1040E000994201D0002008BD5378012B08D0022B43
:1040F000F8D1002164220846FDF726FF012008BD03
:104100005188CB054BBF4A0A4A0A10464FF0FF3090
:1041100002F0010201F07F01FDF794FFF7C60020D5
:104120000048704794A90110012907D15378012B49
:1041300002D19388072B03D00020704701207047DD
:104140001146A623014A01F049BA00BFECA80110AC
:104150000346012201481A70704700BFCCA8011025
:1041600008B50B68B3F5966F00D008BD00224FF07C
:10417000FF301146FDF766FF024A034B10601960DD
:10418000704700BFF42F0020F82F0020184B70B5A7
:104190001A68002A28D0EFF3108172B6D2E8CF4F08
:1041A0000120002CFAD1C2E8440F002CF6D1BFF355
:1041B0005F8F00220F4C186859602270C0E88F2F63
:1041C00081F31088002400250B4E3078FCF7F2FCB8
:1041D00020B9002400252046294670BD3078FCF720
:1041E000F9FC2046294670BD4FF47A740025EBE7B0
:1041F0008C870020FAC60020F8C60020014B1878F2
:10420000FCF7E8BCF8C6002038B5044600200D468F
:1042100001F010FBA8B3002001F022FB88B3FDF7EA
:1042200003FC4FF0FF3E6FF0004C174A821841F13B
:10423000000396457CEB03013CBF7246634613487E
:1042400013F0DAFAE8B1002001F0F4FA58B90021CD
:104250004FF0FF3000F01AFD6FF002040B4813F02E
:10426000BFFA204638BD002001F0FAFA0028EED04F
:1042700021462A46002001F0FFFA04460028EDD12D
:10428000EAE76FF00204ECE740420F0074C600203A
:1042900008B5FDF7C9FB4FF0FF3E6FF0004C0F4A29
:1042A000821841F1000396457CEB03013CBF724646
:1042B00063460B4813F0A0FA70B14FF0FF300021B5
:1042C00000F0E4FC002001F01DFB0028F5D1BDE862
:1042D0000840034813F084BA08BD00BF40420F00F5
:1042E00074C600202DE9F84307460E46FDF79CFBF7
:1042F0004FF0FF356FF00044334A821841F100035C
:10430000954274EB03013CBF2A4623462F4813F025
:1043100073FA08B9BDE8F883002001F08BFA002891
:1043200048D0002E41DD0025DFF8A480DFF8A490FE
:1043300013E02246002001F02BFB002104464FF041
:10434000FF3000F0A3FC002001F0DCFAFDF76CFB6D
:10435000C8E900012544AE4227DD002001F03AFB08
:10436000741B8442A8BF04467919002CE1D1214670
:104370004FF0FF3000F08AFC204601F0C3FA2046DF
:1043800001F058FA88B1204601F024FB0028E2D160
:10439000FDF74AFBD8F80030D8F8042013EB0903E6
:1043A00042F1000283428A41D5D20848BDE8F84371
:1043B00013F016BA00200021054BC3E90001BDE847
:1043C000F843024813F00CBA40420F0074C60020B4
:1043D000E826002020A1070030B5002185B02E4836
:1043E00013F00EFAF0B92D4B1A68CAB1EFF3108131
:1043F00072B6D2E8CF5F0124002DFAD1C2E8454F52
:10440000002DF6D1BFF35F8F254C1D6822785960CF
:10441000D3B201222270C5E88F0F81F31088CBB18F
:1044200005B030BD00214FF0FF3000F02FFC002020
:1044300001F016FA0446184813F0D2F9002CEFD018
:10444000184B1B68002BEBD0174A106805B0BDE86D
:1044500030401847FDF7E4F80446FDF7E5FA4FF061
:10446000FF3C6FF0004510F57A7241F1000394456E
:1044700075EB030138BF2B464FF000014FF00105EB
:1044800020460A4C38BF6246CDE901150094FDF77D
:10449000CBF805B030BD00BF74C600208C8700206B
:1044A000FAC60020F42F0020F82F00208D410010C4
:1044B0004FF0504330B585B01C68FDF7B1F8FDF7FB
:1044C000C5F9A04202D0002005B030BD00212A4B22
:1044D00008461B7801F04EFD28480368002B47D0A2
:1044E0000120FCF713FE0346254C2649C0B2237079
:1044F000FCF78CFB20780121FCF746FB0E20FCF733
:1045000075FB40BB204B0125C3E90000FDF788F88F
:104510000446FDF789FA4FF0FF3E6FF0004C10F5AE
:104520007A7241F1000396457CEB03014FF00001E4
:104530002046164C3CBF72466346CDE901150094F7
:10454000FDF772F80028BEDB01211148FFF7A4FC3B
:10455000012005B030BD0120FCF7D2FA01460A481F
:10456000FCF740FE00220E200A49FCF77FFBEBE738
:10457000FCF71CFEB4E700BF6023051074C60020E2
:10458000F8C60020D94300108C8700208D41001010
:10459000A4220020FD4100100048704730AA0110FD
:1045A00000487047DCA9011038B5184B04461A784A
:1045B0000AB344B940F209424FF44173144D6A8082
:1045C00013482B8038BD052C1AD8124B104D53F8C8
:1045D000241028460023013903E0132B20F8022F72
:1045E00010D011F8012F0133DBB2002AF5D15B00A6
:1045F00043F44073E4E71121184600F02DF8D8E7A2
:10460000002038BD4FF44A73DAE700BFC0C600206F
:10461000D0390020C4A9011000B545F247308BB055
:10462000FDF704FD01220346092101A89847DDE9B1
:104630000332044912BA1BBAC1E900230BB05DF87A
:1046400004FB00BF64C600200346024A03CA186088
:104650005960704764C60020012901F1FF3300F062
:10466000B3805D490A784FEA121C9F2A8CBF0CF177
:10467000370C0CF1300C012B80F800C000F0A78043
:1046800002F00F02092A8CBF37323032022B4270FF
:1046900000F09D804A784FEA121C9F2A8CBF0CF1D3
:1046A000370C0CF1300C032B80F802C000F08F8027
:1046B00002F00F02092A8CBF37323032042BC2704D
:1046C00000F085808A784FEA121C9F2A8CBF0CF17B
:1046D000370C0CF1300C052B80F804C077D002F0B9
:1046E0000F02092A8CBF37323032062B42716ED04E
:1046F000CA784FEA121C9F2A8CBF0CF1370C0CF1C0
:10470000300C072B80F806C061D002F00F02092A96
:104710008CBF37323032082BC27158D00A794FEA39
:10472000121C9F2A8CBF0CF1370C0CF1300C092B9A
:1047300080F808C04BD002F00F02092A8CBF373234
:1047400030320A2B427242D04A794FEA121C9F2A19
:104750008CBF0CF1370C0CF1300C0B2B80F80AC01D
:1047600035D002F00F02092A8CBF373230320C2BC1
:10477000C2722CD08A794FEA121C9F2A8CBF0CF18E
:10478000370C0CF1300C0D2B80F80CC01FD002F050
:104790000F02092A8CBF373230320E2B427316D0EB
:1047A000CA7911099F2A8CBF373130310F2B8173A1
:1047B0000DD002F00F02092A94BF30323732102B8D
:1047C000C27318BF103002D0002303707047184422
:1047D00000230370704700BF64C6002070B500F06E
:1047E00033F90C2340261B4CFF22A3670E201A49E5
:1047F000FCF73CFA194B32460021184612F08EFDA8
:104800000346002101258020154A58849A60843A85
:104810005D701E831E875960C2F88410C2F8801034
:1048200002F58072DA60DA62803A83F8211083F848
:104830003B1059629A624FF0005612F0C9FF4FF4D4
:1048400080320849084B25642846E664C4F8901075
:10485000DA6470BD0000115079040020C43E0020CD
:104860008400105010D001000020115001210E20B2
:10487000FCF78AB900220248114600F005B900BFD2
:10488000E43E0020044B197021B14FF40032034B79
:10489000C3F89020704700BFEFC6002000201150E1
:1048A0000B785B0602D14B78052B00D070474B8804
:1048B000014ADBB21360704700001150CB782DE93C
:1048C000F04103F0030EBEF1010FC3F301005DD010
:1048D000002791F802C0354C0CF07F035E008988F8
:1048E00006EBDC1204EB42124FEADC15D076C1F382
:1048F0000A0185F00100507082F802C01183D77060
:1049000018B2DA008DBB2A48043204EB831C02EB98
:104910000008CCF8088017508BB3264ADB001A44F5
:10492000CCF80420244B3F311A6821F03F01BEF13E
:10493000020F08BF490011441960204B771904EB9E
:1049400047179942FA602CD82E4404EB4613D97EBF
:1049500082F0A04282F480125B6842EA816242F0F7
:1049600000421A600120BDE8F081DFF844C004EB8A
:1049700083186244C8F828204CF830704BB90022E4
:104980000F4904EB4513D9605A60EBE70020BDE8FE
:10499000F081DB0003F1A04303F58013C8F8243055
:1049A000C0E7FDF7CFFBFA68CEE700BFC43E0020AA
:1049B000800010500400105084870020FF0F10501A
:1049C0000001105012F004BF8C4608B5114607488C
:1049D0001A460CF07F034FEADC1C0CEB430C00EB97
:1049E0004C1000F051F8012008BD00BFC43E00206B
:1049F000CB0911F07F0103D1064AC3F10200906692
:104A0000054803EB41034FF40062002100EB431023
:104A100012F0EEBE00201150C43E002011F07F03C2
:104A200000D17047002210B4C809064C00EB4300C7
:104A300004EB40136FF4006118465DF8044BDA7024
:104A400012F0D6BEC43E00204FF0805209480A49F9
:104A500008B50A4B02600A609968C94311F0805199
:104A6000FAD14FF48052064812F058FC0922054B47
:104A70005A6708BD0020024000300240000002409A
:104A8000000010500000115000234FF0010C10B531
:104A900080F81AC08282C3820161044612F0C0FE0F
:104AA00020B14FF40032074BC3F89020204612F09B
:104AB000AFFE10B10123237710BD2046BDE81040A2
:104AC00012F082BE002011502DE9F04100241D4E4D
:104AD000054623463278DFF878801B4F0DE03B68AF
:104AE00013EB441325D0DB6828469847327801340D
:104AF000E4B2511CA142234606DBA242A3EB02030F
:104B0000EDD808EB4313EEE7104C54220021204669
:104B100012F004FC4FF0FF33251D6360C5E901333B
:104B2000EB6004F114002022BDE8F041FF2112F0F7
:104B3000F5BB4FF0E023D3F8F03DDB0700D500BE16
:104B4000BDE8F081EDC60020EC290020F42A002009
:104B500044AA0110704700BF704700BF0020704793
:104B600000207047704700BF704700BF704700BF0C
:104B7000704700BF024B5878003818BF01207047BB
:104B8000F42A0020024B1878C0F38000704700BF61
:104B9000F42A00202DE9F047DFF8E8A09AF8003069
:104BA000FF2B02D00120BDE8F0870E4600293ED041
:104BB000002154220746294812F0B0FB0022284C5D
:104BC000284B20461A70FCF7F1FA274B27481C6047
:104BD000274CFCF7F9FA204601F0B0FD254A264B98
:104BE000264D146063B32846FFF7B2FA244B2A78A7
:104BF00018600024DFF890902346DFF884800EE0F0
:104C0000D8F8003013EB441311D05B687BB19847A0
:104C10002A780134E4B2511CA142234612DBA2429D
:104C2000EED89B1A09EB43135B68002BEFD14FF0D2
:104C3000E023D3F8F03DDB0700D500BE0020B2E74B
:104C40002A78D6E7314638468AF80070FFF7C6FD65
:104C50000028ECD03846FFF709FEA3E7F42A00202D
:104C6000EC2A0020F0C60020482B0020D022002093
:104C7000BC2200204C2B002051410010EDC600202A
:104C8000EC290020D822002044AA01102DE9F04F81
:104C9000DFF8C8928BB099F80030FF2B00F0F1805C
:104CA000A84CA94DDFF8B0A2DFF8B4B2266873694A
:104CB000EFF3108272B6D3E8CF0F01210028FAD1AA
:104CC000C3E8401F0028F6D1BFF35F8FB2613046C2
:104CD00007A901F081FB00237269C2E88F3FB36925
:104CE00083F31088002800F0CC809DF81D30013B34
:104CF000072B00F27D83DFE803F0A7B1959D8E3589
:104D00000A04089B002BD1D009989847CEE79DF85C
:104D1000201001F07F0605EB460000EBD11090F863
:104D2000343023F0010380F8343090F8343023F02D
:104D3000040380F83430002E00F0A680037D9AF83A
:104D40000020934280F09380804A126812EB431354
:104D500000F090809E699DF82120099B9DF81C0021
:104D6000B047A3E79BF80030002B00F083809BF84E
:104D70000030013BDBB28BF800309BF8003003F0D1
:104D8000FF00002B92D1704F9DF81C803B7843F0C0
:104D900001033B7097F8343060F3000387F8343038
:104DA00097F8343060F3820387F8343097F8353061
:104DB00060F3000387F8353097F8353060F38203ED
:104DC00087F8353000F06AFC9DF8203003F060026F
:104DD000602A6CD0402A7CD003F01F03012B00F026
:104DE000C180022B00F08180002B60D1202A00F0CE
:104DF000E981002A5BD19DF82130092B57D8DFE8E3
:104E000013F0B001A2015600C101560095016B01DB
:104E100056006001F4002B78D9077FF547AFFFF704
:104E2000A7FE43E7EB78DA077FF540AF0898FFF776
:104E300093FE3BE72B78D8077FF538AF2878C0F38F
:104E4000C000FFF793FE31E79DF81C00FFF73CFE22
:104E500000F01AFC9DF82030AB7027E79DF81C008D
:104E6000FFF732FE00F010FCFFF77EFE1EE7501C3D
:104E7000984211DA4FF0E023D3F8F03DDC0700D57B
:104E800000BE0BB0BDE8F08F099B9DF821209DF876
:104E90001C0000F017FC09E79B1A2D4A02EB431394
:104EA00058E7FFF77DFB0246002840F082814FF073
:104EB000E023D3F8F03DDE0700D500BE9DF81C00CE
:104EC0000021FFF795FD80219DF81C00FFF790FD64
:104ED000ECE6204800F0E2FB0121404608AAFFF77B
:104EE00023F900287FF4E2AEE8E79DF8241011F0E2
:104EF000700FDCD101F07F0607EB4600164B00EB8C
:104F0000D1101B78007D7600019698424FEAD116A9
:104F1000009659D35E1C8642C0F26681C01A0C4BC3
:104F200003EB4016002A00F06381706900F0B6FBC5
:104F300001214046736908AA984700287FF4B6AE5D
:104F4000BCE700BF4C2B0020F42A0020EC290020F5
:104F500044AA011029410010EDC60020D8220020EB
:104F6000F0C600209DF824300F2BA7D8AE4A3B4452
:104F70001B791278934232D3511C99429EDBAB4E7F
:104F80009B1A06EB4316706900F088FB012140462E
:104F9000736908AA984700287FF488AE9DF82030EE
:104FA00013F060068AD19DF821300A3B012B85D889
:104FB00000F074FB9DF821300A2B00F0F28140468E
:104FC00008A900F0F1FA71E6994B1B6803EB401653
:104FD000002A00F00D81002E3FF470AFA5E7944A3F
:104FE000166816EB4316CED168E77B789DF82260F1
:104FF0009E4200F04F817B78002B40F0BE817E7096
:10500000002E00F04581701EC0B2FFF7C9FA0346BA
:10501000002800F05F814278022A40F05B81C1796C
:1050200003F10906C1F340121201C1F3801142EAF3
:1050300041123146387820F0300002433A705A88E5
:10504000CDF80C809A180192019B8B4240F2A4810A
:105050004A780B2A00F0AF810123042A40F03A81FC
:105060000026019A0096521A92B202926E4A049356
:1050700012781DE06E4B1B6813EB461800F02A8176
:10508000029AD8F8103003980591984708280246EC
:10509000059906F1010303D90298904280F0FF8040
:1050A000DEB2614B00961A78531C9E4200F31281C7
:1050B000009BB242A3EB0202DCD85C4B03EB42182C
:1050C000DEE77B7840468DF81A300DF11A02012395
:1050D00008A900F083FAE9E5BDF82200030A013BC4
:1050E000020AC0B20E2B3FF6E9AE01A151F823F03F
:1050F00005530010A151001041530010BD4E001087
:10510000BD4E001023530010A1510010BD4E0010E1
:10511000BD4E0010BD4E0010BD4E0010BD4E001023
:10512000BD4E0010BD4E0010F752001008A800F050
:10513000BBFA40469DF82210FFF79CFB3B7843F0FA
:1051400002033B70B2E5BDF82230012B7FF4B6AE0E
:105150003B78404623F0080308A93B7000F024FA8E
:10516000A4E540463B789A0802F00202C3F34013DC
:105170001343ADF81A300DF11A02022308A900F00A
:105180002DFA93E5BDF82230012B7FF497AE3B78E2
:10519000404643F0080308A93B7000F005FA85E596
:1051A000022A3FF47EAEFFF7DBFC024600283FF404
:1051B00085AE4046538808A900F010FA00287FF415
:1051C00075AD7BE69DF824300F2B3FF677AE164A7F
:1051D0003B441B79127893421DD2154A166816EB90
:1051E00043167FF4A2AE69E6002A7FF467AE00267C
:1051F0009DF8212002F0FD03012B1BD0002A7FF433
:1052000056AE019B009A3B44134493F83430404619
:10521000C3F34003ADE7511C9942FFF64FAE034E76
:105220009B1A06EB431680E6EDC6002044AA011047
:10523000EC290020BDF82230B3B9012A99F800000A
:1052400000F08680FFF7D4FB019B009A3B44134497
:1052500093F8342042F0020283F8342093F834208B
:1052600042F0010283F83420002E3FF41FAD706934
:1052700000F014FA7369012108AA404698470020FB
:1052800000F00CFA97F83530DF073FF50FAD96E6E2
:10529000FFF76AFC404608A900F086F906E5049B82
:1052A000012B00F09E80002B00F08A80002091F8F6
:1052B000028005E08CF804605FFA80FC63457FD9CA
:1052C00008EB000C57FA8CFC9CF804E00130BEF1AE
:1052D000FF0FEFD04FF0E023D3F8F03DDA0700D511
:1052E00000BE4FF0E023D3F8F03DDB0700D500BE51
:1052F00000237B70E2E5FEF713FF024600287FF4EF
:1053000058AFDBE5FFF748F9024600283FF4CFAD80
:105310004046122308A900F061F900287FF4C6ACCA
:10532000CCE5FFF71BFC024600283FF4C7AD404622
:10533000137808A900F052F900287FF4B7ACBDE556
:10534000BDF82410FFF730F902460028EFD1B5E58B
:105350000293FFF763FB019A009B3A441A4492F8C8
:105360003410029B63F3410182F8341092F8341038
:1053700063F3000182F8341076E700214046FFF71E
:1053800081FA4046FFF71EFBBB7840460093FFF7CB
:105390009BFB009BBB7032E6DDF80C80FFF7E2FB65
:1053A00078E74046012308A90DF11A028DF81A602A
:1053B00000F014F97AE40A78CB7811444A784CE684
:1053C000334610480492029100F07CFE0E4B049A82
:1053D00002991B781144009A01339342BFF634AE10
:1053E00078E7D8F810C00948844508BF02235DE774
:1053F0004FF0E023D3F8F03DDB077FF557AC00BE5C
:1054000054E400BF082B0020EDC60020D55A001040
:105410002DE9F84FDDF82880002A3FD00C461E46C3
:1054200015464FF0000B1F4FDFF87C9017E0204629
:1054300099F8021000F014FEF8B121465046FFF72B
:105440003DFA08B3A3780BF1010BDA0916BF0B9AEA
:1054500088F8003013702378AB451C441ED0637865
:10546000052B11D1E17801F00301B1420CD1A378F1
:1054700097F800A013F0700FD9D04FF0E023D3F8C5
:10548000F03DDA0700D500BE4FF0E023D3F8F03D41
:10549000DB0700D500BE0020BDE8F88F0120BDE885
:1054A000F88F00BFD8220020F42A002038B50E4B18
:1054B0001D788B7813F0700F08D04FF0E023D3F8ED
:1054C000F03DDB0700D500BE002038BD074B0C4681
:1054D0000846997800F0C4FD0028EED02146284601
:1054E000BDE83840FFF7EAB9D8220020F42A0020AE
:1054F0000B46064A06481168DA09343203F07F0386
:1055000002EB4303184400F065BD00BF482B0020A8
:10551000F42A00200B46064A06481168DA0934329C
:1055200003F07F0302EB4303184400F07DBD00BF8E
:10553000482B0020F42A002010B5194C01F07F0EF2
:1055400004EB4E0404EBD11494F834C015481CF05D
:10555000010F04F13004007808D04FF0E023D3F8B5
:10556000F03DDA0700D500BE002010BD94F804C05D
:105570004CF0010C84F804C0FFF726FA0028F4D19F
:105580004FF0E021227960F300022271227960F36A
:1055900082022271D1F8F03DDB07E5D5E3E700BFD9
:1055A000F42A0020D822002030B50B4C8C46A646A9
:1055B0000546086849680023AEE803009CF800101F
:1055C0002846C943C4E90233BDE830401A4601F019
:1055D0008001FFF7B1BF00BFB42A00202DE9F041E0
:1055E000274F4FF00008BE468C46064608684968BB
:1055F000BA60AEE80300A7F80E801546BCF8062096
:10560000934228BF1346BB819AB11C462BB3DDB130
:1056100097F90030402C28BF4024002B28DB41465E
:1056200023463046174AFFF787FF68B10120BDE8DF
:10563000F0819CF800101346C943304601F0800108
:10564000FFF77AFF0028F1D14FF0E023D3F8F03DC7
:10565000DB0700D500BE0020E9E71A46397801F0E3
:10566000800123463046FFF767FF0028DED1EBE7D5
:1056700022462946034811F0A7FF8021014AF0E79E
:10568000B42A0020742A00200022034BC3E9002220
:10569000C3E902221A617047B42A0020014B186145
:1056A000704700BFB42A002030B40246044C0025E5
:1056B000234600685168C4E9025530BC03C37047F3
:1056C000B42A002070B53C4CC90922780646B1EBDB
:1056D000D21F1D4682B017D053B14FF0E023D3F84C
:1056E000F03DDB0702D4002002B070BD00BEFAE737
:1056F0002146FFF7D5F823691BB122460321304626
:105700009847012002B070BD94F90030A068002BCA
:1057100005DB0028E7D02A46284911F055FFE0892B
:10572000A168E388284480B229448342E081A160D3
:1057300016D03F2D14D9A28994F90040131A9BB2B8
:10574000402B28BF4023002C26DB90424FF0000165
:1057500030D01A4A3046FFF7EFFE0028D1D1BCE71F
:10576000236923B102213046134A984758B1217862
:105770000023C94330461A4601F08001FFF7DCFEE2
:105780000028BED1A9E701463046FFF731F9802154
:105790003046FFF72DF9B4E7904208D01A46074883
:1057A000019311F011FF8021044A019BD2E780216F
:1057B0000022CFE70A46CDE7B42A0020742A002051
:1057C0002DE9F0410446FFF7D5F908B9BDE8F081AD
:1057D000FFF7D8F907460028F8D1C822134B02FB7F
:1057E0000436F1780029F1D006F11005284600F0C2
:1057F000E1FD3F28EAD93846F178FFF779FE002825
:10580000E4D0284600F0D6FD3F2809D9084A38469A
:10581000F17802EBC4124023BDE8F041FFF78CBEE3
:105820003846F178BDE8F041FFF774BE70240020DF
:10583000F029002010B50446FFF79CF908B90020B4
:1058400010BDFFF79FF90028F9D1C822034B02FBD6
:105850000433187900F0010010BD00BF702400204F
:10586000C82108B5102301FB0030024A104400F0A3
:1058700087FD08BD702400202DE9F8434FF6FF7323
:105880004FF0C80810249A4228BF1A4618FB00445B
:105890001A4F06463C44204692B200F0E7FD05460A
:1058A000FFF768F910B92846BDE8F883FFF76AF9F1
:1058B00081460028F7D108FB0677FB78002BF2D051
:1058C000204600F077FD3F28EDD94846F978FFF7EC
:1058D0000FFE0028E7D0204600F06CFD3F2808D9D5
:1058E000074A48464023F97802EBC612FFF724FE28
:1058F000D9E74846F978FFF70DFED4E77024002079
:10590000F02900202DE9F0410546FFF733F910B9E1
:105910000020BDE8F081FFF735F906460028F7D1F1
:105920004FF0C808242418FB0544174F3C44204678
:1059300000F026FD0028EBD008FB05773046B9784B
:10594000FFF7D6FD0028E3D04022104B204602EBA3
:10595000C5141C44214600F089FD054680B103466C
:1059600022463046B978FFF7E7FD38B94FF0E0231B
:10597000D3F8F03DDB07CBD500BEC9E72846C8E722
:10598000B978FFF7C7FDC3E770240020F029002095
:1059900038B54FF6FF734FF0240CC8249A4228BF45
:1059A0001A4614FB00C40A4B92B21C44054620461A
:1059B00000F018FE034620461C4600F0E1FC3F289C
:1059C00001D8204638BD2846FFF79CFF204638BD49
:1059D00070240020C82108B5242301FB0030024AAE
:1059E000104400F0E7FC08BD70240020F0B5194C0D
:1059F00083B0C8220021204611F090FC0025FF232F
:105A00004FF4E1310822144804F1B80705700095FD
:105A100004F110006371A160A27304F13801012345
:105A2000402200F07DFC0123402204F17801009324
:105A300004F1240000F074FC04F1C0063846FBF7C2
:105A4000B5FB3046FBF7B2FBC4E90757C4E90C6568
:105A500003B0F0BD70240020702A0020094B196BA0
:105A600049B11A6A12B10022C3E907220022C3E930
:105A70000C22012070471A6A002AFAD00120C3E9DB
:105A80000711704770240020002210B50E4C0F48FB
:105A9000237802600271DA0707D59B070BD5BDE8B2
:105AA000104001210A4800F065BE103000F046FEAB
:105AB00023789B07F3D4064800F040FEBDE8104071
:105AC0000121034800F056BE702A002070240020F7
:105AD00094240020F0B54B7983B0022B03D000252D
:105AE000284603B0F0BD8B79022BF8D1264FBB7846
:105AF0003BB14FF0E023D3F8F03DDB07EFD500BE1C
:105B0000EDE78B7806463B700B780925CC18617859
:105B100024290BD1082A02D80FE0AA420DD32378FA
:105B20001C4461782B4424299DB2F6D005290AD063
:105B3000042902D163790A2B13D00020FFF740FE1D
:105B4000284603B0F0BD21463046FFF7AFFC0028E1
:105B5000CFD0A3787B7023781C442B4461789DB20E
:105B6000E6E70A4B2778019301330093022330467E
:105B70001A46E119FFF74CFC0028BAD00E3517FA87
:105B800085F5ADB2D9E700BF702400207224002053
:105B9000137803F06003202B08D170B5264C93884E
:105BA00094F800C09C4503D0002070BD00207047D1
:105BB0005378203B032BF7D8DFE803F027230D02AF
:105BC00001292ED003291ED11C4BE3B1002051889E
:105BD000AFF3008017E0012923D0032913D15588A2
:105BE000174805F0010686F00101257100F0C2FD9D
:105BF000144B43B131460020C5F34002AFF300809F
:105C000001E0012911D0012070BD01290DD0032927
:105C1000F9D10D4B002BF6D000200C49FEF7A0FA6D
:105C2000F1E71146FFF7C0FCEDE711460723074AED
:105C3000FFF7D4FCE7E700BF70240020000000005D
:105C4000942400200000000061410010782400200E
:105C50002DE9F047364F0C46FA7806468A421D4633
:105C600097F802C03CD08C4513D04FF0E023D3F816
:105C7000F03DDB0700D500BE0020BDE8F0872D4BCE
:105C800023B12D4800F08CFB00284ED00020FFF7F8
:105C900097FDBB78A34202D00120BDE8F087274BD7
:105CA00013B10020AFF300800020FFF72BFE002887
:105CB000F2D1234800F064FB0028EDD1002DEBD099
:105CC00015F03F05E8D13046B978FFF711FC002800
:105CD000E2D02B462A463046B978FFF72DFCDBE7A9
:105CE000DFF864809AB2414607F1100000F07AFCB8
:105CF000144B002BC3D07B79FF2BC0D0002DBED01E
:105D000007F1100908EB050A02E0C245B7D07B791C
:105D100018F8012B9A42F8D1484600F041FB0028C0
:105D2000F3D17979AFF30080EFE7AFF30080ADE70F
:105D300070240020000000008024002000000000EB
:105D40009424002000000000F0290020F0B5144C3D
:105D500085B04FF413720021204611F0DFFA40277E
:105D600000234FF480760F4D04F5A6721946CDE955
:105D70000257009201961A4604F5947000F0CEF98D
:105D8000002304F128013D44009101221946CDE988
:105D900002570196201D00F0C1F905B0F0BD00BF0B
:105DA0009C2C00201C2C002010B5054C204600F037
:105DB000E1F9A4F5927000F0DDF9012010BD00BFFB
:105DC000C42D002038B50025064C04F598702570C8
:105DD00000F0B4FC04F10C0000F0B0FC84F8295190
:105DE000657138BD9C2C00202DE9F84F4B79FF2BB5
:105DF00002D00020BDE8F88F394D0E4695F82931C4
:105E00000C78002BF5D16F79002FF2D18B780C44F0
:105E10002B700B79002B3ED0804604EB020B05F56E
:105E2000987A05F594796378052B09D0A34502D8B3
:105E300031E05C452FD223781C446378052BF8D1E0
:105E4000A34528D921464046FFF730FB00283ED025
:105E5000A378DB0923D1504600F070FCA37895F8B5
:105E6000281185F82931A3884046C3F30A03A3F516
:105E70000073B3FA83F35B0963F3410185F82811DA
:105E8000494600F0E5F910B32378317901371C4415
:105E9000FBB29942C7D8A11B88B2BDE8F88F114860
:105EA00000F04CFCA37895F804C06B71A3880E49F0
:105EB000C3F30A03A3F50073B3FA83F35B0963F337
:105EC000410C002085F804C000F08AF9DCE74FF0AF
:105ED000E023D3F8F03DDB078BD500BE89E700BF98
:105EE0009C2C0020A82C0020A02C002070B51B4C5E
:105EF000064694F829C11D468C45627904D08A4231
:105F000018BF002018D070BDB4F8343163B9144BF9
:105F100023B100201349AAB2AFF3008030461249E2
:105F200000F096F9012070BDD4F82C11AAB204F546
:105F3000987000F057FBEAE70C4B1BB10020A9B2A8
:105F4000AFF3008030460A4900F04AF90028E9D151
:105F50002A463046064900F00FF9E3E79C2C002062
:105F6000000000001C2C0020C42D002000000000B8
:105F7000A02C002010B582B0B9B101280CD80B7844
:105F800053B1134C012B235402D0012002B010BD99
:105F9000FEF700FE0028F8D14FF0E023D3F8F03DE3
:105FA000DB0700D500BE0020F0E70124084601A968
:105FB000ADF80440FEF7EEFD38B94FF0E023D3F81A
:105FC000F03DDA07E2D500BEE0E7014B1C70DDE7EB
:105FD000E82A0020F8B5037813F001041AD10378F9
:105FE00005465A07C3F3800701D52046F8BD0E4683
:105FF0004FF0FF31304611F0E3FB2B7813F0010432
:106000000BD12B785B0709D42B78012443F00403D0
:106010002B7003E000242046F8BD3C46304611F0CA
:10602000DFFB2046F8BD00BF70B50C4605464FF0BB
:10603000FF31204611F0C4FB2B78C3F380065B07C9
:1060400008D52B7813F0010311BF00262A7863F3DB
:1060500082022A70204611F0C3FB304670BD00BF9B
:10606000C378828803F003000228C2F30A021FD01B
:10607000032803D001280AD000207047022914BF4A
:1060800040234FF48063934209D3012070470229D3
:1060900040F2FF3308BF4FF480639342F6D24FF0D3
:1060A000E023D3F8F03DDB07E6D500BE00207047C3
:1060B000022902D0402AE8D9F1E7B2F5007FE4D006
:1060C000EDE700BF0A44914226D291F801C0BCF12D
:1060D000050F05D091F800C061448A42F5D8704799
:1060E00000B591F802C00CF07F0E00EB4E0E4FEAA7
:1060F000DC1C0EF80C3091F800C061448A4209D9CA
:1061000091F801C0BCF1050FEBD091F800C06144DB
:106110008A42F5D85DF804FB704700BF2DE9F041D5
:106120008E4682B0009390F800C0089EBDF824709F
:106130006EF3000C04461546012331463A4600F83A
:1061400008CBBDF82C8000F0EBF806B13FB9012078
:106150000A9BA4F80280636002B0BDE8F08104F1FC
:106160001C063046FBF722F80DB135460026C4E97F
:106170000556ECE701207047F8B50746084640F29F
:10618000FF13154610F8082B0C4612F0020F0CBF37
:106190003F261E4600F0F4F828B925B12E4202D160
:1061A0002378DA0701D50020F8BD38466178FFF77B
:1061B0009FF90028F7D0237813F0010307D04FF0A0
:1061C000E023D3F8F03DDB07EDD500BEEBE71A4640
:1061D00038466178FFF7B0F90028F0D0F8BD00BF6D
:1061E00070B501F10805064628460C4600F0C8F8CF
:1061F00010B12378D80701D5002070BD30466178F2
:10620000FFF776F90028F7D028466288616800F029
:106210002DF92378054648B1D9070ED54FF0E02374
:10622000D3F8F03DDA07E7D500BEE5E7DB07E3D4B6
:1062300030466178FFF76EF9DEE703466268304664
:106240006178FFF779F90028E8D0284670BD00BFD3
:106250008A892DE9F0410B780C4605468AB9DF079B
:1062600025D44978FFF744F908B322786388D60724
:106270003FD54FF0E023D3F8F03DDA0717D500BE45
:1062800015E003F0020301F10808002B40460CBFA3
:1062900040274FF400774FF6C07618BF4FF47E4684
:1062A00000F088F8874202D82378D80702D500206A
:1062B000BDE8F08128466178FFF71AF90028F6D08A
:1062C000404600F077F887421FD823786288D907C4
:1062D000CFD43040904228BF104661780646E0B1E6
:1062E000626833462846FFF727F90028C1D03046B8
:1062F000DEE761783BB162682846FFF71DF90028A8
:10630000B7D06088D4E71A46F6E72378DB07CED407
:1063100028466178FFF7FEF8C9E70246E1E700BFCB
:106320002DE9F041B2F5004F9DF8188024D80446BD
:10633000C06817460E461D4618B14FF0FF3111F0E8
:106340003FFA206918B14FF0FF3111F039FA0022FD
:10635000C5F30E03E06843EAC83362812660A78074
:10636000E380228108B111F03BFA206908B111F0F5
:1063700037FA0120BDE8F0810020BDE8F08100BFC0
:10638000038942899BB292B28088934236BFC2EBA6
:1063900040029B1A9B189BB2984228BF1846704730
:1063A0000289438990B29BB2C01AB0FA80F04009CA
:1063B000704700BF038942899BB2808892B29342A2
:1063C00036BFC2EB40029B1A9B189BB2984286BF15
:1063D000C01A80B20020704738B5044600690D46E7
:1063E00018B14FF0FF3111F0EBF92189638989B2BF
:1063F0009BB2A288994236BFC3EB4200C81A40182C
:1064000080B250B3824209D291422CBF891A8918B6
:106410008BB29A42638103D89B1A9BB29A42FBD9F2
:10642000E2882168C2F30E0202FB0311284611F034
:10643000CBF86189012589B24B1C9BB29942A28895
:106440000ED9002302FA05F15B1A9BB22069638121
:1064500008B111F0C5F9284638BD054663899BB2DD
:10646000B3EB420F4FEA4201F0DBEDE72DE9F047D5
:10647000064600698846914618B14FF0FF3111F089
:106480009FF9338974899BB2A4B2B588A34236BF01
:10649000C4EB45071F1BFF18BFB2002F4AD0BD42F7
:1064A00040D3B94528BFB946A5421FFA89F703D89A
:1064B000641BA4B2A542FBD9B6F806A02B1B316819
:1064C0009BB2CAF30E029F42924602FB041123D9EB
:1064D00013FB02F31FFA83F94A4640467D1B11F075
:1064E00073F8621912FB0AF2316808EB090092B2E4
:1064F00011F06AF87289B58892B2D3199BB29A42A8
:106500001AD96A009B1A9BB23069738108B111F0E5
:1065100067F93846BDE8F087404607FB02F211F004
:1065200053F8E7E7AB422CBF5B1B5B199CB22F46CD
:106530007481B6E773899BB2B3EB450F4FEA45020E
:10654000E2DBDFE7F8B50446C0680E4618B14FF04D
:10655000FF3111F035F92589238961899BB289B210
:10656000A2888B4236BFC1EB42015B1A5B189BB21B
:106570009A42ADB208D8E779FF0905D1E06808B1C1
:1065800011F02EF93846F8BD954219D32B469B1AC7
:106590009BB29342FBD2E2882068C2F30E0202FB58
:1065A0000300314611F010F86B1C9BB29D42A2888B
:1065B00012D9002351005B1A9BB201272381DDE72A
:1065C000E2882068C2F30E0205FB0200314610F09B
:1065D000FBFF0135A288ABB2B3EB420F4FEA420199
:1065E000EBDBE8E72DE9F04F164683B0002A4CD0EC
:1065F0000546C068884618B14FF0FF3111F0E0F849
:10660000EA792F896989D209AB88BFB289B240D1B2
:106610008F4236BFC1EB4301791AC91989B2994239
:1066200041D2591A89B28E4228BF0E46B5F806A04B
:1066300007EB0609A6EB030BCAF30E0A1FFA89F94A
:106640001FFA8BFB9F423C4603D3E41AA4B29C4240
:10665000FBD21B1B28689BB2B3420AFB04004BD33E
:1066600041460AFB06F210F0AFFFAA884F454FEAF9
:10667000420302D8B9EB420F03DBA9EB03031FFA75
:1066800083F9E868A5F8089088B9304603B0BDE8FA
:10669000F08FB5F806A09E42CAF30E0A0DD3002B68
:1066A0003FD11E4600E00026E8680028EDD011F03A
:1066B00097F8304603B0BDE8F08F8F4236BFC1EB8C
:1066C00043027A1AD21992B258003244A6EB030B55
:1066D00082421FFA8BFB0ADB01EB03091FFA89F9DF
:1066E000A9EB0607BFB2B94218D9381A87B206EB30
:1066F00007091FFA89F9A5E713FB0AF35C4414FBA9
:106700000AF49AB24146019210F05EFF019A28689D
:1067100008EB0201A2B210F057FFA6E7B84291DCE5
:10672000E3E7F61A01EB03090AFB06880F461E464B
:106730004FF0000B1FFA89F984E700BF10B504463B
:10674000C06818B14FF0FF3111F03AF8206918B164
:106750004FF0FF3111F034F80023E06863812381AA
:1067600008B111F03DF8206908B111F039F80120A5
:1067700010BD00BF38B50446C0680D4618B14FF0D3
:10678000FF3111F01DF8206918B14FF0FF3111F001
:1067900017F8E379E06865F3C713E37108B111F006
:1067A0001FF8206908B111F01BF8012038BD00BFA7
:1067B000012307480749084A03600B609368D9071B
:1067C000FCD50123054A13601368DB05FCD570472F
:1067D00000200240003002400000024000000A4059
:1067E00006F01EBE012370B50B72044606F046FE8D
:1067F000431C0CD1104AD2E90032256820460F49CB
:106800006C69C1E902322346BDE87040184705466D
:10681000FBF70AF903460A464FF47A704FF0FF3E41
:106820006FF0004CE5FB00329E457CEB02013CBF63
:1068300073466246E1E700BF18A80110E02200207D
:1068400038B5094D04462B7843B101252368074923
:106850002046DB690D729847284638BD00F078FA6B
:1068600001232B70F1E700BFF3C60020F8220020BF
:1068700010B50446036805499B699847236820467C
:10688000BDE8104002491B6A184700BFE022002003
:10689000F822002000207047704700BF08B5FBF7C2
:1068A000C3F829B14FF47A72002310F095FF08BDA8
:1068B000024AA2FB0020800908BD00BFD34D621030
:1068C000836800F108021BB906E01A461B681BB179
:1068D0009942FAD1002070470023116001200B601B
:1068E000704700BF836843B18B4202D107E09942F1
:1068F00007D01A461B68002BF9D11846704700F1E3
:1069000008020B6801201360704700BF4368021D36
:106910001BB906E01A461B681BB19942FAD1002048
:1069200070470023116001200B607047436843B13A
:106930008B4202D107E0994206D01A461B68002B11
:10694000F9D118467047021D0B680120136070478B
:10695000344B2DE9F047D3E900458368804663B3A3
:1069600000F10806FBF760F8D8F808A0B646BAF1BF
:10697000000F22D053464FF0000CD3E90227B0EBB2
:10698000020961EB0709B9F1000FA8BFF4469E4662
:106990001B68A4BF10463946002BEED1BCF1000F96
:1069A0003BD0DCF800104046D1E90023CCF80020B1
:1069B0009847D8F80830002BD4D1D8F8046006B333
:1069C0000027337A1BB331467368377240469847C5
:1069D0003668002EF5D1D8F808A0BAF1000F10D013
:1069E0005246D2E90231E01A65EB0102012872F148
:1069F0000002DAF800A0F0DB1C460D46BAF1000FE9
:106A0000EED120462946C8E90445BDE8F08736683E
:106A1000002ED6D1D8F808A0DFE7D8F80460002E01
:106A2000CED1DDE718A80110F0B4154F154AC019F2
:106A300042EB0101820F42EA8102134B424002FB0A
:106A400003F3124E81EA917106FB0133A2FB062685
:106A50003344D00E0E4C40EA4310504004FB00F18A
:106A60000C4D83EAD363A0FB050205FB0311F0BCC8
:106A7000C30F114443EA4103584081EAD171704782
:106A8000157C4A7FB979379E6D4758BFB9E5E41C3C
:106A9000BB49D094EB11311370B5EFF3108C72B683
:106AA000204CD4E8CF2F0123002AFAD1C4E8423F7A
:106AB000002AF6D1BFF35F8F1B490B78012B10D949
:106AC000023BDBB21846194A03F1010E0B7052F873
:106AD000200052F82E100023C4E88F3F8CF310885A
:106AE00070BD4FF0FF320020114B18639A63DA62D9
:106AF0009A60D3F8B820002AFBD104205D690B4AC4
:106B00004FF0050E15609D695560DD6995601D6A41
:106B1000D5605D6A1561074D9E6A2D685661DD601E
:106B20000346D3E7D42A002001C70020A0C60020D6
:106B300000010F4010010020F8B5D0E900460546DD
:106B40008068E96844EA000346EA0102134304D17D
:106B5000FAF76AFF50EA0103FAD0220684EA00033A
:106B600042EA16225A40714082EA03424FEA066E18
:106B7000B000A7004EEA142E2A600A043F1940EA2A
:106B8000947042EA13428EEA010482EA040246EB60
:106B900000006A60DA0E4FEAC71C42EA4112C601E1
:106BA000C90E46EA57664CEA506041EA4313EB606F
:106BB000F100C300181841EA5C71AA6046EB0101BC
:106BC000F8BD00BF2DE9F04FDFF878918BB099F850
:106BD0000030002B58D0584F584C06AD584E94E812
:106BE0000F0085E80F0096F80090FAF71DFFFFF7F9
:106BF0001BFF069B5FFA89F943400693079B4B40B6
:106C00000793FFF749FFFFF70FFF089B43400893E7
:106C1000099B4B400993EFF3108872B6D7E8CF2F4A
:106C20000123002AFAD1C7E8423F002AF6D1BFF378
:106C30005F8F33784B450FD0DDE906122068089B43
:106C40004140069161684A400792A2685340089308
:106C5000099AE368534009932846FFF76DFF33789C
:106C600086460133DBB28C4633704FF0000995E85D
:106C70000F0084E80F00C7E88F9F88F310887046E4
:106C800061460BB0BDE8F08F06AD2846FBF7E8F98A
:106C9000DDE90601FFF7C8FE029A039B80460F4616
:106CA000DDE9080101920093FFF7BEFEDDE904BAB9
:106CB00006460C46FAF7B8FEFFF7B6FE009B019AAF
:106CC00088EA00084F4088EA02025F40CDE90227C7
:106CD000FFF7E2FEFFF7A8FE46404C4086EA0B06AF
:106CE00084EA0A04CDE90464EFF3108672B6124F09
:106CF000D7E8CF2F0123002AFAD1C7E8423F002A64
:106D0000F6D1BFF35F8F99F8003033B10B4C0023FD
:106D1000C7E88F3F86F3108860E70DF1080840460A
:106D2000FFF70AFF0123054C89F8003098E80F00AF
:106D300084E80F00EBE700BFD42A002010010020F8
:106D4000F1C60020FDC6002008B5FFF73BFF08BDD7
:106D500008B500F019FB00F0D5FC00F07DFD06F051
:106D60009FFB02F087F800F069F9BDE8084006F0E3
:106D7000C3BA00BF40BA80B2704700BF00BA7047C4
:106D80002DE9F041504D04462B68884613B12A7A0C
:106D9000824273D04D4E2701EB6813B12A7DA24287
:106DA00062D0AB691BB195F82020A24252D06B6A29
:106DB0001BB195F82C20A24227D03B1906EB0313F8
:106DC000DB7B8CB3B27A022A64D0012C30D096F8E7
:106DD0001A21022A6ED0022C2ED096F82A22022ADC
:106DE0006DD0032C28D1032B0DD8394D274455F8ED
:106DF000230006F06FFE0022042106EB0717FB7B41
:106E0000F97345F82320BDE8F081381906EB00102E
:106E10004146AA6A1030984700236B623B1906EB83
:106E20000313DB7B002CCDD196F81A21022A3CD02B
:106E300096F82A22022A33D096F83A23022AD2D18F
:106E400096F83F239A42CED104223B1906EB031356
:106E5000DA73D8E7381906EB00104146EA691030BA
:106E600098470023AB61A2E7381906EB00104146B2
:106E70002A69103098470023EB6092E700EB00107E
:106E8000124E000110306A683044984700232701F1
:106E90002B6081E7F27B9A42D6D0012C97D1C7E7CD
:106EA00096F82F229A42C7D1CEE796F81F219A4230
:106EB00093D1C9E796F81F219A428CD1C4E796F87E
:106EC0002F229A428DD1BFE7403A0020783A002025
:106ED000303A00202DE9F04FDFF85CA100EB001301
:106EE000020187B00AEB03140092E27A012A00F251
:106EF00099804E4951F82250002D00F087801B01E7
:106F000010330AEB03050746284610F0D9FB01466B
:106F100012314FF42072362089B200F0B9FE80465B
:106F200000286AD000232089CDE903330593FFF7B9
:106F300021FF01238DF80E304FF480730C264FF69D
:106F4000FE79ADF80C000C22404603A9ADF81030D4
:106F5000013D01F00BFA019769786F1C2E295CD076
:106F60003A46002449B1517801342E29E4B202F1A5
:106F7000010045D002460029F5D1A2EB070B1546CA
:106F800022461FFA8BFB32444A4533DC2246314607
:106F9000404601F0BDFA701C5A4683B2344439466B
:106FA000404601F025FAA4B22A78661CB6B2002A3F
:106FB000D2D131464046019F01F0AAFA4FF0012399
:106FC0000293A31C04229BB202A9404601F010FACE
:106FD000009A16483A440AEB021A9AF80B20144910
:106FE00000EB82029AF80F00352351F82000414649
:106FF00006F0ECFC404600F0CBFF07B0BDE8F08F98
:10700000521B1FFA82FB05462246BCE72946FFF7C2
:10701000B7FEA57207B0BDE8F08F00223D4693464B
:107020001446B0E70348F9F789FC00BF703A002026
:10703000303A0020907C0110783A0020704700BF61
:10704000012800D9704721B1054B0A6843F8202078
:107050007047044A024B126843F82020704700BF73
:10706000703A00201CAC01102DE9F0410025484C7D
:10707000484F14F8013C5FFA85F8032B00F2848036
:10708000DFE803F01C022F23434EFFF75DFEB27AC8
:1070900083B2022A44D096F81A21022A47D096F8E1
:1070A0002A22022A4BD096F83A23022A4FD0404691
:1070B00024F8033C44F8017CFFF70CFF0135042D54
:1070C00004F58874D5D1BDE8F08154F80B3CF3B9D0
:1070D000002304F8013C0135042D04F58874C8D15F
:1070E000F1E76378013BDBB26370002BE6D1A37854
:1070F0000133DBB2042BA3702ED063704046013500
:10710000FFF7E8FE042D04F58874B2D1DBE7013BFC
:1071100044F80B3C002BD1D1002304F8013CDAE702
:1071200032899A42B1D096F81A21022AB7D1B6F81C
:1071300018219A42A9D096F82A22022AB3D1B6F889
:1071400028229A42A1D096F83A23022AAFD1B6F863
:1071500038239A42ABD198E723783BB90F4A52685B
:1071600022B1A37040F201132380C7E700214046FB
:10717000FFF706FE00230135042D04F8013C04F559
:1071800088747FF476AF9EE70548F9F7D7FB00BF18
:10719000833A002002000100783A0020703A002073
:1071A000C47C011030B510F001044FF0000E06D081
:1071B000714528DD10F8013B013963F31F2E0129C9
:1071C00029DD002302394D0805F1010C00EB4C0CC0
:1071D00030F8022B60451344FAD1C5EBC57501EBBD
:1071E0004501012909BF9CF80020734462F3070E92
:1071F00013FA8EF39AB202EB134398B200EB1340EA
:1072000014B980B230BD704603029BB2C0F30720B0
:10721000184380B230BD84460023E2E72DE9F843ED
:10722000089C1B6824688946250C15FA84F414FA16
:1072300083F404EB1344A3B203EB14439CB29046D3
:1072400004EB1344E0B1054600276E8968683146B7
:10725000FFF7A8FF204484B2F30704EB104406D5DF
:1072600023029BB2C4F3072487F001071C432D6857
:10727000002DEAD127B123029BB2C4F307241C439B
:107280004846FFF777FD05464046FFF773FD284463
:10729000204483B203EB104398B200EB1340C04389
:1072A00080B2BDE8F88300BFFFF7B8BF30B510F07B
:1072B00001044FF0000505D009B310F8013B013976
:1072C00063F31F25012931DD002302394FEA510EF6
:1072D0000EF1010C00EB4C0C30F8022B604513440E
:1072E000FAD1CEEBCE7E01EB4E0101290FD02B441B
:1072F0009AB202EB134399B201EB134124B10B0292
:107300009BB2C1F307211943C94388B230BD9CF831
:10731000002062F3070513FA85F5ABB203EB1543C2
:1073200099B201EB1341002CEED0E8E7844600232C
:10733000DBE700BF20B3F8B5002705463C466E8961
:1073400068683146FFF72EFF0444A3B203EB1444F0
:10735000F30706D523029BB2C4F3072487F0010785
:107360001C432D68002DEAD13FB1200280B2C4F346
:1073700007242043C04380B2F8BDE443A0B2F8BD67
:107380004FF6FF70704700BF10B54FF0010C4FF47F
:107390007A544FF0000E0A4B0A4A23F0030313609D
:1073A000094A0A4813600A4903F540521C6083F8F1
:1073B00004E0234482F884CE0360C2F8801E10BD2E
:1073C000BF870020B4870020F4420020B887002047
:1073D000803E803E002877D02DE9F843830777D19F
:1073E0003E4AA0F1080312689A426ED83C4C00F164
:1073F0000C0124688C4268D310F8041C00296AD060
:1074000030F8081C30F806CCB1F57A5F0ED8BCF520
:107410007A5F0BD8A3EB02081FFA88F8E04502EB6D
:107420000C0606D032F80C50454502D02D48F9F72D
:1074300085FA02EB010E74453AD0BEF8025045457C
:10744000F4D10025284F00F8045C3D689D4201D925
:107450001D463B609C4234D9734518D09EF8049079
:10746000B9F1000F13D1744511D0BEF80010AE452C
:1074700004BF1D463B60B1F57A5F20F8081C06D0BA
:107480005418A4F8028030F806CC02EB0C06B34284
:107490000CD0307950B9AB4208BF3E60B1F57A5F8D
:1074A00018BF5218318018BFA2F802C0BDE8F88397
:1074B00000250D4F00F8045C3D68AB42C8D39C42E8
:1074C000CCD80A48F9F73AFA70470948F9F736FA7A
:1074D0000848F9F733FA0848F9F730FAB48700207A
:1074E000B88700204C7D0110F4420020807D0110FF
:1074F000087D0110E47C0110247D0110CB1C23F0D9
:1075000003039BB20B2B3CD9B3F57A5F3CD899426D
:107510003AD82C4A70B5146884424AD82A4A12686C
:10752000824246D930F808CCA0F10802121B92B270
:10753000ACF10801891A89B299423DD320D004EBFD
:107540000C0E9EF804500DBBBCF57A5F37D01F4D72
:1075500002F108012E680B449BB2764534F80CC04A
:1075600004EB030123D000250D7124F803C04A80E9
:1075700020F8083CE25AB2F57A5F01D022445380E9
:1075800070BD0C239942C4D90020704703F1140543
:10759000ADB2A942F4D302F108010B44BCF57A5F05
:1075A0009BB20CD0094DE1182E688E42DBD92960C0
:1075B000D9E70748F9F7C2F90648F9F7BFF90648CD
:1075C000F9F7BCF9B4870020B8870020F442002006
:1075D0009C7D0110B47D0110D47D011000285BD08A
:1075E0002DE9F843C31C23F003039FB20B2F25D9C9
:1075F000B7F57A5F1FD8B8421DD8324BDFF8D89064
:107600001D68D9F80080C7F57A51A8EB050290B241
:10761000884203460FD26FF0070E2C189C4626793D
:107620002B5A0246184626B9AEEB02021A44BA4259
:1076300006D29942F1D80020BDE8F8830C27DAE79A
:1076400007F114018A4207F1080710D201232371C0
:107650001D4BA045186820D02744B8422BD3A30760
:1076600008BF04F10800E7D01848F9F767F90CEBF8
:10767000070292B2B2F57A5F20D00120A9180E71EC
:10768000AB52A1F802C022802071AB5AB3F57A5FE9
:10769000DED02B445A80DBE77047224603E0128895
:1076A0002A44117921B18242F9D1C9F80000D3E707
:1076B000C9F80020D0E70648F9F740F90548F9F77E
:1076C0003DF900BFB4870020B8870020187E011064
:1076D000E87D0110D47D0110F442002038B501FB93
:1076E00000F4B4F5803F0AD2A0B2FFF777FF054659
:1076F00018B1224600210FF011FE284638BD0025A2
:10770000284638BDF0B504240027114D114B124E08
:1077100005F12C0E033355F8042B23F003033760D7
:107720006CB10021B2F804C00A4600E00346013201
:10773000A242196003EB0C001946F7D13360AE4545
:1077400004D02A68D488D2E90236E3E7F0BD00BF4E
:1077500084AA0110507F0020608700200A2810B5FD
:107760000FD80E4B53F82040FFF794F8E3681C68DD
:107770006CB122681A60A3070CD1FFF78DF8204680
:1077800010BD0748FCF778FC0024204610BDFFF729
:1077900083F8F9E70348F9F7D1F800BF84AA01108C
:1077A000807E01105C7E01100A2812D838B50C4684
:1077B00071B10B4B53F820508B070DD1FFF76AF8CE
:1077C000EB681A6822601C60BDE83840FFF764B8B7
:1077D00038BD0448FCF750BC0348F9F7AFF800BFC8
:1077E00084AA0110C07E0110A07E01106FF00B0072
:1077F000704700BF70B50B681646426882B093426E
:1078000001D102B070BD04460D463260304601A978
:10781000019302F073FD304601A906F087F901A932
:10782000304600F015FF94F839202B6802F005016E
:107830000529636006D0E369002BE2D02046984713
:1078400002B070BD002BF6D01307F4D52046211DE1
:1078500008F070FBEFE700BF704700BF2DE9F04371
:1078600083B0DDF82C80002800F08480B8F1000F90
:1078700000F085800E4691461F460A9B434D4362A9
:107880000C9B04460361424B002908BF1E46002A98
:1078900008BF9946002F08BF1F4600233D4AC0E994
:1078A000013342612A78C36080F83C2080F8393087
:1078B00083623168C0E90733038600293DD018464A
:1078C0001946D9F80020904218BFA2603A68934246
:1078D00018BFE260002938D02046C0470346002880
:1078E0004BD12D4E94F83CC03068BCF1FF0F04BF63
:1078F0009C4684F83C3070B3844244D00346FF2257
:1079000005E01B683BB39C423DD0013A0DD093F893
:107910003C106145F5D10CF1010C5FFA8CFCBCF117
:10792000FF0F05D084F83CC0E6E71C48F9F706F8DD
:107930004FF0000C84F83CC0DEE7314601AAFFF7A7
:1079400059FFD4E902030121BBE73146204601AAD1
:10795000FFF750FFC0E7BCF1FE0F08BF0023206017
:1079600020461CBF0CF10103DBB22B70346003B066
:10797000BDE8F0830A48FCF77FFB0020F7E70948E1
:10798000FCF77AFBF9E70848F8F7D8FFF9C60020BA
:107990001CAC0110ED77001080870020AC7F011037
:1079A000587F0110747F0110987F0110F0B5264DAB
:1079B0000446002914BF0E462E46002A14BF17465F
:1079C0002F46002B18BF1D46336883B06BB10021D2
:1079D0003B68A268934218BFA3602B68E268934299
:1079E00018BFE36029B103B0F0BD426842B901217C
:1079F000EEE7314620466A46FFF7FCFE03B0F0BDD5
:107A0000684601A9CDE9002302F078FC684601A987
:107A100006F08CF801A9684600F01AFE94F83920A7
:107A2000336802F005010529636006D12BB1130705
:107A300003D52046211D08F07DFAE369002BD6D03E
:107A400020469847D3E700BF1CAC011000283CD06B
:107A500038B543680446DBB994F83930DA0728D4DE
:107A60001C4B1A68A24204BF00221A601A4A13680B
:107A7000A34207D02BB11A68A24206D01346002BAE
:107A8000F9D138BD2368136038BD22681A6038BD4B
:107A9000051D0021284602F031FC0021284606F091
:107AA00045F80021284600F0D3FD94F83930DA0774
:107AB000D6D523F001021B0784F8392006D4E369E8
:107AC000002BCDD020469847CAE77047204607F0E4
:107AD0008BFEF4E77C87002080870020014B186034
:107AE000704700BF7C870020B8B110B590F83930DE
:107AF0000446DA0710D4C26943F0010380F8393034
:107B000012B1904794F8393003F00502052A03D1E9
:107B100062680AB11B0703D410BD0448FCF7ACBA75
:107B20002046211DBDE8104008F004BADC7F01109A
:107B300018B310B590F8393004465A0700D510BD77
:107B400043F0040380F8393006F07EFF94F83930B2
:107B500003F00502052A06D0236A002BEFD0204649
:107B6000BDE8104018476268002AF5D01B07F3D51E
:107B70002046211D08F0DEF9EEE70148FCF77CBA4B
:107B8000F87F011058B190F83920510706D5016AE5
:107B900022F0040280F8392001B1084770470148FB
:107BA000FCF76ABA1C800110024658B1064B1868EF
:107BB00010B907E0006830B190F83C300133DBB217
:107BC0009342F7D1704770478087002070B5054613
:107BD00090B3002607E02B699BB3284698470136EF
:107BE000F6B2ECB12546FEF755FEAB7B33B3013B55
:107BF000DCB2AC73FEF750FE94B96A7B2C68920736
:107C00002B7BE8D403F00F03022B0BD0012B0ED0FB
:107C1000D3B928460136FFF7DDFBF6B2002CE1D1DF
:107C2000304670BD29460A20FFF7BEFDD7E729463A
:107C30000920FFF7B9FDD2E70646F1E70448F8F757
:107C40007DFE0448F8F77AFE0348F8F777FE00BF98
:107C500040800110588001107C80011008B5FEF7AB
:107C600019FE0022084B1A70FEF716FE074B186823
:107C700010B908E0C06830B1436F002BFAD0BDE8FE
:107C8000084002F09BBB08BDFBC600207CC600205C
:107C9000B2F5C17F2DE9F843894655D04FF0000673
:107CA00061F30F06154661F31F4607D822F0400323
:107CB000012B9CB227D03C48F8F740FEB2F5207F5C
:107CC000F9D1C31C01F1030929F0030923F00303CF
:107CD0004B449BB204464B4503F1100080B22ED3B7
:107CE00081452CD8FFF77AFC8046C0B100220319E9
:107CF0002E49133323F00303C160C0E9013602604B
:107D00004046BDE8F8830920FFF728FD804630B1E2
:107D10000023C0E9003386600573C4814373404685
:107D2000BDE8F883FEF7B6FD0122214B1A70FEF77D
:107D3000B3FDB8F1000F02D04046FFF747FF4FF008
:107D400000084046BDE8F88300240746A0462546C3
:107D5000184E05E02060B9F1000FE0D0044600277E
:107D60000A20FFF7FBFC0028DCD0FB1C23F00303F8
:107D7000C3F514739BB24B4528BF4B4607441337DA
:107D800027F003074381A9EB0303A0F80890C0E99B
:107D90000057C6601FFA83F9B8F1000FDAD18046A8
:107DA000B9F1000FDAD1BAE790800110800001002C
:107DB000FBC600208200010070B40024033061F390
:107DC0000F04BDF810C020F0030061F31F4401440C
:107DD0006145039D0DD805B10544002602211A73A3
:107DE000012218465D609C601E605973DA8170BC88
:107DF0007047002070BC704738B5002837D0044663
:107E0000008988421FD9081A06E02389891A034489
:107E10002381246889B224B362898A42F5D300257C
:107E2000237B61F30F05180761F31F4504D18A42D4
:107E300002D0637B9B0707D52068A56008B1FFF7D8
:107E4000C5FE0023236038BD636820461B1B194410
:107E500089B2FFF753FB38B18442EDD00548F8F7FB
:107E60006DFD0548F8F76AFD0448F8F767FD04481A
:107E7000F8F764FDF8800110C4800110DC80011067
:107E8000AC80011010B5F0B1B1F5803F0BD2C1B19B
:107E900003898AB213449BB29A4204D890F90CC069
:107EA000BCF1000F01DB012010BD446800F1100C93
:107EB000611A6145F7D3B0F80AC04160624442815B
:107EC0000381002010BD0148F8F738FD148101102E
:107ED00010B5B0B1B1F5803F11D259B143898AB222
:107EE000934209D344689B1A0C44018944608A1A5E
:107EF00043810281002010BD0348FCF7BDF801203A
:107F000010BD0248F8F71AFD2081011014810110FC
:107F1000002910B518DB002833D031B303898AB2A9
:107F200013449BB29A4225D890F90CC04468BCF126
:107F3000000FA4EB01011FDBB0F80AC041606244EE
:107F400042810381002010BDD8B1438949421FFA04
:107F500081FC9C450BD84268A3EB0C0311440289B9
:107F60004160A2EB0C0243810281002010BD064853
:107F7000FCF782F8012010BD00F1100C6145DBD246
:107F8000F8E70248F8F7DAFC2081011014810110AB
:107F900008B1FFF71BBE08B50148F8F7CFFC00BFDA
:107FA00014810110034630B100201B68013080B2FB
:107FB000002BFAD17047704758B110B50446FEF750
:107FC00069FCA37B0133A373FEF766FCA37B0BB1B3
:107FD00010BD70470148F8F7B1FC00BF40810110A7
:107FE000C8B1C1B1884210B51AD002680AB915E00B
:107FF00022460389B1F808C014686344038110461F
:10800000002CF5D11089538983420CD10889116065
:108010000344138110BD0548FCF72EB80246F1E772
:108020000348F8F78BFC0348F8F788FC54810110EB
:108030008C810110A881011010B50C4618B3E9B16C
:1080400088422CD003683BB1028921890A4402810D
:1080500018461B68002BF7D10289438993421BD134
:108060002289046013440381FEF714FCA37B0133CF
:10807000A373FEF711FCA37B5BB110BD0948BDE8FB
:108080001040FBF7F9BF0748FBF7F6FF002CEBD1D8
:1080900010BD0548F8F752FC0448F8F74FFC0448B7
:1080A000F8F74CFC5481011040810110A8810110A7
:1080B0008C8101102DE9F843002900F089801E46CB
:1080C0000B89884693421546C0F0828007460028F7
:1080D00000F08280028973199A42A8BF4FF000090C
:1080E0007ADB7C89B8F80A30A41BA3EB09039C4215
:1080F00028BF1C46AC4228BF2C467868D8F804102C
:108100003044494422460FF05FFA7B8926442D1BF8
:10811000B342A144ADB266D3B8F80A204A455FD352
:108120001ED0B34228D0B8F80830934213D01FB104
:108130007A893B899A4204D0002DD2D12846BDE8E5
:10814000F8833B68002BF7D02848FBF795FF6FF0CA
:108150000500BDE8F883D8F80030002BE7D0F3E73E
:10816000D8F80080B8F1000F10D0B3424FF00009EA
:1081700002D0B8F80A20D6E73F6877B1B8F80A20ED
:10818000B8F808309A4214D00026D1E7B5B9B34206
:10819000A946CCD12E463F68C9E7ADB9B8F80A2048
:1081A000B8F808309A42C9D1D8F80030002BC5D0B1
:1081B000CAE7D8F80060002EBAD0C5E70C48FBF734
:1081C0005BFF6FF00F00BAE70A48FBF755FFF8E7CF
:1081D0000948FBF751FFF4E70848FBF74DFFF0E7CC
:1081E0000748F8F7ABFB0748F8F7A8FB90820110A7
:1081F0007082011080820110D88101100C82011060
:10820000548201103C82011019B100230A89FFF742
:1082100051BF10B50248FBF72FFF6FF00F0010BDE4
:10822000C88201102DE9F04168B30E4689B31746A4
:1082300062B305464FF00008B5F80AC006EB080027
:1082400053B16345A3EB0C0206D32D6893B2002D06
:10825000F2D14046BDE8F081ACEB0304A4B2BC42CD
:1082600028BF3C4669683F1B224619444444BFB2BC
:108270000FF0AAF91FFA84F82D68002FE9D0002327
:10828000002DD9D1E5E70548FBF7F6FE4FF00008D1
:10829000DFE70348FBF7F0FEF8E700BFE4820110D8
:1082A000048301102DE9F047BDF82050002854D078
:1082B0000F469846044631B19A4204D248E02468F9
:1082C0009DB2002C47D06289AA42A5EB0203F6D9E1
:1082D00005EB08039A4237DA002F3CD0B8F1000FC3
:1082E0002FD04FF00009A2EB050A46461FFA8AFA82
:1082F00007EB090085B19542A5EB020C0CD324686D
:108300001FFA8CF5DCB1628907EB0900A2EB050AC4
:108310001FFA8AFA002DEED1B24528BFB246616835
:10832000A6EB0A0652462944CA44B6B20FF04CF9ED
:108330001FFA8AF9246816B10025002CE3D1C8453C
:1083400009D13846BDE8F08760682844BDE8F08769
:108350000448FBF791FE0020F4E70348FBF78CFE8E
:10836000F9E700BF4C830110288301102DE9F84381
:1083700068B3884629B303890546934291461AD3C8
:108380009AB11646002700E095B16C896868B4423E
:1083900028BF344608EB070122460FF015F9361BBB
:1083A0002D682744F0D1B94515D10020BDE8F883E8
:1083B0000A48F8F7C3FA0A48FBF75EFE4FF0FF30B1
:1083C000F4E70848FBF758FE6FF00F00EEE70648A9
:1083D000FBF752FEF8E70548F8F7B0FAC88301103A
:1083E000A88301108C83011074830110E0830110B5
:1083F000002858D02DE9F04705460E4604E02D68C8
:10840000DB1B9BB2002D42D06F89BB42F7D229897A
:1084100003EB020949453ADB9F4247D96868184493
:10842000FB1A9A422ADD9CB2A9EB07092246314683
:108430001FFA89F90FF0C8F8B9F1000F21D02F68A1
:108440005FB33B894B451FD3C8464FF0000A00E09D
:1084500007B37D8904EB0A01454528BF4546786886
:108460002A4631440FF0B0F8B8EB05083F68AA443B
:10847000EED1D14505D00F48F8F760FA31460FF03C
:10848000A3F80020BDE8F0870B48FBF7F5FD4FF09F
:10849000FF30F7E70948F8F751FA0948FBF7ECFD18
:1084A0006FF00F00EEE74FF0FF3070470548F8F728
:1084B00045FA00BFE0830110A8830110C8830110B2
:1084C00074830110F883011038B514460A462189D7
:1084D000FFF7DEFB054628B1002321462289FFF77E
:1084E000E9FD08B9284638BD0148F8F727FA00BF6A
:1084F0001084011018B90AE0006899B230B14389BC
:108500008B42A1EB0303F7D94368585C704770476F
:1085100018B90AE0006899B230B143898B42A1EBE7
:108520000303F7D943685A54704770472DE9F84F51
:108530008046434FDFF814A13968786908F0C4FC1D
:10854000D8F80430DAF800405D7A002C72D00028A8
:1085500036D1064604E0E168264600292ED00C46B6
:10856000217CA942F7D1227A32B1796891F83C1086
:108570000131C9B28A42EED1216811B17A699142C2
:10858000E9D1627CD10703D561683A699142E2D1B1
:10859000D4F81490B9F1000FDDD09B464246214635
:1085A000284BA069C84700283AD1D8F804309B4529
:1085B00042D1E168022026460029D0D1BDE8F88FDB
:1085C0000020064604E0E16826460029F6D00C4665
:1085D000217CA942F7D1227A32B1796891F83C1016
:1085E0000131C9B28A42EED12268002AEBD1627C05
:1085F000D20703D561683A699142E4D1D4F8149066
:10860000B9F1000FDFD09B46424621460D4BA069D1
:10861000C84728B9D8F804305B450DD10220D2E70D
:1086200036B1E268DAF80030F260CAF80040E36080
:108630000120C3E72046C1E70348F8F77FF900BFF0
:10864000D8420020E84200202484011058C60020AF
:1086500088B102687AB171B10B6863B10A4B1B68CB
:108660004BB110B41C68944206D0DB68002BF9D1E2
:108670005DF8044B704770470A681A60DB68002B8E
:10868000F6D00268EEE700BF58C6002010B50520FE
:10869000FFF764F8044618B12C2200210EF03EFECC
:1086A000204610BD60B1036810B5044613B15B6C81
:1086B00003B198472146BDE810400520FFF774B884
:1086C000704700BF00B18160704700BF00B1816199
:1086D000704700BF00B1C161704700BF70B110B4F6
:1086E0000468016280F828202CB123681BB1114670
:1086F0005DF8044B18475DF8044B7047704700BFA6
:1087000000B14162704700BF20B1036813B15B68DC
:1087100003B11847704700BF20B1036813B19B68CD
:1087200003B118476FF00500704700BF68B110B47F
:1087300004682CB1E4681CB1A4465DF8044B6047A2
:108740006FF005005DF8044B70476FF0050070474F
:1087500020B1036813B15B6903B11847704700BFCC
:1087600020B1036813B19B6903B118476FF005008E
:10877000704700BF68B110B404682CB1246A1CB102
:10878000A4465DF8044B60476FF005005DF8044BAC
:1087900070476FF00500704720B1036813B15B6A42
:1087A00003B118476FF00500704700BF20B10368A0
:1087B00013B1DB6A03B118470020704760B1002293
:1087C000436A10B50446C2600BB1806898472046E2
:1087D000BDE81040FFF766BF704700BF30B108B575
:1087E0004368C0681BB900B1007D08BD70470148EF
:1087F000F8F7A4F87084011038B108B54368C06870
:1088000033B908B111B1C08A08BD7047008B08BDEB
:108810000148F8F793F800BF7084011040B108B523
:108820004368C0682BB900B101B108BD043008BD70
:1088300070470148F8F782F87084011050B108B50C
:10884000C3682BB1426832B9588BC0F3801008BDA1
:10885000184608BD70470148F8F770F87084011099
:1088600030B108B5436823B9C368B3F8660008BDE2
:1088700070470148F8F762F87084011030B108B50C
:10888000436823B9C368B3F8640008BD7047014862
:10889000F8F754F87084011028B108B543681BB983
:1088A000C368588E08BD70470148F8F747F800BF05
:1088B0007084011048B1844610B5DCF80440C068EB
:1088C00034B9BDE8104001F063BD6FF0050070479A
:1088D0000148F8F733F800BF7084011038B108B5CB
:1088E00043683BB9BDE80840C06804F075B96FF053
:1088F000050070470148F8F721F800BF70840110A7
:1089000038B110B544683CB9BDE81040C06803F008
:108910002DBA6FF0050070470148F8F70FF800BF57
:108920007084011038B108B543683BB9BDE8084010
:10893000C06801F0DDBA6FF0050070470148F7F735
:10894000FDFF00BF7084011078B1436810B5044684
:108950006BB9C06800F01CFB28B1E060054900F06D
:10896000C5FF204610BD002010BD00207047024802
:10897000F7F7E4FF998C00107084011050B110B526
:108980001C4643684BB94461054BC068BDE81040C4
:1089900000F0DEBB6FF0050070470248F7F7CEFF2E
:1089A000798B00107084011038B108B543683BB969
:1089B000BDE80840C06800F079BA6FF00500704764
:1089C0000148F7F7BBFF00BF70840110F8B500281D
:1089D0004BD046680446002E4AD1C56875B1314671
:1089E0002846D5F88C7000F053FF2B7D012B0BD15E
:1089F000284601F0A1FB0646E8B9E0602046FFF7F3
:108A000051FE00263046F8BD3146284600F044FFAE
:108A10003146284600F04EFF3146284600F058FF08
:108A2000314628466A7F00F067FF284601F084FB44
:108A300006460028E1D02146284600F029FF2B7D7C
:108A4000012B0BD028460C4900F026FF28460B4985
:108A500000F030FF28460A4900F03AFF2846394620
:108A60006A7F00F049FF3046F8BD6FF00506C9E7A0
:108A70000448F7F763FF00BFE98B0010898A0010F4
:108A8000BD8700107084011070B1C36810B58B42AF
:108A90000CD143686BB9C36923B1BDE810400146EE
:108AA00080681847002010BD002070470248F7F783
:108AB00045FF0248F7F742FF8C84011070840110D3
:108AC00008B50148F7F73AFF70840110C0B110B53E
:108AD000C468A4B14068A0B9607A40F00800607230
:108AE0000948002908BF01460848002A08BF024675
:108AF000002B08BF0923C4E92512C4F89C3010BD1F
:108B00007047FFF7DDFF00BF00DD6D00F8240100B6
:108B100048B108B5C3682BB142682AB95A7A22F025
:108B200008025A7208BD7047FFF7CAFF08B54368CC
:108B300003B908BD0148F7F701FF00BF70840110B9
:108B400048B108B5C3682BB142682AB95A8B22F0E4
:108B500040025A8308BD7047FFF7B2FF48B108B51D
:108B6000C3682BB142682AB95A8B42F040025A833B
:108B700008BD7047FFF7A4FF70B1C36810B58B4202
:108B80000CD143686BB9436923B1BDE8104001467D
:108B900080681847002010BD002070470248F7F792
:108BA000CDFE0248F7F7CAFE8C84011070840110D4
:108BB00070B1C36810B58B420CD143686BB9036ABE
:108BC00023B1BDE81040014680681847002010BD61
:108BD000002070470248F7F7B1FE0248F7F7AEFEF3
:108BE0008C8401107084011070B5144668B18C46F5
:108BF000C168614512D1416869B985692DB10146E5
:108C0000AC46BDE870408068604714B12046FFF76D
:108C1000BFF9002070BD0348F7F790FE0248F7F750
:108C20008DFE00BF708401108C84011038B108B52E
:108C30004368C06823B9BDE8084000F005BE70472E
:108C4000FFF73EFF48B108B54368C06833B9BDE8D7
:108C500008400A46024900F04FBE7047FFF730FF58
:108C6000B18B001048B108B54368C06833B918B17A
:108C7000BDE8084000F094BF08BD7047FFF720FF33
:108C800038B108B54368C06823B9BDE8084000F0B2
:108C900013BA7047FFF714FF81B32DE9F04107467F
:108CA00028B303691BB30C461646FFF7EFFC0546D5
:108CB00008B30146204600F0EBFD237D012B09D1CE
:108CC000104B32462B6029463B69B868EC60BDE822
:108CD000F041184720460C4900F0DEFD20460B49C4
:108CE00000F0E8FD20460A4900F0F2FDE8E76FF0E9
:108CF0000F00BDE8F0814FF0FF30FAE76FF00F0092
:108D0000704700BF60AB0110E98B0010898A00102A
:108D1000BD87001038B501F025F800B30446FFF711
:108D2000B5FC0546C0B10146204600F0B1FD237DEB
:108D3000012B04D10B4B2846EC602B6038BD20463C
:108D4000094900F0A9FD2046084900F0B3FD20467E
:108D5000074900F0BDFDEDE7204601F0EDF90025E3
:108D6000284638BD60AB0110E98B0010898A0010DD
:108D7000BD87001010B5F8B1037D0446042B11D057
:108D8000072B03D0032B0DD0002010BD03F096FC61
:108D900008B909230BE0431CF7D1638B43F00803A8
:108DA0006383F1E703F08AFC0028F4D10523204611
:108DB000237503F011FFE7E70148F7F7BFFD00BF98
:108DC0009C84011070B50646806F18B1FFF7E0F87B
:108DD0000023B367746FB4B1D4E9005058B1FFF702
:108DE000D7F821460420FEF7DFFC55B12C46D4E924
:108DF00000500028F3D121460420FEF7D5FC002DB9
:108E0000F4D1002373674FF6FF73F46E3386A4B179
:108E1000D4E9005058B1FFF7BBF821460420FEF713
:108E2000C3FC55B12C46D4E900500028F3D12146AB
:108E30000420FEF7B9FC002DF4D1346FA4B1D4E9BD
:108E4000005058B1FFF7A4F821460420FEF7ACFC0F
:108E500055B12C46D4E900500028F3D12146042016
:108E6000FEF7A2FC002DF4D10023C6E91B33A6F8BF
:108E7000683070BD08B5FDF767FF6FEA80406FEAA4
:108E80009040014B188008BD0C23002008B5037DDD
:108E9000012B05D0BDE8084001460220FEF784BC46
:108EA0000148F7F74BFD00BFA8840110F8B5314B1E
:108EB000002914BF8C469C46002855D0037D002B0A
:108EC0004CD12AB32C4D05F1100E2B681B6813B939
:108ED0000EE0DB6863B1D98A9142FAD1196821B1F9
:108EE000DCF800400CB1A142F3D16FF00700F8BDEF
:108EF0000435AE45E9D1DCF8003003B103601F4B07
:108F0000C2821A681860C26004F0BCF90020F8BD83
:108F10004FF480454FF6FF7E194E1A4F32880132CA
:108F200092B2724508BF4FF44042134C23681B684D
:108F300013B90CE0DB6853B1D98A9142FAD1013DF3
:108F4000ADB2002DEBD132806FF00100F8BD0434DA
:108F5000BC42EBD13280002ACDD1F5E70A48FBF7BD
:108F60008BF86FF00500F8BD0848FBF785F86FF047
:108F70000F00F8BD1CAC0110C0AB011080C6002072
:108F80000C230020D0AB0110D4840110BC8401104C
:108F900070B50446164600284BD0037D002B39D10E
:108FA0000320FEF7DBFB054600283FD001222369A2
:108FB0000361E38A0275C382627D4275A2688260A2
:108FC000226802609BB9237D012B39D02146022003
:108FD000FEF7EAFB1C4B1D491A68A961EA601D6097
:108FE00004F050F9002306B13370284670BD184ACA
:108FF0001368A34209D02BB1D968A14211D00B4606
:10900000002BF9D10023E360DDE7E3681360002360
:10901000E360D8E70F48FBF72FF800256FF00E0349
:10902000E1E7E268DA600023E360CCE74FF0FF336A
:10903000D9E70948FBF720F825466FF00F03D2E780
:109040000648F7F77BFC00BF88C60020A99B0010EC
:1090500080C600202C850110FC840110A88401101A
:1090600010B5F0B10346018DC26A446AB3F832E02C
:10907000881ABEF5067F204494BFA0EB0E0CA0F525
:10908000067CBCF1000F06DA121B06D4B2F5803F55
:109090000AD2002091B2598510BD00210846598599
:1090A00010BD0348F7F74AFC0248F7F747FC00BF3A
:1090B000648501108885011000283AD010B5037D21
:1090C000012B3CD0038D194489B2B1F5866F1CD9B0
:1090D0004FF486631946C26AB0F832E0446ABEF5BE
:1090E000067F94BF02EB0E0C02F5067C2344A3EB33
:1090F0000C0CBCF1000F01850BDA121B16D4B2F573
:10910000803F38BF428517D210BD8B42E0D80B4656
:10911000E1E79B1AB3F5867F4185F5D3BDE81040A2
:10912000438B43F00203438303F056BD0023438582
:1091300010BD0448FAF7A0BF0348F7F7FFFB034848
:10914000F7F7FCFBA485011088850110BC85011090
:109150002DE9F843002800F0B380002900F0AA8030
:109160001F46037D0546002B40F09B800B68007A6C
:109170006B602A83002835D0FEF716FD002800F02A
:1091800096802B680BB943682B60EE8A002E35D190
:109190004FF4804C4FF6FF7EDFF85481DFF8549196
:1091A000B8F800400134A4B2744508BF4FF44044FD
:1091B000454B1A68126812B918E0D268B2B1D18A68
:1091C000A142FAD10CF1FF3C1FFA8CFCBCF1000F5C
:1091D000E8D1A8F80040A5F816C06FF001042046B9
:1091E000BDE8F883281D07F005FCC7E704334B45AD
:1091F000DFD1A8F80040EC82002CEED000224FF422
:1092000086616A62EA62314A314B1468314AA5F8D4
:109210006010AA621A68018E22441A602A65013A17
:10922000C5E916226A64002935D0282938BF2821CB
:10923000A1F128039BB2B3F5067F28BF4FF4067354
:109240000122022128466B86C5F88870A5F84820BF
:1092500003F0AAFA04460028C1D102232B755EB19F
:109260001D4A1368AB4219D033B1DA68AA4201D063
:109270001346F9E7EA68DA60184B1A681D60EA607D
:1092800004F000F80122164B28461A7003F0A4FCE3
:109290002046BDE8F8834FF40673D1E7EB6813600E
:1092A000EAE71048FAF7E8FE6FF0090497E76FF075
:1092B000030494E70C48FAF7DFFE6FF00F048EE723
:1092C0000A48FAF7D9FEF8E7C0AB01108CC60020B7
:1092D000082300203004300480C600207CC6002013
:1092E000FEC600201C86011000860110E4850110D6
:1092F0000C230020D0AB01102DE9F04F4FF00008F7
:10930000AA4EAB4F32683B7801320133DFF8B4929A
:1093100087B032603B70A74B1B680493002B64D06E
:109320000024049B1A7D002A00F02C82012A00F000
:1093300026820A2A00F029823978987F884200F034
:109340002E81022A997793F8421000F0A3800B290E
:1093500040F2AF804FF0010B062A049B00F0D6804C
:10936000597A0B0740F19A80042A40F0CD81049B82
:109370003168186AD3F89450091AD3E926C000FB63
:109380000C508D4BA3FB00E0B1EB501F40F2A381CA
:10939000049B0BF1010B5D6F4FF0010A5FFA8BFB31
:1093A000002D00F08981049BB3F9402002EB4202BA
:1093B000B1EB420F80F05481049B1A7D032A60D0E8
:1093C000092A27D0BBF1000F40F07681049B1A7F59
:1093D000597F0132D2B29142DD681A7740F2B880EB
:1093E0002B46049C0495002B9BD1744D00242968C6
:1093F00069B10B7D0A2B40F0CB8133680A6A9B1A56
:10940000F02B00F2BB800C46C9680029F1D107B0EF
:10941000BDE8F08F3268196A521AF02A36D9D3F8AB
:1094200090500498FFF7CEFC624B1A68049B002C06
:1094300000F07C81934200F0B181DA68E260BAF119
:10944000000F40F06581049B1A7DD3E903BA012A1D
:1094500000F0A18119460220FEF7A6F989F80080E4
:1094600045B16FF00C015046A84799F80030002B29
:109470007FF451AF5B46CDF810B0002B7FF451AFB5
:10948000B3E73268196A521A282AC8D8BBF1000F0C
:109490009CD0C4E705290CD94FF0010B049B5D6FEC
:1094A000002D00F0168131681A6A4FF0000A891AFF
:1094B00079E7049B93F8A1B0BBF1000F00F0848022
:1094C000186F002840F06D81D96E002900F06F817F
:1094D00093F8A2100B293FF63DAF39498B441BF896
:1094E000015C93F8A010A942C0F02B81049BB3F853
:1094F0006050C5B918469A4603F0E2FDD0B19AF81B
:109500001420AB46062A049B7FF42AAF598BC80669
:1095100000F1C180597A0907C0D4049B5D6F002D0A
:10952000C1D1AA464EE71846294603F013F8002891
:1095300000F01B81049B4FF0000B93F8A12083F8EF
:10954000A080062A9CBF013283F8A1201A7D03E780
:10955000D3F88C2083F81C8089F8008052B119461A
:109560001869904799F80020002A7FF4D4AE0028AB
:109570007FF436AF049803F02FFB31E72B68002C03
:1095800000F0DA80994200F01581CF68E760022090
:10959000FEF70AF9394600297FF42BAF37E71C465E
:1095A000DB680493002B7FF4BCAE1EE78CC6002062
:1095B00000C700207CC60020D34D621090C600205A
:1095C000D0AB0110FEC6002047F6FE75B3F930108F
:1095D00088B2A84202D8013001B21986049BB3F9BF
:1095E000400088423FF7B8AE18461D4603F04EF9DA
:1095F000002840F0AF802A7D022A15D0049B47F650
:10960000FF7193F842206E480C2A28BF0C22B3F950
:109610003C50805CB3F93E2002EBE50282408A4276
:10962000A8BF0A46A3F84020049DB5F84810B5F835
:10963000602028468A4228BF0A46698E5208A5F84B
:109640004810490089B28A4238BF0A46A5F83080DE
:10965000A5F84A20A5F86A8003F084FC2A7D7BE601
:109660000594D5E9004058B1FEF792FC2946042044
:10967000FEF79AF854B12546D5E900400028F3D109
:1096800029460420FEF790F8002CF4D1DDE90434DB
:10969000C3F8748090E63168186A091A28297FF6A1
:1096A0003CAF049B0BF1010B5D6F4FF0000A5FFABA
:1096B0008BFB002D7FF477AE049BD3F89050002AEB
:1096C0003FF4B2AE0A2A3FF4AFAE012A7FF4A9AE4E
:1096D000AAE6AA4670E6049B93F8A300394B0CFB5C
:1096E0000055A3FB0505B1EB551F7FF616AF049D92
:1096F000284603F091FC00287FF4D0AE95F8A32013
:10970000013285F8A320C9E6072A3FF430AEC5E64A
:10971000049B188B5A6A196D0290D88A05920190A1
:10972000181D0090184603F05FF98CE693423BD178
:10973000DA68254B1A6082E699423ED1CF682F60E5
:1097400025E70131C9B2A94283F8A010BFF4CEAE1B
:10975000834601E6049B196F1A7D00297FF4FCAD56
:10976000D96E00297FF448AFF6E5049D284603F042
:1097700033FA00287FF4DEAE83462A7DECE51348F9
:10978000F7F7DCF81248F7F7D9F81248F7F7D6F8E8
:109790001148F7F7D3F81148F7F7D0F81048F7F762
:1097A000CDF81048F7F7CAF80F48F7F7C7F80F4891
:1097B000F7F7C4F80E48F7F7C1F80E48F7F7BEF808
:1097C000D8AB0110D34D62107CC600207886011002
:1097D0004C860110A486011094870110A884011002
:1097E0003C870110D08601106887011004870110A2
:1097F000C4870110EC870110B8B138B50446D4E92C
:10980000005058B1FEF7C4FB21460420FDF7CCFF01
:1098100055B12C46D4E900500028F3D1214604204C
:10982000FDF7C2FF002DF4D138BD704758B110B517
:109830000446406808B1FEF7ABFB2146BDE8104086
:109840000420FDF7B1BF704708B14175704701486A
:10985000FAF712BC1488011038B5A0B105460420EF
:10986000FDF77CFF044660B12B686868A968EA6868
:1098700060602360A160E2602B6960682361FEF78D
:109880009BFB204638BD0148F7F758F83088011097
:1098900000B10161704700BF30B108B5037D012BF5
:1098A00003D0C0F8841008BD70470148F7F746F8A8
:1098B0004C88011030B108B5037D012B03D0C0F8EE
:1098C000801008BD70470148F7F738F87488011018
:1098D00030B108B5037D012B03D0C0F8901008BD4E
:1098E00070470148F7F72AF89C88011018B1037DEA
:1098F000012B08BF8161704738B108B5037D012B8A
:1099000006D04277C0F88C1008BD0348FAF7B4BB04
:109910000248F7F713F800BFC4880110DC88011073
:1099200038B1037D012B03D90A2B01D0FFF74ABAC6
:1099300070470148FAF7A0BBFC88011010B5002958
:109940004DD000284ED003680C468B422AD02BB154
:10995000DA68A2422ED01346002BF9D10022237DD3
:10996000E2607BB9638BDA072CD4E36E002B3CD129
:10997000236F002B3CD1636F002B3CD10023237558
:10998000E38210BD0A2BF0D0012BF7D02046FFF761
:1099900019FA237D0A2BE8D0012BE3D1002323758C
:1099A000E38210BD0022CB680360237DE260002BC0
:1099B000E8D1D7E7E268DA600022237DE260002B7D
:1099C000E0D1CFE743F002036383204603F004F9BC
:1099D000237D012BC9D100232375E38210BD0748E5
:1099E000F6F7ACFF0648F6F7A9FF0648F6F7A6FF1C
:1099F0000548F6F7A3FF0548F6F7A0FF1889011000
:109A000034890110548901106C8901108889011072
:109A1000002800F0AD802DE9F04F037D0546012BB5
:109A200087B000F0A8800A2B00F09480D0F8902036
:109A3000D0F850A0D0F824B0D0F81090B0F816802C
:109A40000592002B5BD1B8F1000F61D14FF00008F7
:109A500046462C6FA4B1D4E9007058B1FEF798FACD
:109A600021460420FDF7A0FE57B13C46D4E9007022
:109A70000028F3D121460420FDF796FE002FF4D1F3
:109A8000EC6EA4B1D4E9007058B1FEF781FA21461A
:109A90000420FDF789FE57B13C46D4E90070002848
:109AA000F3D121460420FDF77FFE002FF4D16C6F27
:109AB000A4B1D4E9007058B1FEF76AFA2146042037
:109AC000FDF772FE57B13C46D4E900700028F3D18F
:109AD00021460420FDF768FE002FF4D13EBB2B7D0C
:109AE000012B4BD029460220FDF75EFE059B5BB3A0
:109AF0006FF00C01484607B0BDE8F04F18470E461E
:109B000001462048FFF71AFF01221F4B1A70A0E7F9
:109B10001E4A136883421AD033B1DA68AA4201D0D0
:109B20001346F9E7EA68DA600023EB608EE7CDF8C8
:109B300004802B8B5A4602932B1D009351462B46D3
:109B4000284602F051FFCAE707B0BDE8F08FC368AE
:109B50001360E9E701460E48FFF7F0FE2B7D012B6D
:109B60000CD02946022007B0BDE8F04FFDF71CBE1F
:109B70000848FAF781BA0848F6F7E0FE0748F6F712
:109B8000DDFE00BF7CC60020FEC6002080C600208F
:109B900090C60020A0890110BC890110A884011082
:109BA0000121FFF735BF00BF08B531B108460121DB
:109BB000FFF72EFF6FF00C0008BD0148F6F7BEFE60
:109BC000F0890110F8B506460220FDF7C7FD0446EE
:109BD00038B3A422002120460DF0A0FBFF224FF055
:109BE00006114FF48660554BE272A3620923544A72
:109BF000544D1278C4F83E10A277534A5349C4F822
:109C00008420534A2D686675A4F86400514E52486A
:109C1000C4E9251226632562A064C4F89C3020465E
:109C2000F8BD4E4F3D685DB12846438BED681A077D
:109C3000F9D523F008034383FFF79CF8002DF3D1F7
:109C4000474B1B688BB100213E4A10681A6A821A82
:109C5000914298BF1C46DB6898BF1146002BF5D196
:109C60001CB101212046FFF7D3FE0220FDF776FD4F
:109C700004460028ADD1396891B12246314B1868AD
:109C80000B7D092B05D10B6AC31A9A429CBF0C4667
:109C90001A46C9680029F3D114B12046FFF7B8FE6F
:109CA0000220FDF75BFD0446002892D1396891B18E
:109CB0002246244B18680B7D082B05D10B6AC31A6A
:109CC0009A429CBF0C461A46C9680029F3D114B1C8
:109CD0002046FFF79DFE0220FDF740FD04460028C8
:109CE0007FF477AF330626D4EEB132463B68013AB3
:109CF000D2B2C3B1134900250F6805E0186A0A46BD
:109D00001C463D1ADB684BB1597D8A42F6D8F9D121
:109D1000186AA7EB000C6545F4D8F0E71CB10121E7
:109D20002046FFF775FE0220FDF718FD04460028C7
:109D30007FF44FAF73E77F22D8E700BF30043004D1
:109D400000C700208CC60020559F001000DD6D006C
:109D5000F8240100FFFF1802010030047CC6002037
:109D600090C600204020FFF72DBF00BF10B584B083
:109D7000002800F09F800446037D19B1042B17D002
:109D8000072B15D0012B6AD0022B47D0002B5AD1BC
:109D9000E38A002B4CD04C4A1368A34200F0878022
:109DA000002B00F08180DA68A2427BD01346F7E7EF
:109DB000A36F002B43D0638BDB0640F18180208BA7
:109DC000E28A211DCDE90120626A009123462046E6
:109DD000216D02F009FE237D012B04D90A2B02D04C
:109DE0002046FEF7EFFF394A1368A34234D033B15F
:109DF000DA68A24201D01346F9E7E268DA6000208F
:109E00000121334B334A1B68E060A342117020D01C
:109E1000237D012B0CD13048F6F790FD21462B48CD
:109E2000FFF78CFD0121237D2A4A8B421170F2D06D
:109E300021460220FDF7B8FC002004B010BD238DA0
:109E4000B3F5866FB7D1204604B0BDE81040FEF7E9
:109E500091BF01F085FEEFE7E3681360CFE70020D4
:109E60001E4901F10C0C51F8043F1A682AB1D36F56
:109E70009C4212D0D268002AF9D18C45F3D12146F8
:109E80001748FFF75BFD237D012B16D021460320E9
:109E9000FDF78AFC002004B010BDD067D268002A0C
:109EA000E5D1EAE7E268DA600023E360C0E7E3684F
:109EB0001360F9E70B48F6F741FD0B48F6F73EFD56
:109EC0000A48F6F73BFD00BF80C600207CC6002094
:109ED00084C60020FEC60020A8840110C0AB01107B
:109EE00088C60020108A01104C8A0110308A0110A7
:109EF00038B538B3037D0446012B1BD0154659B144
:109F0000438B43F010034383BAB9806F10B1FEF75F
:109F10003FF8A567002038BD002AFBD0042B07D8E6
:109F2000022B07D92046BDE838400021FFF71EBFAD
:109F3000072BF7D06FF00A0038BD0121BDE838408B
:109F4000FFF714BF0248FAF797F86FF00F0038BD1B
:109F5000688A011038B500294ED00846144672B3FD
:109F60000A7D2389012A4DD00A8D13449BB2B3F593
:109F7000866F20D94FF486621346C16AB0F832E08A
:109F8000456ABEF5067F94BF01EB0E0C01F5067C19
:109F90002A44A2EB0C0CBCF1000F03851DDA491B0F
:109FA00027D4B1F5803F38BF41852ED22046FDF73A
:109FB000EFFF002038BD9A42DCD81A46DDE7002BBF
:109FC000F7D10B7D012B03D04B8B43F010034B8358
:109FD0000121BDE83840FFF7C9BE521AB2F5867FAD
:109FE0004385E3D3438B43F00203438302F0F4FD44
:109FF000DCE700234385D9E70548FAF73DF86FF021
:10A000000F0038BD0348F6F799FC0348F6F796FCB5
:10A01000848A0110BC85011088850110F8B578B3D9
:10A020000023856FD0F884606F7B0446836756B148
:10A0300001462A460069B04758B10D301DD06FF077
:10A040000400A567F8BD2989FFF736F82846FDF713
:10A050009FFFBB060FD5238DD4F88450B3F5866FD0
:10A060001CBF0133238535B1002321461A462069E0
:10A07000A8470D3001D00020F8BD6FF00C00F8BDEE
:10A080000248F9F7F9FF6FF00F00F8BDA08A011040
:10A090002DE9F84300271C4DDFF874802B781B4E08
:10A0A00001332B70D8F80040BCB1A37F2A789342CB
:10A0B00015D0638BA277D9071AD41A0711D4A36FCE
:10A0C000D4F80C9033B120463770FFF7A7FF3378F0
:10A0D000002BE7D14C46002CE7D1BDE8F883E468BB
:10A0E000E2E723F0080320466383FEF743FEE6E73A
:10A0F00043F002036383204602F06EFD638B23F07E
:10A1000003039BB26383D8E700C70020FEC600208C
:10A110007CC6002008B5FFF7BBFF064A1378013361
:10A12000DBB21370DB0700D408BDBDE80840FFF7C1
:10A13000E3B800BFFFC6002010B584B0002800F0CF
:10A140009B80037D0446012B6DD0428B042B42F093
:10A150001002428334D1A36F002B44D0208BE28ABB
:10A16000211DCDE90120626A009123462046216D20
:10A1700002F03AFC237D012B04D90A2B02D02046A1
:10A18000FEF720FE414A13689C4239D02BB1DA68B1
:10A19000944245D01346002BF9D1002001213C4BBD
:10A1A0003C4A1B68E0609C42117026D0237D012B45
:10A1B00033D021460220FDF7F7FA002004B010BD8D
:10A1C000072BC8D0022B1ED011D8C38A002BF0D089
:10A1D000314A136898424CD0002B47D0DA68944239
:10A1E00042D01346F8E7238DB3F5866FB6D12046EB
:10A1F00004B0BDE81040FEF7BDBD01F0B1FCDCE7E6
:10A20000E3681360C9E701462048FFF797FB012187
:10A21000237D204A8B421170CBD12048F6F78EFB6C
:10A22000E268DA60B9E700201D4901F10C0C51F831
:10A23000043F1B682BB1DA6F944210D0DB68002B0F
:10A24000F9D16145F3D121461648FFF777FB237D0D
:10A25000012B17D021460320FDF7A6FAADE7D867FA
:10A26000DB68002BE7D1ECE7E268DA600023E3600B
:10A270009FE7C3681360F9E70B48F9F7FDFE6FF03D
:10A280000F009BE70948F6F759FB00BF7CC600208A
:10A2900084C60020FEC6002080C60020A8840110CD
:10A2A000C0AB011088C60020C88A01104C8A01107A
:10A2B00008B530B1044B054A18681268104418609C
:10A2C00008BD0348F6F73AFB082300208CC600209F
:10A2D000E08A011008B55AB149B10B8E3BB1282B69
:10A2E00038BF2823283B9BB2984228BF184608BD98
:10A2F0000148F6F723FB00BFFC8A011000283FD07D
:10A30000036870B5054603B970BD1E4A0E46106855
:10A3100078B10268C468934206D054B120462B68D5
:10A320000268C4689342F8D10121FFF771FB002C49
:10A33000F4D1154B1C6854B122682B6820469A4210
:10A34000E468F8D10121FFF763FB002CF4D1002E63
:10A35000DAD03368002BD7D00C4B1A68002AD3D040
:10A360002B681168994205D0D268002ACCD01168B8
:10A370009942F9D133681360D268002AF0D170BDD8
:10A38000704700BF7CC6002080C6002088C6002021
:10A3900088B139B10AB1016811600BB1C28A1A8063
:10A3A000002070470AB141681160002BF8D0028B81
:10A3B00000201A8070476FF00500704770B5446F39
:10A3C000BCB10646D4E9005058B1FDF7E1FD214685
:10A3D0000420FDF7E9F955B12C46D4E900500028D6
:10A3E000F3D121460420FDF7DFF9002DF4D100233D
:10A3F000736770BDF8B5002800F0C480634B1C88FB
:10A400006CB30023624A634D1668634A2B80B2F82E
:10A4100000C0002E74D01A46604F9646944240F217
:10A42000A9801FFA8EF1531C8C459BB218D8A3EB60
:10A430000C010139C9B2715C012916D0022919D069
:10A4400061B19C4550D9554909680B441B7D012BCE
:10A4500040F2958013449AB20123DEE72B80F8BDC9
:10A4600039687144097D0129E8D11A460EF1010EBF
:10A470000123D3E7911C9C4589B225D9DFF81CE163
:10A48000DEF800E073441B7D042B23D14B1CA34258
:10A4900020DAD31C8C4502F104029BB292B21BD885
:10A4A000A1EB0C01C9B2715C09029C4521D8A3EB58
:10A4B0000C03DBB2F35C0B43591EB1F5067F28BFDA
:10A4C0004FF406734386C7E7A3EB0C03DBB2F35CE0
:10A4D000042BDBD02980F8BDDFF8C0E0DEF800E017
:10A4E0007144097D0902E0E7A3EB0C03DBB2F35CE6
:10A4F000ADE7DFF8A8E0DEF800E073441B7DDAE7A3
:10A50000264A33461768324602F11406944231D97E
:10A51000B95D531C01299BB20DD002290FD000292F
:10A520009CD03B441B7D012B29D913449AB20123B3
:10A5300002F11406EAE71A4601360B46E6E73B4409
:10A540001B7D911C042B89B2C4D14B1CA342C1DAE0
:10A55000D31C394417FA83F3097D1B7D043243EA87
:10A560000123591EB1F5067F28BF4FF4067392B23E
:10A570004386DCE7002B3FF472AF2A80F8BD02323D
:10A580002A80F8BD0648F6F7D9F900BFE6C60020D4
:10A5900098C60020E2C60020E4C6002094C6002031
:10A5A000248B0110F8B5002840D00369054698892E
:10A5B0000C46FCF7DFFBC20734D41E4E21692B8901
:10A5C00037684868B4F808C03B441A1AA2EB0C027A
:10A5D000002A1CDB8889FCF7CDFBC30708D4204682
:10A5E0002468FFF723F9002CE8D100242C60F8BD83
:10A5F0002B6901209F89FCF7BDFB2B69074320468F
:10A6000024689F81FFF712F9002CD7D1EDE7C31A18
:10A61000002BEBDAC11B89B268682981FDF7ECFBDE
:10A620002C60F8BD2046FFF7E7F8DEE70248F6F7B2
:10A6300085F900BF6CC60020408B0110002944D072
:10A640002DE9F84F06460C469146DFF89C80234FD3
:10A650002369D8F800505868FCF790FB23698246BC
:10A660009889B4F808B0FCF785FB10F0030018BF18
:10A670000120A5EB0A05A5EB0B052D1A002D21DB0A
:10A68000D4E90050FDF78EFCB6F8663098421ED82B
:10A69000398822891B1A0A44A6F8663020463A8077
:10A6A000FFF7C4F8B6F8663043B10DB12C46CFE7DA
:10A6B000B9F1000F0ED00020BDE8F88F002DFAD0C0
:10A6C0002C46C5E72046BDE8F88F002070470448B7
:10A6D000F6F734F90348F6F731F900BFE0C6002079
:10A6E000688B0110908B0110E82E00202DE9F84FA7
:10A6F000017D032940F217849C4B9D4D1A78044636
:10A70000D0062B6848D49B4E30882B68002800F078
:10A710008B80217D0629626A00F28780D11AB1F10F
:10A72000010CA3EB020700F1318107F1FF3E1EEBA4
:10A73000000F00F12B81904F7868002800F02384EF
:10A740004FF6FE73994200F21B84028989B28A4255
:10A75000C0F013843B89521A5B1A3B81438992B241
:10A7600099420AD94FF0000CA0F80AC00281006893
:10A77000C91A438989B28B42F6D3FDF7A9FB636AF4
:10A780003A692B605360238D002B40F01F822046D6
:10A79000BDE8F84F02F0F8B9606DDFF8EC81C61A39
:10A7A000002EB4F860E0D4F85890D8F8002051DBBF
:10A7B00098424BD0914500F07281676CF446B81A0C
:10A7C0000028CA465ADB6B4E3088002800F0C28051
:10A7D000676B002F9ED0A36B9B1A002B94DA674BFC
:10A7E000B4F93C201888C2F3CF01BFB2431ADB1B77
:10A7F0009BB21A4412B213F4004FA28702D0091A76
:10A800000F44BBB200216163B4F93E103088A1EB64
:10A81000A1010B449BB203EBE202E387A4F84020C2
:10A820002B6800287FF475AF626A991A002907DB4C
:10A83000218D013A0A44D31A002B01DBBDE8F88FC1
:10A84000638B43F002036383BDE8F88FA9EB02003A
:10A850000028AFDA4A480068B0F80EC0B4F86200C9
:10A86000676C6045A7EB020038BFA4F862C00028FF
:10A870009246C4E91532A4F860C0A4DAFB43D3427F
:10A8800000F11581236D9B1A002BC0F21081618BA2
:10A89000B4F84A0011F0040340F03381B4F8486082
:10A8A000D71BA4F842306264E38FB4F93C2086429F
:10A8B00003EBE20328BF3046BFB2A4F8403080F07B
:10A8C000348111F4006F0CBF02220122638E13FB4E
:10A8D00002F39BB2BB4294BFF218F21993B2B34297
:10A8E00080F052814FF6FF73A4F84830D4E91B2161
:10A8F0002046FFF7A3FE0246E16E22672046FFF7DF
:10A900009DFE0023226F2377B2FA82F35B095B423C
:10A91000E0662386002800F03A811A4B1988B4F8C3
:10A9200064300B44A4F86430638B190540F1C28095
:10A93000002A00F0488213695868FCF71FFAE36C9C
:10A94000C01A0028C0F2B680638B0A4E23F400635D
:10A950006383B0E00CEB0A01CE44714500F0B78090
:10A96000676B002F7FF437AF5EE700BFF5C60020AE
:10A970006CC60020E8C60020C44200208CC600201F
:10A9800094C60020E0C60020E82E0020002FC0F270
:10A990009980218D11EB0C0F3FF5F9AE934200F039
:10A9A000E982D4F87480B8F1000F00F01C82D8F866
:10A9B000100042689A4200F0ED80991A0029C0F216
:10A9C0004B82D8F8007003F1FF3CA7B138694268A8
:10A9D0009A4200F0E280D8F810104968ACEB01010F
:10A9E000002903DBD11A012940F1AA80B846D8F822
:10A9F0000070002FEAD1D21A002ABFF6C8AE8089B3
:10AA0000FCF7B8F9C1073FF5C2AEB748FEF724FF1F
:10AA1000C8F8000000283FF4BAAED8F81030B8F8F3
:10AA200008205B6829681A448A1A002AC0F27E82CC
:10AA30003288636A9B1A228D13445B1A002BBFF67F
:10AA4000A6AED8F800301B699889FCF793F9C207C5
:10AA5000D8F8003000F17982218D2A685868891A67
:10AA6000626A114489B21981FDF7C6F9D8F800303D
:10AA70001F891B699889FCF77DF910F0030318BF43
:10AA8000012329683B449BB21944228D3380636AB9
:10AA9000134499423FF47BAE9448F5F74FFF944836
:10AAA0000068B0F80EC0E645BFF487AED6E6204693
:10AAB00002F06AF88F4E676B002F3FF425AED8F88E
:10AAC000002088E6638B43F0020363835FE6B4F9FA
:10AAD00030100029FFF644AF97427FF441AF94F85D
:10AAE0004310FF2900F0C3810131C9B2032984F862
:10AAF000431000F2BC817FF433AF204601F042FFE7
:10AB0000D9E7D71B6264002221F00401E38F61833F
:10AB1000B4F93C10A4F8480003EBE103BFB2A4F879
:10AB20004030A4F86A20A4F84220B4F86A20174400
:10AB3000BBB29A421DD883421DD2A4F86A30D5E632
:10AB40006948FEF789FE064600283FF420AED8F893
:10AB500010302A685968B8F808300B44D31A002B13
:10AB6000C0F2AE8139463046C8F80060FFF71AFDE2
:10AB70000DE64FF6FF731B1AA4F86A30638E034488
:10AB80009BB28342FFF4AEAEA4F84830AEE6A4F820
:10AB90006800C2E647464FF0000853483B890289E7
:10ABA0009A427FF6F4AD3B68002B3FF4F0ADFEF720
:10ABB00053FE00283FF4EBADB8F1000F00F089819F
:10ABC000C8F800003946FFF7EDFCE0E51346988928
:10ABD000B7F80880FCF7CEF810F0030018BF01208A
:10ABE000228D08EB00039BB29342338000F2078171
:10ABF000616F002900F000813B699889FCF7BAF881
:10AC0000C20746D4D4F8748033882968B8F1000F9D
:10AC100009D195E14046D8F80080FEF707FEB8F16B
:10AC2000000F00F03881D8F810003388D5F800E024
:10AC3000D0F804C0B8F8082003EB0E0162448A1A69
:10AC4000002AC0F220818089FCF794F8C307E1D57F
:10AC50003B699889FCF78EF88007DBD43B690120BB
:10AC6000B3F80C90FCF786F83B6949EA000098813C
:10AC700080B2B7F80890FCF77DF810F0030318BF16
:10AC800001239944A6F80090C4E703686367FEF7C0
:10AC9000CDFD606F0028F8D133882968228D1944D2
:10ACA0009342616200F26381D21A22852046FEF748
:10ACB000D7F97B681A891AB10F4A136000237B60A9
:10ACC0003B699889FCF756F8C20704D50B4A1378FC
:10ACD00043F020031370666F002E6BD04FF0000915
:10ACE000DFF81480054F26E0C4420020FC8B0110E1
:10ACF00094C60020E8C6002060C60020FCC60020E4
:10AD0000FDF76EF9C6F8049033699889FCF732F8BC
:10AD1000C30708D53B7843F020033B70237D042B09
:10AD200004BF07232375336830466367FEF77EFD53
:10AD3000666F002E3ED03169626A4B68934239D10A
:10AD40002B608889B6F808A0FCF714F810F003000F
:10AD500018BF0120636AB6F808B09A4450443369BA
:10AD600060629889B4F828A0FCF704F810F003009A
:10AD700018BF012058448245C0F0E4803369B6F81A
:10AD800008A09889FBF7F6FF10F0030018BF012018
:10AD9000238D50441B1A23852046FEF761F9716804
:10ADA0000B89002BB0D0D8F800000028A8D1C8F833
:10ADB0000010A7E7638BD8071AD523F0010343F0EF
:10ADC000020363833AE548B103695868FBF7D6FF8D
:10ADD000E36CC31A002BFFF66DAE638B23F40063A4
:10ADE0006A4E638367E66A48FEF736FD6067CEE425
:10ADF00043F00103638321E52968194450E73B6967
:10AE00009889FBF7B7FFC2073B6948D49889238D1F
:10AE10003B81FBF7AFFF3989800744BF01F1FF3168
:10AE200089B2786848BF3981FCF7E6FF3B69B7F81B
:10AE300008809889FBF79EFF10F0030318BF0123D9
:10AE4000296843449BB25818228D616A33801144AB
:10AE500088423FF4CDAE1FE64D48FEF7FDFC0028CA
:10AE60003FF495AC41466067FFF79CFB8FE4B4F874
:10AE70004820638E13449BB29A4201D94FF6FF7368
:10AE8000A4F8483039E6ACEB0102002A23DB228D1E
:10AE9000C4F8748004E7338829681944F7E7B3F8E5
:10AEA0000C804046FBF766FF00F03E00FBF762FFB8
:10AEB00028F47C583B6940EA0800988180B2A6E7F4
:10AEC000521A91B2D8F80400A8F80810FCF794FFC1
:10AED00048E6606776E63B69ACEB0E0CA7F808C065
:10AEE0009889FBF747FF810702D53B89013B3B81EE
:10AEF00039897868FCF780FF3B69B7F80890988932
:10AF0000FBF738FF10F0030318BF01234B44D8F8B8
:10AF100010209BB2338051682A681A448A42B6D006
:10AF20001C48F5F70BFD1C48F5F708FDCB1A99B244
:10AF3000A8F80810D8F80400FCF75EFF296877E548
:10AF40001944A4E71548F5F7F9FC1B699F893846B1
:10AF5000FBF710FF00F03E00FBF70CFFD8F80030C5
:10AF600027F47C57196940EA07028A8174E50C4886
:10AF7000F5F7E4FC064F3B6929E60A48F5F7DEFCE5
:10AF80000948F5F7DBFC0948F5F7D8FCE8C60020CE
:10AF9000C4420020348C0110B08B0110908C011041
:10AFA000708C0110EC8B0110DC8B0110CC8B01102C
:10AFB0002DE9F04F8BB0002800F0B4844389594F3D
:10AFC0004268132B04463A6005D820460BB0BDE812
:10AFD000F04FFCF7DDBF544E3168706905F074FF27
:10AFE0000028F2D1736903F0F003E02BEDD006F1F5
:10AFF0001403009306F110084346062120462289D7
:10B00000FCF752F905460028DFD13B689889FBF729
:10B01000B1FE810A01F0FC011329D6D923898B42A4
:10B02000D3D36289DFF81CA1DFF81C91A1F11403CE
:10B030009BB28A42C9F80050AAF8003080F05B82C7
:10B040002368002B00F0518514212046FCF740FFB7
:10B050006589364B29462046BAF800A01D80FCF7CA
:10B0600037FF2068AAEB050B43891FFA8BFB5B4572
:10B07000ABD343685946C9F80030FCF729FF238950
:10B0800062892B44A3EB0A039BB22381002A40F080
:10B090000485226812899A4240F0FC843D68288821
:10B0A000FBF768FE28803D686888FBF763FE6880D0
:10B0B0003D686868FBF762FE1D4B68603D6818607C
:10B0C000A868FBF75BFE1B4BA8603D681860E88929
:10B0D000FBF750FE3B68E8819889FBF74BFE164B67
:10B0E00000F03F0B83F800B08107C3B2B4F808E06A
:10B0F000059340F006827046104B0793A3F800E0DA
:10B100000F4A3B68D2F80090B9F1000F00F0F680CA
:10B11000D6E904CA4D460022CDE908BE7168069002
:10B120001AE000BF94C60020D8420020E4C60020E8
:10B130006CC60020E82E0020F5C60020E8C60020DE
:10B140007CC60020E6C6002098C60020E8682A4693
:10B15000002800F0D2800546287D002800F0D68324
:10B160000A2800F0D083012800F0D383287A38B170
:10B1700091F83CE00EF1010E5FFA8EFE7045E5D1CC
:10B18000B5F818B0B3F800E0F345DFD1B5F816B064
:10B19000B3F802E0F345D9D168686045D6D1286894
:10B1A0005045D3D1E968DDE908BEA94200F05B84CF
:10B1B0003AB1D1607C4AA9451560C5F80C9000F001
:10B1C00055840022794EDFF8FCA13361784BDFF81B
:10B1D000F8911A80059BA6F808E0180774603260A1
:10B1E000CAF8002089F8002003D5637B43F00103EF
:10B1F0006373AB6F7BB12846FEF710FF0D3000F094
:10B20000D981AB6F23B1079B1B88002B40F0D28103
:10B21000684B93F800B0684C1BF00402256000F006
:10B2200092812B7D022B00F0CB81644A11686A6AFF
:10B230008A4200F0E382881A002899F8003007DB80
:10B24000521A298DD14203D46A8B42F002026A83DA
:10B2500003F00803002B40F0C281554B1A8852B10D
:10B26000D5F8803023B12946286998470D3038D069
:10B2700000234F4A138099F80030D80600F1C482A9
:10B28000DAF80020BAB1AB6F002B40F02B846B8B47
:10B2900013F0100340F06883D5F88470002F00F09D
:10B2A0007B8329462869B84710F10D0F19D010B1DA
:10B2B000DAF80030AB6799F80030990607D5AB6F24
:10B2C000002B00F032835A7B42F020025A73002296
:10B2D00099F800302260DA0600F19682284601F0E3
:10B2E0007BFC002570682560CAF8005010B1FCF79F
:10B2F0004FFE75600BB0BDE8F08F0698304A1568B8
:10B30000002D41D0D6F804E0D6F810A002E0ED6898
:10B31000002D39D02A7D0A2A40F02383297A29B1C9
:10B320009EF83C200132D2B29142F0D11A88B5F891
:10B3300018C09445EBD15A88B5F816909145E6D1DE
:10B340006A685245E3D1296872699142DFD1059B51
:10B350005A073FF53AAE9F0740F1FB82174B1A6838
:10B360006B6AD11A002904DB298D9B1AD94240F15E
:10B37000848300283FF429AE6B8B284643F00203F8
:10B380006B8301F029FC20E6DFF840A0DAF800101A
:10B39000002900F0C0800D464FF0000C8B46D6F817
:10B3A00004E0D6F8149019E07CC60020C4420020C6
:10B3B000E0C60020F5C6002084C600206CC6002030
:10B3C00090C6002060C60020FCC6002088C6002071
:10B3D000EA68AC46002A00F09E801546297A29B119
:10B3E0009EF83C200132D2B29142F1D1E98A5A88CA
:10B3F0009142EDD12A684A4501D0002AE8D1594648
:10B40000BCF1000F05D0EA68CAF80050CCF80C2057
:10B41000E960059A51073FF5D8AD12F0100940F0E8
:10B42000C28013469B077FF5D0AD687DFEF7CAFB4F
:10B430008046002800F05682D6E904328246032175
:10B440003E684AF8042B4360B34B327876781B6829
:10B4500042EA0622EE8A0133028301754362C36227
:10B46000C682FEF725FFAC4B1B68013BC8F8543081
:10B470002B69C8F87C50C8F81030A84BC8F85800A1
:10B48000C8F85000C8F84400C8F85C001968C3F850
:10B4900000806B7A03F00C0388F809302B7AC8F827
:10B4A0000C1088F8083001F0EDFE01229C4B40465C
:10B4B0001A70FEF79FFF3B685046DA894B4662F3ED
:10B4C0000F0362F31F43C8F86030B8F8325005F03C
:10B4D00091FA524601462846FEF7FCFE1221A8F8D2
:10B4E0003200404601F060F9002840F015824046E5
:10B4F00001F072FB69E58B4A20461380FCF7E8FCFB
:10B50000CCE50EF10103884A98B286450792108077
:10B510007FF6F6AD59E59889FBF72CFC41073FF51E
:10B5200054AD079A3B6811887B4A706812680A44D8
:10B530007E4909681D8802955B88CDE900837C4BB4
:10B5400001F0ACFA41E51BF002016B8B56D0297D6E
:10B550000239012900F2C28113F0100340F0CD81BD
:10B56000A5F8A230734B28461B682B62FEF742FFFA
:10B570002B7D9A1E012A11D8032B00F021820BF09B
:10B580001203122B06D1694A6B6C12680133934285
:10B5900000F052811BF0100F40F0218299F800302A
:10B5A00003F0080356E65C4A6049126809680244E1
:10B5B0007046BFE76B8D002B00F034815E4C90E647
:10B5C0005A4B2A6D1B689A42E8D199F8003043F033
:10B5D000080389F800306B8B23F001036B83D5F8E7
:10B5E00090301BB16FF00D012869984729464B48F0
:10B5F000FEF7A4F92846FDF749FC72E613F01003A4
:10B6000040F01481A5F8A2304A4B28461B682B62F3
:10B61000FEF7F0FE2B7D023B072BBFD801A252F8AC
:10B6200023F000BF95B5001077B7001045B60010A5
:10B6300041B70010DFB6001045B6001099B60010F3
:10B6400069B600102846FFF751F899F8003013F05A
:10B65000200F03F008033FF4FDAD07222A756A8B23
:10B6600042F002026A83F5E52846FFF73FF8334BC4
:10B670001B78DF0692D52D4B296D1A6899F800309A
:10B6800091427FF4E5ADEA6E002A7FF4E1AD43F02C
:10B69000100289F80020DBE52846FFF727F8274B42
:10B6A0001B78DB067FF57AAF204B2A6D1B689A4228
:10B6B0007FF474AFEB6E002B7FF470AF2846FEF77B
:10B6C0002FF9164B1B68AB4200F00882002B00F0EC
:10B6D0006B81DA68AA4200F065811346F6E72846D6
:10B6E000FFF704F899F800309A067FF5B1AD6B8B3F
:10B6F000284643F002036B83FEF712F9074B1B68E1
:10B70000AB4200F0EB81002B00F04E81DA68AA42D8
:10B7100000F048811346F6E76CC600207CC6002086
:10B72000FEC60020E4C60020E8C60020E82E002067
:10B73000EC4200208CC6002084C60020F5C6002004
:10B740002846FEF7D3FF99F80030B54A9F0640F12E
:10B75000128111786A8BC80642F0020205D5B14900
:10B760000868296D814200F0AD816A83082203F0E8
:10B7700008032A756EE51BF0100F3FF40FAFA94BBD
:10B7800019686B6CDB43CB4200F1B2812B6D5B1A05
:10B79000002BC0F2AD8104232B75EB6F002B00F062
:10B7A000E6809B69002B00F05B8100222946286916
:10B7B00098470346002840F04F812846FEF796FF41
:10B7C000994A13880BB1013B138041F21C13698E17
:10B7D0004A009A42174638BF1F46B7EB810F4FEA1F
:10B7E000810040F2468183B2A5F8483099F80030D4
:10B7F0009A067FF52DAD07222A7525E5002B7FF4EB
:10B80000E4AE8A48F5F79AF86B8BDB063FF5EEAEAF
:10B81000D5F89030002B3FF4E9AE6FF00E012869A7
:10B820009847E3E6284601F0AFF9C7E62846A5F8B1
:10B83000A210FEF7DFFDEDE6002204206B647C4BD6
:10B840003F681B68B5F83280591C6962E962F98962
:10B85000013B61F30F0261F31F422F186B652875DE
:10B860002A66384605F0C6F83A4601464046FEF7D5
:10B8700031FD41F21C134100994202460F4638BF88
:10B880001F46B7EB820F68864FEA800040F21681B0
:10B8900083B2A5F84830B5F86630002B00F0088177
:10B8A000286F013BA5F86630002800F0FC80036893
:10B8B0002B67FDF7BBFF2B6F002B00F0F1800023FF
:10B8C00085F842302B86D5F8883033B100222946DE
:10B8D000286998470D303FF404AD6B8B43F00203A9
:10B8E0006B835BE6AB69002B3FF46FAB01464FF017
:10B8F000FF3228699847FFF768BB2846A5F8A220C1
:10B90000FEF778FD34E64B48F5F718F84A48F5F7A6
:10B9100015F84A48F5F712F849464046FEF778F818
:10B92000FFF753BB4648F5F709F82B8DD5F884701F
:10B93000B3F5866F1CBF01332B85002F3FF4C7ACD6
:10B94000002329461A462869B8470D307FF4BFAC5A
:10B95000C7E4059BDE077FF50CAD3A4B1B682B62F5
:10B9600007E53948F4F7EAFF1046FCF711FB2846D3
:10B97000FEF716F9B5E41278D1067FF569AC294ACD
:10B98000296D126891427FF463ACEA6E002A7FF45D
:10B990005FAC06222A755BE43B4638462946FEF733
:10B9A000D9FA81E4EA68DA600A230121274A2B7573
:10B9B000274B11701A681D60EA6001F063FCEDE529
:10B9C0001B4B1A686B6A013B93427FF4E7AD284634
:10B9D00000F09CFF99F8003003F008033AE4079A5E
:10B9E0003B681188124A188812680A440D49096890
:10B9F00002905B882846CDE90083164B00F0F4FFE7
:10BA000095F84230052B3FF6C9AD002328462B861A
:10BA100001F0BAFA99F8003003F008031AE400BF05
:10BA2000F5C60020E82E0020E0C600200C8E011094
:10BA30006CC60020308D0110088D01105C8D011046
:10BA4000B48C01108CC60020DC8D0110FEC60020D5
:10BA500090C60020EC4200200D333FF442AC86E754
:10BA60003248F4F76BFF3248F4F768FF3148F4F7D7
:10BA700065FF9A4288BF93B2B6E6CDE9019C2E4B92
:10BA8000CDF80080196802442C4B284600F0ACFF2A
:10BA9000FFF79BBA2A48F4F751FF2A48F4F74EFF04
:10BAA0004FF0FF330EE7E86E28B10368EB6600E75E
:10BAB0002548F4F743FF2548F4F740FF994288BF33
:10BAC0008BB2E6E6E96E00297FF44FAE28466A8322
:10BAD000FDF726FF1E4B1B68AB421ED1EB681C4ACC
:10BAE000136061E71B48F4F729FF1B48F4F726FFB2
:10BAF000079A3B681088194A126802441888029015
:10BB00005B882846CDE900830C4B00F06DFF99F867
:10BB1000003003F00803FFF79DBB002B3FF444AF58
:10BB2000DA68AA423FF43EAF1346F6E7588E01109A
:10BB3000848D0110B08D0110E82E0020EC42002011
:10BB4000E88C0110DC8C01102C8E0110448E011049
:10BB50007CC60020788E0110CC8C01106CC60020B1
:10BB6000024A137843F0100313707047FCC600209C
:10BB70002DE9F0479DF820A0002851D00E4600295D
:10BB80004BD00746042090469946FBF7E7FD4FEA65
:10BB90008A05044605F0040500283AD0002380F801
:10BBA0000CA032894660AA4203603CD3521B4381F9
:10BBB000028114213046FCF765F9064610BB636824
:10BBC000F88AD3F804A0AD02C4F810A0FBF7D2F8AD
:10BBD000AAF80000388B2769FBF7CCF87880484634
:10BBE0002769FBF7CBF805F5A045786048EA050022
:10BBF0002569FBF7BFF82369A88120469E74DE748F
:10BC0000BDE8F0872046FDF711FE00242046BDE880
:10BC1000F0873046FCF7BCF9F7E70448F4F78EFEEE
:10BC20000348F4F78BFE0348F4F788FEB48E011046
:10BC3000948E0110D88E01102DE9F04385B00029B3
:10BC400048D005460C4690461E4680B3007A18BB85
:10BC5000184604F0CFFE074618B300964346062167
:10BC600020462289D4F80490FBF71EFBA9F81000A7
:10BC7000EB7AAD7A0095062520463246414602977A
:10BC8000019505F001F8034620461C46FCF780F9B3
:10BC9000204605B0BDE8F083FBF786FF0746002885
:10BCA000DBD12046FCF774F96FF00304F0E7184687
:10BCB00004F0A0FE07460028F3D000964346062174
:10BCC00020462289D4F80490FBF7EEFAFF23A9F866
:10BCD0001000CFE70148F4F731FE00BF048F0110D8
:10BCE0002DE9F047C0B304461431D0F82490C58A3A
:10BCF000174622204FF4207289B2B4F818A0B4F885
:10BD00002A80FBF7C5FF064618B34389132B26D9B3
:10BD100028467568FBF72EF828805046FBF72AF86E
:10BD20006F6068804846FBF729F8034645F210002B
:10BD3000AB60FBF71FF8A8814046FBF71BF8002318
:10BD4000628D2B746B74AB74EB74636AE88113447B
:10BD5000E3623046BDE8F0870248F4F7EFFD0248A1
:10BD6000F4F7ECFD308F0110588F01102DE9F04FE2
:10BD70008FB0059101920893002800F09A83B0F8E3
:10BD80006220438E52089A4228BF1A46002A18BFE2
:10BD900013460393059B8046002B00F08483027DAD
:10BDA000911E022906D9072A04D06FF00A000FB0AD
:10BDB000BDE8F08F019B002B00F00881B8F86420EB
:10BDC0009A42C0F05F83B8F86630072B049300F204
:10BDD0005983D8F87020002B40F0AF80002A40F043
:10BDE0008E83D8F86C30002B40F08983B8F8684017
:10BDF000002C40F08D83A646A14607940994089A2A
:10BE0000D00700F18B81019A161B039AB6B29642B5
:10BE100028BF1646079AB6B2002A40F0508315464E
:10BE2000CDE90AE3DDF810A00292CDF8189012E0F7
:10BE3000002D00F04783C5F800B0019B3444A4B244
:10BE40009C4280F031821E1B039BB6B29E4228BFEB
:10BE50001E465D46B6B2012231463620FBF718FF7A
:10BE60008146002800F02A82059B4FF4207223446B
:10BE7000436000213620FBF70BFF0746002800F047
:10BE80000C824946FCF7ACF83846FCF78BF8504476
:10BE90001FFA80FABAF1080F00F23A81D8F85C3044
:10BEA000042004EB0309FBF759FC8346002800F04B
:10BEB0002F81002247608BF80C2038463F891421DF
:10BEC000ABF80870CBF80020ABF80A20FBF7DAFFDC
:10BED0000746002840F0F780DBF80420B8F8160089
:10BEE0005268CBF810200492FAF744FF049A1080AD
:10BEF000DBF81020B8F818000492FAF73BFF049A18
:10BF000050804846DBF81090FAF738FFC9F8040073
:10BF10004FF4A040DBF81090FAF72CFFDBF810206C
:10BF2000029BA9F80C009774D774ABF80A70002B29
:10BF30007FF47EAFCDF808B07FE7D8F86C90002A88
:10BF400000F0B680B9F1000F00F0CE824A461346E9
:10BF50001268002AFBD191461A7BB3F808E09200E0
:10BF6000039802F004020EEB02018842C0F2CA827A
:10BF7000A0EB0E018A1A92B2B8F8684007925A896B
:10BF8000A24240F0C28252B307998A4200F2A982CB
:10BF9000019AA24228BF22468A4228BF0A46A4EB41
:10BFA000020C1FFA8CFC0992BCF1000F00F0D28148
:10BFB0001146019A8A4208BF1D4640F08F82002236
:10BFC00096460292099A002A61D195E1B8F8663046
:10BFD000D8F86C900493B9F1000FB7D184E24D46C4
:10BFE0000199A14240F24282079A002A00F0528150
:10BFF000BEF1000F63D00F1B9742A8BF1746089AE7
:10C00000BEB2D10700F1BE81D3F8049049460A467A
:10C0100009680029FBD18946117B3F2906D851893F
:10C0200052680A440599914200F0A18101223146EB
:10C0300000200293FBF72CFE8146002800F0F281DD
:10C04000059B1A194260FBF7ADFF4FF0000E049AF2
:10C05000CDF81CE0024493B20493029B1D46264493
:10C060000994B4B2019AA2423FF6C9AE0022DDF8AB
:10C070001CC00292002B00F0C981079A002AA1D0AF
:10C0800059890A445A81099A002A00F035815C686E
:10C09000002C00F0278177469A46E346099E2389C3
:10C0A000334423812368002B00F00B811C46F6E704
:10C0B000B9F1000F7FF44AAFB048F4F73FFCCDF878
:10C0C0001CE009949BE65D46DDF818902846FDF7D4
:10C0D000ADFBB8F81A3043F08003A8F81A30B9F174
:10C0E000000F02D04846FBF753FF029B13B11846DE
:10C0F000FDF782FBB8F866303BB1D8F8703023B951
:10C10000D8F86C30002B00F02F814FF0FF304EE656
:10C11000DDF818903846FBF73BFFDAE711460022BE
:10C12000CDE90CE301F00201019B02920B91069212
:10C13000CDF828901E1B039BB6B29E4228BF1E4618
:10C140000025B6B266F30F05B34266F31F4540F211
:10C150008C800B9B3BB9B8F81A30590600F18580EA
:10C16000029B002B78D0039B06F21B2121F00301D8
:10C17000994228BF19464FF42072362089B2FBF746
:10C1800087FD8346002879D00768002F40F09D8105
:10C19000059BB0F80A9019193246856040680BF08B
:10C1A00013FA5846FBF7FEFE049BA9EB060903446D
:10C1B0009BB2082B1FFA89F9049367D8D8F85C2042
:10C1C000042004EB020AFBF7C9FA054600285DD0FB
:10C1D0000773BBF80810C0E9007B4781018158460E
:10C1E0001421FBF74FFE074600284CD16B68B8F8C6
:10C1F0001600D3F804B0C5F810B0FAF7BBFDABF8E1
:10C200000000B8F81800D5F810B0FAF7B3FDABF895
:10C2100002005046D5F810A0FAF7B0FDCAF80400A5
:10C220004FF4A040D5F810A0FAF7A4FD2B69AAF8A6
:10C230000C009F74DF74029BA5F80A900BB3069B59
:10C24000002B00F03F811D60019B2644B4B2A34245
:10C2500040F2D68006956DE7D8F86C30002B82D17D
:10C26000D8F87030002B7FF47EAF31464FF4207247
:10C270003620FBF70DFD8346002885D1DDF8289098
:10C2800027E70295E0E7DDF828901FE75F46DDF835
:10C2900028903FE796460994B1E5CA465046DDF836
:10C2A0001890FBF775FE14E75D46DDE90AE34FF0F1
:10C2B000000CDDF81890CDF810A0DBE6DDF8189042
:10C2C00007E7638960683246184405990BF07CF9EA
:10C2D0006389334463812368002B7FF4E7AEBE4655
:10C2E0005346DC461989099A1144198159898A42B1
:10C2F00000F2EE80891A5981A8F868C0B9F1000FE0
:10C3000000F09780586849460393FBF769FE039B4A
:10C31000B9F80800198901441981029A1A60D8F8FD
:10C320005C10019B049A1944C8F85C10B8F86410BA
:10C33000A8F86620CB1AA8F8643012B1D8F870308B
:10C3400073B12DB12B691BB1089A920740F192800D
:10C3500000202CE514468A1A92B21D4607923FE649
:10C36000D8F86C30002BECD10548F4F7E7FA002C34
:10C3700040F0B180B646079470E600BFD48F01103C
:10C38000FC910110079AB2426ED9089A920703D421
:10C39000B8F81A20550667D4B9B2079A01F21B21E2
:10C3A00021F00301914228BF114689B24FF4207257
:10C3B00000200293FBF76CFC8146002832D0056810
:10C3C000029B002D40F08180BAB22F464189029332
:10C3D000891B8BB2079366F30F07059B66F31F4714
:10C3E00019194068C9F808700BF0EEF84846FBF7D9
:10C3F000D9FD049AAE46024493B20493029B2DE603
:10C40000CC46DDE90CE3DDF8289033E6099A002AF2
:10C410007FF43DAEA8F868C0B9F1000F39D03E48AE
:10C42000F4F78CFAB8F81A3043F08003A8F81A3001
:10C4300060E6BEF1000F3FF470AF5C6864B3206843
:10C4400008B93AE010462289724422810268044603
:10C45000002AF7D1018971440181418971444181E8
:10C4600019897144198158E731469FE74FF0000C54
:10C470000994A4E508209C89FAF77CFC2B69044305
:10C480009C8165E7B8F81A3043F08003A8F81A30A9
:10C490003BE6BEF1000F02D02048F4F74FFA029BB2
:10C4A000C8F86C303BE71E48F7F7E6FD6FF00F0069
:10C4B0007DE41C48F7F7E0FDF8E72046CAE71A4894
:10C4C000F4F73CFA1948F4F739FA1948F4F736FA50
:10C4D0001848F4F733FA1848F4F730FA1748F4F725
:10C4E0002DFA1748F4F72AFAB8F8684084B9CE460E
:10C4F0004D464B46CDF81C90CDF82490B2E511483E
:10C50000F4F71CFA1048F4F719FA1048F4F716FA81
:10C510000F48F4F713FA00BF8C910110C491011079
:10C52000A08F0110888F01103C9101104C910110D7
:10C53000CC90011060910110E0900110AC900110BE
:10C540008C90011010900110449001105C9001102B
:10C550000C9101102DE9F04F83B0002800F0A1806C
:10C56000C56E0646002D00F096800C46002900F0AE
:10C570009580B5F8089089457DD9438E8B42C0F0EF
:10C58000938095F80CA0A9EB01074FEA8A0BBFB284
:10C590000BF0040B0BEB07014FF42072362089B22D
:10C5A000FBF776FB8046002875D068682A890389E6
:10C5B000D8F804109B1A23443A469BB25944FBF71F
:10C5C00031FEB84264D12B699889FAF7D3FB10F099
:10C5D000080BC7B253D1012307F03F07FA0748BF42
:10C5E0009B462B6948BF07F0FE075868FAF7C6FB61
:10C5F000414623185A463046CDF800A0FFF7B8FA56
:10C600008046002847D06868FBF7CCFC6A68B6F81B
:10C6100066301189A4EB0904A4B21B1A2144104608
:10C6200089B2A6F86630FBF7E7FB2B8938461C4435
:10C630002B692C819C89FAF79DFB00232A6904430E
:10C64000948168686B81FBF7ADFCB6F866300344F3
:10C65000D8F80400A6F86630FBF7A4FCB6F86630FC
:10C6600018442B68A6F86600C8F80030C5F80080AA
:10C67000D8F800304BB1002003B0BDE8F08F09239B
:10C680004FF0080B07F03707A8E7A6F86830F2E785
:10C690004046FBF77DFC4FF0FF30EDE70448F4F730
:10C6A0004DF90448F4F74AF90348F4F747F900BF95
:10C6B000409201101C9201106492011070B582B07A
:10C6C000002860D0C36E04464BB11D461B68002B8A
:10C6D000FBD12B699889FAF74DFB420739D000212D
:10C6E0004FF420723620FBF7D3FA0146002843D0DE
:10C6F0000025E36D012220460095FFF739FA002856
:10C700003AD003699B0741D10389002B41D1E36EE5
:10C71000EBB11A461B68002BFBD110600021E26DC3
:10C72000638B013243F0200340686383E265A4F821
:10C730006810FBF737FCB4F86630184480B2A4F8F0
:10C74000660008B1236F8BB1002002B070BDE066B7
:10C75000E4E72B6901209E89FAF70CFB638B2A69B9
:10C76000064343F0200396816383EDE7E36E002BDD
:10C77000EAD10948F4F7E2F8638B4FF0FF3043F059
:10C7800080036383E1E70548F4F7D8F80448F4F739
:10C79000D5F80448F4F7D2F8D4920110749201103D
:10C7A00090920110A8920110F0B58C0783B05BD075
:10C7B0000446002855D0C1F34006B7000D464FF49B
:10C7C000207239463620FBF763FA014600283BD039
:10C7D0004389BB424BD3E36D2A4620460096FFF7C0
:10C7E000C7F9002830D003699A0737D10389002B95
:10C7F00031D1E36E03B39C461B68002BFBD1CCF810
:10C8000000000022E36DA4F868200133E365EB0724
:10C8100003D5638B43F0200363834068FBF7C2FBBF
:10C82000B4F86630184480B2A4F8660010B1206FE6
:10C8300020B1002003B0F0BDE066E2E7E36E002B1C
:10C84000F8D10C48F4F77AF8638B4FF0FF3043F0DF
:10C8500080036383EEE70848F4F770F80748F4F7BD
:10C860006DF80748F4F76AF80648F4F767F80648E1
:10C87000F4F764F8D4920110A8920110909201107C
:10C8800054930110FC92011074930110F8B5002824
:10C8900036D0016F054661B30C46D4E90032927B75
:10C8A0003BB1012A25D11C46D4E90032927B002BF2
:10C8B000F7D1012A1DD1EB6E2360EBB100266B8B03
:10C8C000E96643F400636B8323692E675868FAF7BF
:10C8D00055FA2369278904469889FAF74BFA10F02C
:10C8E000030318BF01233C44234430466E63EB64CA
:10C8F000F8BD6FF00500F8BD6389A5F86830DDE785
:10C900000148F4F71BF800BFB0930110F8B50028F8
:10C9100032D0066F07464EB373689B7B012B25D13F
:10C920003268C36E026700F16C051BB90FE02D6819
:10C930002B6863B11B695868FAF720FA336904461B
:10C940005868FAF71BFA241A002CF0DB2B683360C6
:10C950002E6033686BB197F84230FF2B1CBF013358
:10C9600087F84230002318467B63F8BD6FF005005E
:10C97000F8BDA7F86830EEE70148F3F7DFFF00BF26
:10C98000D493011010B548B3036F044613B1438B21
:10C990005B0700D510BDFFF7B9FF0028FAD1B4F846
:10C9A0006010B4F848304FF0000C994228BF194687
:10C9B000628E4B085000B0EB510F618BA4F84A30E7
:10C9C000024484BF83B2A4F84A30134441F0040205
:10C9D000A4F848306283A4F830C010BD0148F3F7D2
:10C9E000ADFF00BFEC9301102DE9F04F81B0DDF8F1
:10C9F00028A0BDF82C40BDF830B0002B41D0BAF1D2
:10CA0000000F3BD00746084690461E46FAF7B6F997
:10CA10004FF42072814614212220FBF739F9054694
:10CA200048B34389132B2FD920466C68FAF7A2F933
:10CA300020805846FAF79EF9C4F80490608040467A
:10CA4000FAF79CF9A06045F21400FAF793F9A08177
:10CA500043F20400FAF78EF92946E0810025534697
:10CA60003246384625746574A574E57401B0BDE896
:10CA7000F04FFFF7E1B801B0BDE8F08F0448F3F7DD
:10CA80005DFF0448F3F75AFF0348F3F757FF00BF71
:10CA9000289401100C940110588F01102DE9F04FCB
:10CAA00085B0DDF83890BDF83C70BDF840A0002896
:10CAB00057D01E46002B5AD0B9F1000F54D005466E
:10CAC00008469046FAF75AF94FF42072834614212B
:10CAD0002220FBF7DDF80446002842D04389132BBF
:10CAE00048D938466768FAF745F938805046FAF76A
:10CAF00041F9C7F804B078804046FAF73FF9B860CA
:10CB000045F21400FAF736F9B88143F20400FAF757
:10CB100031F94FF000082289D4F804A0F881334697
:10CB200087F8108087F8118087F8128087F81380C3
:10CB300006212046CDF80090FAF7B6FBAAF81000BF
:10CB4000029506254A463146FF232046CDF800804F
:10CB5000019504F099F8204605B0BDE8F04FFBF7C9
:10CB600017BA05B0BDE8F08F0448F3F7E7FE0448B4
:10CB7000F3F7E4FE0348F3F7E1FE00BF2894011049
:10CB80000C940110588F011010B500B30446006DCD
:10CB9000FAF7F4F8002102462046FFF7A1F8014613
:10CBA00078B1231D22462046FFF746F8638B20B953
:10CBB00023F003039BB2638310BD43F0030363833D
:10CBC00010BD638B6FF0010043F00303F3E70148EE
:10CBD000F3F7B4FE449401102DE9F04F87B000281C
:10CBE00000F0B181037D0446012B00F0AF81AF4B13
:10CBF0001B68834238D0C56EB0F84880B0F86060DA
:10CC000065B300F10409007A002840F07E814846AF
:10CC100003F0F0FE02460590002A00F08B812368A5
:10CC20000BB9536823602B69B045586828BFB046DC
:10CC3000FAF7A4F82B89626C9B1A0344434517D971
:10CC4000B4F86030434500F04E81628B900708D500
:10CC5000204607B0BDE8F04FFFF796BF428B95071F
:10CC6000F7D422F080026283002007B0BDE8F08F85
:10CC7000002384F8A130236F002B00F044819A46F2
:10CC80001B68002BFBD100274E460AE0BBF1000FCA
:10CC900040F0BA802846FCF7C9FDE56E002D00F093
:10CCA00044812B695868FAF769F8626C2B89801AFD
:10CCB0001844404500F22E812B699889FAF75AF8FA
:10CCC000410700F13A81236F5BB1628B12F0440F90
:10CCD00007D1E16E002900F0D1800B68002B00F035
:10CCE000C880237DD5F810B0022B0AD01020BBF8E5
:10CCF0000CB0FAF73FF84BEA0000D5F810B0ABF8EB
:10CD00000C006B689B7B012B55D1606AFAF736F8F3
:10CD1000CBF80800608DD5F810B0FAF72BF8628DCB
:10CD2000636AABF80E001344E3622B7BD5F810B0B6
:10CD3000DA0700F18D800BF11409B4F93030002BC3
:10CD4000636BB8BF2786002B77D068684368028979
:10CD5000ABEB0303B0F80AC09BB2D21A92B2ACEBB1
:10CD60000303C0F804B0028143818BF810708BF884
:10CD700011702B7B13F0010F0CBF142318235B449D
:10CD8000994540F0DD80234606210096FAF78CFA9B
:10CD90000623059AABF810006868CDE90132A37A42
:10CDA000324600932146E37A03F06EFF002840F0FC
:10CDB000B780D5F810B06F81237D2A68022BE26618
:10CDC00003D0638B23F003036383DBF80400F9F7DC
:10CDD000D5FF2B6983469889B5F80890F9F7CAFF03
:10CDE00010F0030318BF0123226DCB445B44D21A19
:10CDF000002AB8BF23652B69B5F808B09889F9F700
:10CE0000B9FF83073FF442AF236F2F6093B12B69C3
:10CE10005868F9F7B3FFDAF8103083465868F9F725
:10CE2000ADFFABEB000BBBF1000F39DBCAF80050D4
:10CE3000AA4632E7AA4625672FE71D4B1B686363A6
:10CE4000DBF80400F9F79AFFD5F810B0A0637CE78F
:10CE5000324605994FF40670FDF73CFA40F0017038
:10CE6000F9F78CFF0BF11809CBF81400D5F810B0C6
:10CE700063E70889638E9842BFF433AFB4F8643037
:10CE8000002B3FF42EAFB4F86630072B3FF629AFE6
:10CE900012F0A00F7FF425AF00297FF4E2AE45E049
:10CEA000226F04F1700952B919E000BF84C6002056
:10CEB0008CC60020D9F80090D9F800207AB1136907
:10CEC0005868F9F75BFF2B6983465868F9F756FFF6
:10CED000ABEB000BBBF1000FECDBD9F800202A60B4
:10CEE000C9F80050D9E6236F002B7FF4AEAE94F85A
:10CEF000A130002B7FF4A9AE4FF4807284F8A230E9
:10CF0000A4F8A020A1E69A46BDE6FAF74DFE024637
:10CF1000059081E6E16E628B00297FF4A2AE05E008
:10CF2000638B43F0800363839FE6628B0023A4F846
:10CF3000683096E66FF0030097E60648F3F7FEFCCC
:10CF40000548F3F7FBFC0548F3F7F8FC0448F3F752
:10CF5000F5FC00BFA4940110F08E01106494011040
:10CF60007C94011008B550B190F84230FF2B1CBFE3
:10CF7000013380F84230BDE80840FFF72DBE01487C
:10CF8000F3F7DCFCBC940110F8B500283FD0016F2A
:10CF9000044631B10D46D5E90032927B43B1012AF6
:10CFA00000D0F8BD1D46D5E90032927B002BF6D1AA
:10CFB000012AF6D1E36E2B602BB30026638BE1666A
:10CFC00043F4006363832B6926675868F9F7D6FE3C
:10CFD0002B692F8905469889F9F7CCFE10F00303D9
:10CFE00018BF012394F842203D44FF2A18BF0132A4
:10CFF0002B4418BF84F8422020466663E364BDE8F2
:10D00000F840FFF7E9BD6B89A4F86830D5E701481F
:10D01000F3F794FCE09401102DE9F047002844D088
:10D020000446006D0138F9F7A9FE4FF42072074657
:10D0300014212220D4F82490E58AB4F818A0B4F87A
:10D040002A80FAF725FE064658B34389132B2FD9B9
:10D0500028467568F9F78EFE28805046F9F78AFE53
:10D060006F6068804846F9F789FE034645F2100074
:10D07000AB60F9F77FFEA8814046F9F77BFE0023FD
:10D08000E8812B74608D6B74AB74EB74636A31460A
:10D090000344E36222462046231DBDE8F047FEF725
:10D0A000CBBD4FF0FF30BDE8F0870348F3F746FCF7
:10D0B0000248F3F743FC00BFFC940110588F0110A5
:10D0C0002DE9F041002858D0C56E0446002D4ED001
:10D0D00090F8A230FF2B1CBF013380F8A2302B69DF
:10D0E0009889F9F747FEC30726D42B69012120460A
:10D0F0005A68FEF7F5FD064600283BD0D6F80480B6
:10D1000068682A89038908F114019B1A9BB20122DD
:10D11000FBF788F82B695868F9F730FE236D01306A
:10D120001B1A002BB8BF2065224631462046231D1E
:10D13000BDE8F041FEF780BD2F892B69391E18BF6D
:10D14000012120465A68FEF7CBFD064690B1D0F883
:10D150000480002FD4D11120B8F80C70F9F70AFE22
:10D1600027F47C57BFB20743A8F80C70D2E72846D3
:10D17000BDE8F0814FF0FF30FAE70148F3F7DEFB3E
:10D180001895011010B5FCF7C5FF144B1B68DBB1F7
:10D19000F9F784FB04460820FA34FAF7DFFAD0B135
:10D1A00000220F4B0F49C0E901430B680260C260C7
:10D1B0001BB907E019461B681BB15A68A21A002A5E
:10D1C000F8DA0360086010BD074B1B68002BDFD145
:10D1D000064A136010BD0648F3F7B0FB7CC600207A
:10D1E00085D100108887002090C600209CC60020B2
:10D1F0003C95011070B5054643689847F9F74EFB1A
:10D200001C4B29681C680C44231ADE0F19D00246F7
:10D2100008208C18FAF7A2FA48B30022164B1749D7
:10D22000C0E902350B68C0E900241BB907E01946C4
:10D230001B681BB15A68A21A002AF8DA036008605A
:10D2400070BD0820FAF78AFA88B10B4B0B49C0E988
:10D2500002350B68C0E9006423B9F0E719461B6882
:10D26000002BEBD05A68A21A002AF7DAE6E7044846
:10D27000F3F764FB30300020F5D1001088870020E0
:10D280003C950110164B1A6802B17047154A126896
:10D29000F2B1012210B51A60F9F700FB044608202C
:10D2A000FA34FAF75BFAC0B100220F4B0F49C0E91C
:10D2B00001430B680260C2601BB907E019461B6896
:10D2C0001BB15A68A21A002AF8DA0360086010BD80
:10D2D000074A1268002ADCD170470648F3F72EFB94
:10D2E0009CC600207CC6002085D1001088870020C5
:10D2F00090C600203C9501102DE9F041DFF88480B4
:10D300001C4E1D4C08F1280503E0036045452060D4
:10D3100027D058F8087FB7F1804F24D2F9F7BEFA2A
:10D32000034608201F44FAF719FAF8B100222368CF
:10D33000C0E90268C0E90027002BE7D05A68BA1A92
:10D34000002AE2DB19461B683BB15A68BA1A002A68
:10D3500003DB19461B68002BF7D1454503600860C5
:10D36000D7D1BDE8F0810548F3F7E8FA0448F3F7B0
:10D37000E5FA00BFF5D10010888700207C950110E8
:10D380003C950110E8AB0110B0F1804FF8B51DD20B
:10D3900005460F461646F9F781FA044608202C4444
:10D3A000FAF7DCF9A8B100220B4987600B68C66068
:10D3B000446002601BB907E019461B681BB15A683C
:10D3C000A21A002AF8DA03600860F8BD0348F3F7F0
:10D3D000B5FA0348F3F7B2FA888700207C9501106C
:10D3E0003C95011030B40D4D2B689BB1002403E037
:10D3F0001A681C4672B113469A688242F8D1DA68FC
:10D400008A42F5D11A683CB12260194630BC082026
:10D41000FAF7CAB930BC70472A60F6E7888700205F
:10D420002DE9F843F9F73AFA114E0546114C124F1F
:10D4300010E02168B1B14B68EA1A002A12DBD1E989
:10D4400002890A6808203B602260FAF7ADF9B8F15A
:10D45000000F09D13378002BEBD0FAF7FFFB2168DE
:10D460000029E8D1BDE8F8834846C047F2E700BF8D
:10D47000FBC60020888700203030002010B5074C04
:10D4800023683BB1F9F70AFA23685B68181A48BFAA
:10D49000002010BD4FF0FF3010BD00BF8887002076
:10D4A00008B5F9F751FC6FEA80406FEA9040014BF4
:10D4B000188008BD0E2300202DE9F04F85B000280C
:10D4C00000F011818946002900F00A814389044651
:10D4D000072B65D9854FD0F804803968786903F047
:10D4E000F3FC8246B8F80000F9F744FC0646B8F8A9
:10D4F0000200F9F73FFC7E4B0246D3F800E0BEF194
:10D50000000F00F0D3807B69D7F804C00293BAF112
:10D51000000F4BD0002501332946734600F0998057
:10D52000039404E0D868194600286ED00346588A50
:10D530009042F7D193F808B0BBF1000F05D09CF8EA
:10D540003C000130C0B28345ECD1186838B1029C70
:10D5500084EA000BD9F808001BEA000FE2D1187C1E
:10D56000440702D4002D08BF1D46988AB042D9D185
:10D57000586810B13C69A042D4D1039C29B15C4ADF
:10D580001360DA68CA60C3F80CE01D4640E0BAF1E7
:10D59000000F05D17B6903F0F003E02B40F0908091
:10D5A000204605B0BDE8F04FFAF7F2BC7346554689
:10D5B0005146039403E0D868194630B30346588AAD
:10D5C0009042F8D193F808B0BBF1000F05D09CF859
:10D5D0003C000130C0B28345EDD1186810B1029C07
:10D5E000A042E8D1187C400702D4002D08BF1D4698
:10D5F000988AB042DFD158680028BED03C69844286
:10D60000BBD0D86819460028D8D1039C002D4FD034
:10D61000B8F806304BB1374B1121009320462289D0
:10D62000043BF9F741FE0028BAD108212046FAF759
:10D630004FFC002851D1002DA9D0AF69002FAFD0E9
:10D64000E869224629462C4B0096B84705B0BDE84C
:10D65000F08FF346039404E0D86819460028D4D02C
:10D660000346588A9042F7D193F808E0BEF1000FC4
:10D6700005D09CF83C000130C0B28645ECD1187C46
:10D68000400709D43DB3D9F804002C68844203D084
:10D690001C68844208BF1D46988AB042DCD1586895
:10D6A00010B13C69A042D7D1DE4666E77B690293A0
:10D6B000D9F80430029A9A427FF472AF0025A7E7A6
:10D6C000B9892046083109B2FAF722FC0321204625
:10D6D00002F032FD64E71D46DEE70848F3F72EF955
:10D6E0000748F3F72BF90748F3F728F9D842002049
:10D6F000BCC60020EC420020E8420020E895011062
:10D70000CC950110B49501103F4B2DE9F041002953
:10D7100014BF0C461C4600286CD03C4F3D68002DC1
:10D7200035D0A84218BF294602D138E0884236D009
:10D73000C9680029FAD1002A34D026682B4616B9C8
:10D740001CE0DB688BB19842FBD0B3F812C0944563
:10D75000F7D11C68B44201D0002CF2D16FF0070061
:10D76000BDE8F0812668AEF800200660428299B1DB
:10D770000020BDE8F081DB68002BF6D08342FAD0B0
:10D780005C8A9442EAD0DB68002BF7D1EDE7002AEF
:10D790002ED0236842820360C5603860E8E701212B
:10D7A000002ACAD14FF6FF72DFF868E0BEF80030F9
:10D7B000934216BF01334FF440429AB2002DD1D0AC
:10D7C0004FF480464FF6FF782B4602E0DB68002BD3
:10D7D000C8D0B3F812C09445F8D1013EB6B27EB1BC
:10D7E000424502D0013292B2EEE74FF44042EBE7FD
:10D7F0002946D7E70648F6F73FFC6FF00F00B8E779
:10D80000AEF80020AAE700BF1CAC0110BCC6002087
:10D81000049601100E2300202DE9F04F85B0DDE9BC
:10D820000EBA002800F086800D4600297ED0904672
:10D83000002A73D0BAF1000F6AD0BBF1000F71D08B
:10D84000428A99460446002A37D04FF6F7732A8950
:10D850009A425AD808212846FAF714FB002836D1F4
:10D860002E467389072B69D9608A7768F9F782FA9F
:10D8700038804846F9F77EFA002378803089BB71FA
:10D88000FB71F9F777FAB880237CDB072ED51123DB
:10D89000CDF808B00193A37A424600935146304632
:10D8A000E37A03F081FAAE42074602D03046FAF737
:10D8B0006FFB384605B0BDE8F08F0146FFF724FF47
:10D8C00007460028C1D0384605B0BDE8F08F4FF4B8
:10D8D000207208212220FAF7DBF90646A8B12B892D
:10D8E000002BBED02946FAF7A7FBBAE75346328988
:10D8F00011213046CDF80080F9F7D6FC4FF6FF73C2
:10D90000002818BF0346FB80C1E74FF0FF37D0E780
:10D910000C48F6F7B1FB6FF00F07CAE70A48F6F7B5
:10D92000ABFBF8E70948F6F7A7FBF4E70848F6F77A
:10D93000A3FBF0E70748F6F79FFBECE70648F2F792
:10D94000FDFF00BF809601105C960110A4960110A7
:10D950003C9601101C960110C896011070B582B05B
:10D96000069C30B309B3E2B1ACB1056835B9251DE9
:10D97000CDE90045FFF750FF02B070BD05F0F00C97
:10D98000BCF1E00FF3D06668B54201D10546EFE780
:10D990006FF00300F0E70948F6F76EFB6FF00F0039
:10D9A000EAE70748F6F768FBF8E70648F6F764FB8E
:10D9B000F4E70548F6F760FBF0E700BF5097011069
:10D9C0003097011014970110F89601102DE9F041DD
:10D9D00082B0A0B30F4671B3164632B30446007A44
:10D9E0009846C0B1FAF7E0F80546DDB12268BAB151
:10D9F00002F0F003E02B13D06B689A4212D1234659
:10DA0000019332464346394620460095FFF704FF0E
:10DA100002B0BDE8F081104602F0ECFF0546E4E7F5
:10DA20002B1DEDE76FF00300F2E70748F6F724FB44
:10DA30006FF00F00ECE70548F6F71EFBF8E7044827
:10DA4000F6F71AFBF4E700BFA497011088970110BE
:10DA50007097011070B510B30D4631B31646428A67
:10DA60000446B2B12A681349237C62600A6843F015
:10DA70000403A682237442B1944208D0134601E005
:10DA80009C4204D0DB68002BFAD1E2600C600020DD
:10DA900070BD0146FFF738FE0028E3D070BD064890
:10DAA000F6F7EAFA6FF00F0070BD0448F6F7E4FAF3
:10DAB000F8E700BFBCC60020C0970110DC9701103A
:10DAC00010B1C0E9061270470148F6F7D5BA00BF99
:10DAD000F8970110014698B10B4A136883420AD0A7
:10DAE00033B11A46DB681BB18B42FAD1CB68D360E5
:10DAF0000120F9F759BEC36801201360F9F754BE3D
:10DB00000248F6F7B9BA00BFBCC600201098011051
:10DB100010B50120F9F722FE044628B12022002189
:10DB200009F0FCFBFF23E372204610BD88B10268B8
:10DB30007AB171B10B6863B10A4B1B684BB110B479
:10DB40001C68944206D0DB68002BF9D15DF8044BC9
:10DB5000704770470A681A60DB68002BF6D00268CD
:10DB6000EEE700BFBCC600202DE9F843002878D0BE
:10DB70000E46002970D0054690464FF49A714FF436
:10DB8000207236209946FAF783F80746002866D0B7
:10DB90004389B3F59A7F68D3B8F1030F41D0B379C5
:10DBA000002B39D0324B18687C684FF49A720021F0
:10DBB0003060204609F0B2FB40F20113238095F853
:10DBC0003830A3703068F9F7D9F84FF4C87323FAE6
:10DBD00008F3DB0760603CD4B8F1030F35D0D5F80B
:10DBE00032306FF07D01E361EB8E032223846323E7
:10DBF00084F8ED1084F8EC3084F8EF30532140F2D3
:10DC0000351384F8F28084F8EE10A4F8F030A9F807
:10DC100000203846BDE8F883F9F796F8144B1860F1
:10DC2000C2E77379032BBAD044684FF49A7200218B
:10DC3000204609F073FB40F20113238095F8383039
:10DC4000A3703068F9F79AF860607379043B012B90
:10DC5000C5D86B68E360C2E70648F6F70DFA0027FF
:10DC6000D7E70548F6F708FAF9E70448F2F766FE41
:10DC7000D4C6002048980110289801106898011017
:10DC800070B5134D2C78CCB9124E3368D3B9FFF769
:10DC90003FFF3060C8B1427A0F4942F02002427221
:10DCA0004422FFF731FD43220B493068FFF7D2FED3
:10DCB00022460A493068FFF703FF2C7801342C70A4
:10DCC000002070BD0648F2F739FE4FF0FF3070BDFE
:10DCD000F2C60020F83900201CAC011059E40010F5
:10DCE000A8980110002800F08D80816A002900F0BA
:10DCF0008C80002210B58B6A82B05C1C4A8206D0F0
:10DD00001E33B3F5701F54D34FF6FF738B82CB6A6B
:10DD10005A1C52D01E33B3F5701F2ED23B2B92BF2C
:10DD200001233B4AA2FB03230A6B88BFC3F34F13B3
:10DD3000541C4B81CB8144D01E32B2F5701F46D2A9
:10DD40003B2A52D8012293428A810A8225D2CB797A
:10DD5000DB0727D50B6A4A7900934B6A0A2A01939D
:10DD600004D00A220023A1F805200B816A4601ABEA
:10DD70001C31F9F71BFE02B010BD4FF6FF730A6BA2
:10DD80004B81541CCB812CD01E32B2F5701F02D2B5
:10DD90003B2A2AD801238B810B8200234B81CB792C
:10DDA000DB07D7D491F91C300A7F002B23DBFF233C
:10DDB000D1E73B2B0ED80123A8E70A6B4B89541CF3
:10DDC000BAD18A899A42C2D8002AC0D0E5E74FF674
:10DDD000FF72B8E7A2F17732A2FB0323C3F34F131C
:10DDE00094E78A89002AB2D0D7E7094CA4FB024203
:10DDF000C2F34F12A7E7BF2A4FF6FF7388BF6FF039
:10DE00007F43A8E70348F6F737B90348F6F734B974
:10DE100089888888D0980110EC98011070B5044664
:10DE200072B310460E46154609F04AFC40B3C4F1E1
:10DE300041029042234628D8904228BF1046FF282E
:10DE400023D804F1020C0CEB0002442AC1B21FD803
:10DE50002A4628440C2535550134A4B231550133E6
:10DE600012F8011B33441FFA8CF403E0442C12F81F
:10DE7000011B07D00134824203F8011FA4B2F5D17F
:10DE8000204670BD0448F2F759FD0448F2F756FDEC
:10DE90000348F2F753FD00BF649901100499011083
:10DEA00020990110002330B52B4D0446EA78C0E9D3
:10DEB000083383B012B1294BDB6883622B79002BC6
:10DEC00047D0264B1B696A79E36232B3234B5B6907
:10DED00023630A69AB79E2614BBBE37903F0FE038C
:10DEE000E371EB79002B2ED12B7AA3B11B4C206A66
:10DEF000F8F744FF034601A900200193F9F7A0F8C1
:10DF00006B7A43B1606AF8F739FF034601A9012033
:10DF10000193F9F795F803B030BDA36AC3EBC303CF
:10DF2000DB0823630A69AB79E261002BD5D00B4B88
:10DF30009869F8F723FFE379206243F00103E37166
:10DF4000EB79002BD0D0054BD869F8F717FF60624A
:10DF5000CAE7A36A5B08B6E7FC390020083A00204C
:10DF60002DE9F04F866A8046737985B0032B04D083
:10DF700003220023A6F805203381032231464046C0
:10DF80000DF10E03FFF7F0FD0746002800F08D802D
:10DF9000BDF80E404568221D442A05F1F00500F247
:10DFA000A1803923022140202B55631C9BB2E954E8
:10DFB00063189BB2E95404F10A0AE31C9BB2BAF15C
:10DFC000440FE85400F28E8032234FF00409AB5422
:10DFD000631D9BB205F80390F069F8F7CFFE04F1DA
:10DFE000060E1FFA8EFE04F1070C4FEA106B05F8BF
:10DFF0000EB01FFA8CFC04F1080104F1090204F1CF
:10E0000010034FEA104E05F80CE089B292B24FEAC5
:10E01000102C442B05F801C0A85463D898B23723BC
:10E020004FF0010E4FF0030C1C21062205F80A30B8
:10E0300004F10B039BB205F8039004F10C039BB2AF
:10E0400005F803E004F10D039BB205F803C004F1E9
:10E050000E030F349BB2A4B2E9542A552946D8F8CE
:10E060002C20ADF80E00FFF7D9FEFF23411C89B22A
:10E07000432902462B5407D8C2F14302681892B2D2
:10E08000002109F04BF94421F031384689B2F9F703
:10E09000B3FE164A432310683946154ACDF800806E
:10E0A000FFF75CFC3846F9F773FFB379FF2B14D008
:10E0B0000133DBB2092BB3710FD8C3EB431203EB6F
:10E0C0008203DB000B4A03F2F3139BB2A2FB032390
:10E0D0005B09338105B0BDE8F08F1423338105B0AF
:10E0E000BDE8F08F0448F2F729FC00BFF8390020A2
:10E0F00018AC0110D34D62102099011000232DE9B6
:10E10000F041856A06466A7984B0062AEB6103D03D
:10E1100006222B81A5F805200122294630460DF163
:10E120000E03FFF721FD074600285FD0BDF80E3033
:10E130004468181D442804F1F00474D839220221DF
:10E14000E2545A1C92B2A154318E9A1C03339BB2F2
:10E150004FEA112C92B204F802C0E154F26A21464F
:10E1600080B2FFF75BFE821D442A03465BD8ADF800
:10E170000E2037224FF0010E4FF0040803212254E5
:10E180004FF01C0C4FF6067003EB0E0292B204F82F
:10E1900002809A1C92B204F802E05A1892B2A1547A
:10E1A0005A1D03EB080107339BB292B289B2432B8D
:10E1B00004F801C0A05207D8C2F14202E0180021C1
:10E1C00092B209F0ABF84423F03399B23846F9F72C
:10E1D00013FE164B16491868164ACDE90061432311
:10E1E0003946FFF719FB3846F9F7D2FEAB79FF2B1A
:10E1F00013D00133DAB2052AAA710ED84FF47A731C
:10E20000002093400C4903F2F3139BB2A1FB0313CC
:10E210005B092B8104B0BDE8F081782300202B81BD
:10E2200004B0BDE8F0810548F2F788FBF83900201A
:10E230001CAC011018AC0110D34D621020990110D4
:10E24000002800F0F4802DE9F04F866A074685B07B
:10E25000002E00F0E6807379012B04D00122002308
:10E26000A6F8052033810322314638460DF10E030E
:10E27000FFF77AFC8046002800F0B880BDF80E4019
:10E280004568211D442905F1F00500F2D3803923AA
:10E2900002222B55631C9BB2EA54388EA218E31C51
:10E2A00004F10A0B92B29BB24FEA102CBBF1440F5F
:10E2B00005F802C0E85400F2BD8032234FF0040993
:10E2C0006B54631D9BB205F80390F069F8F756FD97
:10E2D00004F1060C1FFA8CFCE11D4FEA106E05F8E4
:10E2E0000CE089B204F1080204F1090304F1100AF8
:10E2F0004FEA104C05F801C092B29BB2010ABAF184
:10E30000440FA954E85400F29580362305F80B30E9
:10E3100004F10B039BB205F80390B069F8F72EFDEA
:10E3200004F10C0E1FFA8EFE04F10D0C4FEA106B77
:10E3300005F80EB01FFA8CFC04F10E0104F10F0277
:10E3400004F116034FEA104E05F80CE089B292B2C0
:10E350004FEA102C442B05F801C0A8546AD898B293
:10E3600037234FF0010E4FF0030C1C21062205F855
:10E370000A3004F111039BB205F8039004F1120373
:10E380009BB205F803E004F113039BB205F803C048
:10E3900004F1140315349BB2A4B2E9542A5529465A
:10E3A000FA6AADF80E00FFF739FDFF23411C89B270
:10E3B000432902462B5407D8C2F14302681892B28F
:10E3C000002108F0ABFF4421F031404689B2F9F753
:10E3D00013FD1A4B1A4918681A4ACDE900714323F4
:10E3E0004146FFF719FA4046F9F7D2FDB379FF2B02
:10E3F00012D00133DAB2052AB2710DD84FF47A7314
:10E400009340114903F2F3139BB2A1FB03135B0981
:10E41000338105B0BDE8F08F7823338105B0BDE8C6
:10E42000F08F0A4805B0BDE8F04FF5F725BE084863
:10E43000F5F722BE0748F2F781FA00BFF83900204D
:10E440001CAC011018AC0110D34D6210B89901102A
:10E450009C99011020990110A54B2DE9F04F5F68A0
:10E460001446BD6A53688BB0002D00F0C4802A7931
:10E47000002A00F0C08062892B2A40F2BC801A7802
:10E48000022A40F0B88097F838207AB397F8320023
:10E49000197F884240F0AF80012A27D0587F97F833
:10E4A0003310884240F0A780022A1FD0987F97F847
:10E4B0003410884240F09F80032A17D0D87F97F805
:10E4C0003510884240F09780042A0FD093F820003E
:10E4D00097F83610884240F08E80052A06D097F8CB
:10E4E000371093F82120914240F085805868F8F762
:10E4F00045FC2B6898427ED10026DFF8FCB1CBF8B2
:10E500000460ABF808606389CBF800602B2B72D9EC
:10E51000F022B4F808A0CDE90275D146274614468A
:10E5200000920196394606E0096894B21FFA83F911
:10E5300000295FD04B899C42A4EB0302A9EB0303A3
:10E54000F2D24C454A6880F048813B46CA460F46A5
:10E550001946105DFF2800F03F81A61CB6B2A64206
:10E56000C0F0D8817B8904F1010C9C4580F22C819C
:10E5700015196D783B2844D8DFE810F05D000D01D7
:10E580004300FE0043004300EA0043004300430011
:10E590004300430043004300430043004300430063
:10E5A0004300430043004300430043004300430053
:10E5B0004300430043004300430043004300430043
:10E5C0004300430043004300430043004300430033
:10E5D0004300430043004300430043004300430023
:10E5E0004300DD00CC00C000AC004300430043000A
:10E5F0001A0160003C4620460BB0BDE8F04FF9F729
:10E60000C7BC4FF6FD702C44844200F38381AC19E3
:10E61000A4B29C42C0F0DD80E41AAAEB0303A4B2CA
:10E620001FFA83FA544580F075813F68002F00F08F
:10E6300071817A688DE71FFA8CF4EAE7042D40F0C7
:10E6400069814FF6F9739C4200F264814FF005092D
:10E650000634A4B20020274BCDE9064203EB890320
:10E66000CDF814A01C46B24609900BEB09080491A2
:10E6700026E0042D2E4628BF04265346384632464F
:10E6800009A9F9F7CFFD864240F04881042D40F2F8
:10E690004781AB0740F042814FF00103099808F829
:10E6A000013CF8F76BFB0AF1040292B2043D5245BB
:10E6B00044F8040BEDB209F10109C0F02F81924634
:10E6C00018F8012B002AD4D0079A0499DDE905A493
:10E6D0007B899EE7042D40F01D814FF6F9739C4223
:10E6E00000F2188106344FF00209A4B2B2E700BF6D
:10E6F000D8420020083A0020FC390020012D40F0CB
:10E7000009814FF6FE739C4500F004810334A9464D
:10E71000A4B29FE7012D40F0FD80009BF02B40F05C
:10E72000F9804FF6FE739C4500F0F48003344FF0FF
:10E730000009A4B28EE7042D40F0EC804FF6F97387
:10E740009C4200F2E78006344FF00309A4B281E74F
:10E75000A80740F0DF804FF6FD702C44844200F3A0
:10E76000D980AC19A4B2002D3FF453AF082D28BFB7
:10E7700008254FF008096DE7032D40F2CB804FF6D6
:10E78000FD732C449C4200F3C580AC194FF007097F
:10E790000425A4B25EE7042D40F0BC804FF6F97367
:10E7A0009C4200F2B78006344FF00609A4B251E74C
:10E7B000042D40F0AF804FF6F9739C4200F2AA801E
:10E7C0000634A946A4B245E73D681DB36D682D78AF
:10E7D000D0E65445FFF4BDAE0F469BF8003063B160
:10E7E00000238BF80030874B1B68012B00F0A880BA
:10E7F000022B06D0032B00F0A180019B002B00F020
:10E80000AC80002301932C234FF06C0900937B898B
:10E81000009C87E63B287BD801A454F820F000BF79
:10E8200037E6001015E9001011E9001015E9001095
:10E8300011E9001011E9001019E9001011E90010A8
:10E8400011E9001011E9001011E9001011E90010A0
:10E8500011E9001011E9001011E9001011E9001090
:10E8600011E9001011E9001011E9001011E9001080
:10E8700011E9001011E9001011E9001011E9001070
:10E8800011E9001011E9001011E9001011E9001060
:10E8900011E9001011E9001011E9001011E9001050
:10E8A00011E9001011E9001011E9001011E9001040
:10E8B00011E9001011E9001011E9001011E9001030
:10E8C00011E9001011E9001011E9001011E9001020
:10E8D00011E9001011E9001011E9001011E9001010
:10E8E00011E9001011E9001011E9001015E90010FC
:10E8F00015E9001015E9001015E9001011E90010E4
:10E9000011E9001011E9001015E9001015E90010D7
:10E9100000257CE60C466EE634467AE6049C6AE600
:10E92000079A0499DDE905A40FD09DF82400354B22
:10E9300043F8290001200BF80900C9E601230193DF
:10E940006C234FF0EC09009361E70998CDE90421AD
:10E95000F8F714FADDE90421E9E79BF801303C46B9
:10E96000039D019E029F002B3FF445AE254A61683E
:10E970001379052B1CD0062B2AD0022B7FF43BAE3B
:10E980006B79062B7FF437AE9BF80230BD6A002B03
:10E990003FF431AE90682E810091F8F7EFF903460D
:10E9A0000099AB610B693846EB61FFF749FC22E641
:10E9B0006B7903F0FD02012A03D0043B012B3FF6E3
:10E9C0001AAEB86AFFF76EFA3846FFF78BF912E60F
:10E9D0006B79DA1E022A02D9012B7FF40CAEBB6AD6
:10E9E0005A790C2A04D00C210022A3F805101A81B0
:10E9F000054B38461A461946F8F7D8FF3846FFF750
:10EA00007DFBF8E5083A00201CAC011010B560B1A0
:10EA10000B4681B1816A044651B93422184608F088
:10EA20007DFC0222C271A06210BD0448F1F786FF8E
:10EA30000348F1F783FF0348F1F780FFD4990110F1
:10EA4000F4990110E499011008B5836A2BB15A7941
:10EA5000052A03D8022A03D852B908BD0A2A05D1CB
:10EA600000229A71BDE80840FFF77ABA0C2A05D84F
:10EA700000229A71BDE80840FFF740BB0148F1F75A
:10EA80005DFF00BF3C9A01102DE9F043856A064600
:10EA90006B7985B0052B04D005220023A5F805204D
:10EAA0002B810322294630460DF10E03FFF75CF857
:10EAB0000746002800F08680BDF80E30446803F158
:10EAC000040CBCF1440F04F1F0047ED83922022179
:10EAD000E2545A1C92B2A154308E5918DA1C4FEAF3
:10EAE000102E89B292B204F801E0A05403F10A009A
:10EAF00044286AD8372206214FF004094FF0010854
:10EB00004FF0030E04F80C204FF01C0C5A1D92B26B
:10EB100004F802905A1892B204F80280DA1D92B2F8
:10EB200004F802E003F1080209339BB292B204F840
:10EB300002C0E154F26A214680B2ADF80E00FFF740
:10EB40006DF9FF2300EB080189B2432902462354E3
:10EB500007D8C2F14302601892B2002108F0DEFB30
:10EB60004421F031384689B2F9F746F9184A43236F
:10EB700010683946009605F11802FEF7EFFE0446CC
:10EB80003846F9F705FAAB79FF2B15D00133DBB224
:10EB9000092BAB7110D82046C3EB431203EB820361
:10EBA0001B010C4A03F2F3139BB2A2FB03235B0984
:10EBB0002B8105B0BDE8F083282320462B8105B0CA
:10EBC000BDE8F0834FF0FF34DDE70348F1F7B6FE10
:10EBD000F8390020D34D6210209901102DE9F04F33
:10EBE000846A85B0DCB16279CAB10023A1690A2ABE
:10EBF0000546C4E90633C4E90833C4E90B3303917D
:10EC0000A362C4F80E30C4F812300BD0043A012AC3
:10EC100008D9A4F8053023812379002B67D105B0EA
:10EC2000BDE8F08F4FF000090722214628460DF17C
:10EC30000A03A4F80590A4F80890FEF795FF804613
:10EC400000284BD0BDF80A60476806F1060ABAF101
:10EC5000440F07F1F0075FD836230422BB55731C1D
:10EC60009BB2FA540398F8F789F806F1020E1FFADE
:10EC70008EFE06F1030C4FEA106B07F80EB01FFA78
:10EC80008CFC321D731D4FEA104E07F80CE09BB24E
:10EC900092B24FEA102C07F802C0F8544FF0FF333D
:10ECA000F11D89B2432907F80A3007D8C6F13D02A1
:10ECB000781892B2494608F031FB4421F0314046C1
:10ECC00089B2F9F799F8164A43231068414600952E
:10ECD00003AAFEF743FE4046F9F75AF9114B2846BE
:10ECE0001A461946F8F762FE2379002B97D00E4B8F
:10ECF0001D7875B1013DEDB21D7025B10023237162
:10ED000005B0BDE8F08F064E3068FEF7E3FE3560D3
:10ED1000F4E70648F1F712FE0548F1F70FFE00BFD1
:10ED2000F83900201CAC0110F2C60020189A01101E
:10ED300020990110F8B500284CD090F839300446DD
:10ED4000DA0741D5038E856AB3F5107F23D3002DF2
:10ED500032D02B7913BB34220021284608F0DEFA8A
:10ED6000FEF78EFF0646B0B901232B7194F83930B7
:10ED70005B0708D46B79022B03D002232881A5F806
:10ED800005303046F8BD2046FFF7B8F90028F8D026
:10ED90002046FFF723FF4FF0FF36F2E7114B1E78B6
:10EDA000E6B1013EF6B21E70002ED4D10E4F386887
:10EDB000FEF790FE3E60CEE73420F8F70FFC0546E4
:10EDC0000028E8D0A062C6E70848F5F755F96FF0CB
:10EDD0000F06D6E70648F5F74FF9F8E70548F1F7CB
:10EDE000ADFD00BFF2C60020F8390020509A011096
:10EDF000D4990110189A01102DE9F043724B85B097
:10EE00001D68DDB1AC6AB4B16379A3B1A18A29B13F
:10EE1000628A013292B29142628212D0228A1AB17F
:10EE2000511E012A218213D0E28922B1511E012AEA
:10EE3000E18100F0AC802D68002DE3D105B0BDE884
:10EE4000F0832846FFF7CAFE2846FFF773FFF2E774
:10EE50005A1ED2B2092AEED840F2192121FA02F242
:10EE6000D207E8D5042B04D004220023A4F80520FF
:10EE700023810322214628460DF10E03FEF774FE7E
:10EE80000746002865D0BDF80E30466803F1040C33
:10EE9000BCF1440F06F1F00600F292803922022103
:10EEA000F2545A1C92B2B154288E5918DA1C4FEA07
:10EEB000102E89B292B206F801E0B05403F10A00B4
:10EEC00044287DD8372206214FF004094FF001086D
:10EED0004FF0030E06F80C204FF01C0C5A1D92B296
:10EEE00006F802905A1892B206F80280DA1D92B221
:10EEF00006F802E003F10902083392B29BB206F869
:10EF000003C0B154ADF80E203146EA6A80B2FEF774
:10EF100085FFFF23335400EB08039BB2432B0246CB
:10EF200007D8C2F14302F018002192B208F0F6F9B6
:10EF30004423F03399B23846F8F75EFF234A43235F
:10EF400010683946224A0095FEF708FD3846F9F761
:10EF50001FF8A379FF2B31D00133DBB2092BA3714A
:10EF60002CD8C3EB431203EB8203DB00194A03F2F4
:10EF7000F3139BB2A2FB03235B09A28A618A23815C
:10EF8000531A012B7FF757AF5B10238253E7013BE6
:10EF9000DBB2092B3FF64FAF40F2112222FA03F306
:10EFA000DB077FF548AF2846FFF76EFDA389628A2D
:10EFB0009B1A012BC4BF5B10E3813CE71423DCE701
:10EFC0000548F1F7BBFC00BF80870020F83900201E
:10EFD00018AC0110D34D621020990110264B10B5CA
:10EFE0001C6824B92CE0013A1A81246844B3A36A4E
:10EFF000002BFAD01A89012AF5D8F6D100215A79C6
:10F000001981013A0B2AF0D801A151F822F000BF72
:10F0100059F00010EBEF00104BF00010EBEF001078
:10F02000EBEF001043F00010EBEF0010EBEF0010DF
:10F03000EBEF0010EBEF0010EBEF001043F00010CF
:10F0400010BD2046FFF75AF8CFE79B792046012BE9
:10F050000FD9FFF753F8C8E79B792046052B02D854
:10F06000FFF7EEF8C1E7FFF7B9FD2046FFF762FEB4
:10F07000BBE7FEF775FFB8E7808700202DE9F04F6A
:10F08000846A85B0DCB16279CAB10023A1690A2A19
:10F090000546C4E90633C4E90833C4E90B330391D8
:10F0A000A362C4F80E30C4F812300BD0043A012A1F
:10F0B00008D9A4F8053023812379002B67D105B046
:10F0C000BDE8F08F4FF000090722214628460DF1D8
:10F0D0000A03A4F80590A4F80890FEF745FD8046C1
:10F0E00000284BD0BDF80A60476806F1060ABAF15D
:10F0F000440F07F1F0075FD836230422BB55731C79
:10F100009BB2FA540398F7F739FE06F1020E1FFA84
:10F110008EFE06F1030C4FEA106B07F80EB01FFAD3
:10F120008CFC321D731D4FEA104E07F80CE09BB2A9
:10F1300092B24FEA102C07F802C0F8544FF0FF3398
:10F14000F11D89B2432907F80A3007D8C6F13D02FC
:10F15000781892B2494608F0E1F84421F03140466F
:10F1600089B2F8F749FE164A4323106841460095D4
:10F1700003AAFEF7F3FB4046F8F70AFF114B2846B7
:10F180001A461946F8F712FC2379002B97D00E4B3C
:10F190001D7875B1013DEDB21D7025B100232371BD
:10F1A00005B0BDE8F08F064E3068FEF793FC356081
:10F1B000F4E70648F1F7C2FB0548F1F7BFFB00BFD3
:10F1C000F83900201CAC0110F2C60020189A01107A
:10F1D000209901102DE9F04F05468B461646AD4C9F
:10F1E00085B0002800F0EE80002A00F06381002145
:10F1F0004FF00A0C2746E246624660460B468946B7
:10F20000CDE9014603910A2897F814E050D0BEF1E9
:10F21000000F0DD02C687E68B44259D0BEF1010FAA
:10F22000B7F8128000F0A98041459CBF41461A46BC
:10F2300001331FFA83FEBEF10A0F1BB200F0C0813A
:10F240000A2800F0B981CE4688468146019C00928A
:10F250000AE08045009A9CBF1A468046009201331E
:10F2600099B20A291BB21FD003EB430004EBC00084
:10F27000017D5F000029F2D02E684268964236D0A8
:10F280001F4404EBC7000129408AE2D154F837102B
:10F2900031B3864598BF9C4603F1010399B298BFEC
:10F2A00086460A291BB2DFD14B46009A029E25E012
:10F2B000BEF1000FAED103F1010E1FFA8EFEBEF1BA
:10F2C0000A0F19D00FFA8EFE1846183773469AE7C0
:10F2D000BC68029EA642A1D1184605B0BDE8F08FD9
:10F2E000039A82429CBF02469A460392B7E780681F
:10F2F000029A8242C4D1EFE7DDE90146BBF1010F7A
:10F3000040F0D580092B2CDD092A3DDC02EB4203BD
:10F3100054F833301746002B40F056814FF0000C64
:10F32000134607EB47015C4A04EBC1011068C1E9D1
:10F3300001CC9288C8600A8281F814C07A00A1F8D2
:10F3400012C025B12868D11904EBC1014860002121
:10F3500018463A4404EBC2029660518205B0BDE8FB
:10F36000F08F03EB430204EBC202117D1F465A00EB
:10F370000029E6D04948F1F7E1FA3C68DCB1C14523
:10F380009CBFC1469C4653E7BAF1090F0EDC0AEB5D
:10F390004A084FEAC80854F80800574620B1F8F761
:10F3A000F7FD002344F808305246B7E7BCF1090FD7
:10F3B0007DDCE246EBE7039C44459CBF44469A460D
:10F3C000039435E74FF00A0CA14686460346E24611
:10F3D00062466746CDE900400A2F99F814803ED076
:10F3E000B8F1000F08D0B8F1010FB9F8121044D0ED
:10F3F000814224BF08461A4601331FFA83F8B8F148
:10F400000A0F1BB200F0CD800A2F31D00295814641
:10F41000DDE9004508E0C1459CBFC1461A460133FD
:10F4200099B20A291BB217D003EB430104EBC101C7
:10F43000087D0028F3D00128B1F81280EBD10968CB
:10F4400019B3C64598BF9C4603F1010399B298BF12
:10F45000C6460A291BB2E7D13B46029D4EE7B8F1EA
:10F46000000FC0D1591C89B20A2904D01F460BB223
:10F4700009F11809B0E7009C40E7D9F800407CB1D9
:10F48000714524BF8E469C46B6E745459CBF454620
:10F490009A46C4E7F02E002020AC01108C9A01108F
:10F4A000019C8C428CBF21469A460191A4E74FF003
:10F4B000FF3311E74FF00A0C17461346CDE900223F
:10F4C000A046E2466246E646A146BEF10A0F98F81B
:10F4D00014103DD069B12868D8F80440A0423FF428
:10F4E000FBAE0129B8F8120043D0B84224BF07464A
:10F4F0001A46013399B20A291BB25AD0BEF10A0F3B
:10F5000052D04C46029608E087429CBF07461A46F6
:10F51000013399B20A291BB228D003EB430104EB53
:10F52000C10191F81480B8F1000FF1D048682E683D
:10F5300086423FF4D1AEB8F1010F488AE4D10968A0
:10F5400009B3009981429CBF01469C460091DFE7C8
:10F550000029C0D1591C89B20A2905D009B29E469A
:10F5600008F118080B46B0E74C46C7E67346029E02
:10F57000C4E6D8F8001069B10099884224BF01465A
:10F580009C460091B5E7019981429CBF01469A468D
:10F590000191BDE70199884224BF01469A46019135
:10F5A000A7E73B46009CA9E6194608F118080B4658
:10F5B0008BE74C467346A1E69E461837734622E613
:10F5C0000346DDE9014699E60148F1F7B7F900BFC6
:10F5D000749A01102DE9F04782B0DDF82CA0BDF837
:10F5E0003440002843D08846914606464FF42072A6
:10F5F0001C210E201F46F8F74BFB0546A0B343899C
:10F600001B2B3AD920466C68F7F7B4FBE08096F8DC
:10F610003830062B2ED1304640F2064640F6060121
:10F62000D7F800C04B46C4F808C0BF884246A7813F
:10F63000DAF80070C4F81270BAF80470E7820A9F12
:10F640003F68C4F80E700C9F3F68A6800C4EA761FF
:10F6500026600091294601F06BFD2846F8F798FCDA
:10F66000002002B0BDE8F0874FF0FF30F9E7054811
:10F67000F1F764F90448F1F761F90448F1F75EF92C
:10F6800000010800D4990110EC9A0110B89A0110F9
:10F690002DE9F041294B02EB420503EBC5050E466F
:10F6A000297D84B0012945D902EB4202D20002F142
:10F6B0000C07022904461F440DD004F132084FF410
:10F6C00000653B46424631462046009501F030FD3C
:10F6D00004B0BDE8F081698AB1F58E7F17D8B1F525
:10F6E000877FEAD304321A4401230393144B00F1B9
:10F6F00032080193031D029200933A464346414665
:10F70000FFF768FF0028DAD103232B75D7E704320F
:10F710001A44012303930A4B00F132080193031D9D
:10F720000292009341464346064AFFF753FF0028E2
:10F73000C5D1E9E70448F1F701F900BFF02E002038
:10F7400020AC011028AC0110309B0110F0B5234C07
:10F750000025234F85B004F1F0060AE0012A29D0E4
:10F76000032A37D0042A01D1022323741834B44267
:10F770001ED0227C002AF9D0E38901339BB2B3F575
:10F78000967FE381EAD354F8040C18B1F8F700FC33
:10F7900044F8045C234638682574E5816560BA88BE
:10F7A00043F8085B183444F8100CB4429A80E0D156
:10F7B00005B0F0BD042BE6D8094B0392CDE9013426
:10F7C0006068084A00F13203011D00911946FFF7F5
:10F7D00001FFCBE704232374C8E700BFF42E002009
:10F7E00020AC011028AC011038B58C4C0546237DA7
:10F7F00013B1A368984256D094F82C3013B1236A01
:10F800009D4262D094F844301BB1A36B9D4200F03E
:10F81000AF8094F85C3013B1236D9D427DD094F895
:10F8200074301BB1A36E9D4200F0CD8094F88C30F3
:10F830001BB1D4F880309D425AD094F8A43023B143
:10F84000D4F898309D4200F0A78094F8BC301BB1EA
:10F85000D4F8B0309D4274D094F8D43023B1D4F8A9
:10F86000C8309D4200F0C38094F8EC301BB1D4F84E
:10F87000E030AB4200D038BDD4F8D80020B1F8F762
:10F8800087FB0023C4F8D8300023654A6549106817
:10F89000928884F8EC30C4F8E400C4E937338A80F5
:10F8A000A4F8EA3038BD206818B1F8F771FB0023DE
:10F8B000236000235A4A5C4910689288E060C4E9DA
:10F8C00001338A802375638296E7A06918B1F8F73F
:10F8D0005FFB0023A3610023514A544910689288BA
:10F8E0006062C4E907338A8084F82C30638589E735
:10F8F000A06F18B1F8F74CFB0023A3670023484A18
:10F900004B4910689288C4F88400C4E91F338A8088
:10F9100084F88C30A4F88A308FE7A06C18B1F8F71F
:10F9200037FB0023A36400233D4A424910689288B4
:10F930006065C4E913338A8084F85C30A4F85A30D7
:10F940006DE7D4F8A80020B1F8F722FB0023C4F833
:10F95000A8300023324A384910689288C4F8B400AD
:10F96000C4E92B338A8084F8BC30A4F8BA3073E73A
:10F97000206B18B1F8F70CFB002323630023284AFF
:10F980002E4910689288E063C4E90D338A8084F8B8
:10F990004430A4F842303CE7D4F8900020B1F8F7A6
:10F9A000F7FA0023C4F8903000231D4A2449106858
:10F9B0009288C4F89C00C4E925338A8084F8A43076
:10F9C000A4F8A23041E7206E18B1F8F7E1FA00235D
:10F9D00023660023124A1B4910689288E066C4E936
:10F9E00019338A8084F87430A4F872301EE7D4F892
:10F9F000C00020B1F8F7CCFA0023C4F8C0300023CF
:10FA0000074A114910689288C4F8CC00C4E9313320
:10FA10008A8084F8D430A4F8D23025E7F02E002074
:10FA200020AC0110D42F0020FC2E0020142F002029
:10FA3000742F0020442F0020A42F00202C2F002002
:10FA40008C2F00205C2F0020BC2F0020002900F00C
:10FA50008A802DE9F04F46680446338889B0B3F5B3
:10FA6000807F02D13379062B05D0204609B0BDE84E
:10FA7000F04FF8F78DBA7379042BF6D17388082B01
:10FA8000F3D10D46D6F80EA06A68B169CDF81CA076
:10FA9000002A6BD0AAEB0209B9FA89F98A424FEA27
:10FAA000591906F1080768D101239846059395F87E
:10FAB0003820062A66D1BAF1000F3BD029465046BD
:10FAC00001F002FA8346A8BB0AF0F003E02B31D024
:10FAD00041462A4607A8FFF77DFB00282ADB0C23B6
:10FAE00018224FF0020E294910FB023200EB4000B1
:10FAF00001EBC0039D6083F814E04FEAC00C386846
:10FB00008850B8880A44908051F80C80A3F812B04D
:10FB1000B8F1000F0ED04FF4006341F80CB0284646
:10FB2000009341463B4605F1320201F001FB40469D
:10FB3000F8F72EFAF388B3F5807F96D1059B002B5A
:10FB400093D0B9F1000F90D1022607A905F1320335
:10FB50000291291D00913A462846194601970396BD
:10FB6000FFF738FD81E70A48F4F786BA91464FF06F
:10FB7000020806F10807059299E700234FF00208F2
:10FB8000059394E70348F0F7D9FE00BFF02E00205C
:10FB9000D4990110809B01102DE9F04F0E460546C7
:10FBA000014685B03068174601F08EF9002840F014
:10FBB000A380336803F0F002E02A00F09D80002B60
:10FBC00000F09A802A4601213046FFF703FB041E0D
:10FBD00055DBA3B27E2B00F29280DFF83C9104EB60
:10FBE000440809EBC80898F8143005F1320B4FEAC5
:10FBF000440AABB1002F4DD0012B2FD13B4605E07D
:10FC00001A7B52066CD41B68002B5AD059891A896A
:10FC10009142F5D11A68002AF2D03A48F0F78EFEE8
:10FC200002960126384BC8F8085001932B1D00930B
:10FC300003965B4659462846344A88F81460FFF715
:10FC4000C9FC00B3C7B10AEB040309EBC3031B7D76
:10FC5000012B03D8D2D005B0BDE8F08F1823284679
:10FC60004FF4006504FB03930095294D5A4639462D
:10FC70000C332C7001F05CFA05B0BDE8F08F60B277
:10FC800005B0BDE8F08F98F81430012BDAD1002FC1
:10FC9000B4D123E001241C4B284601932B1D009373
:10FCA00059465B46194A02960394FFF793FC0346B4
:10FCB0000028E1D198F81420012ADDD1A8F81230EB
:10FCC0000CE03846F8F778F90AEB040359F83300EA
:10FCD00008B1F8F75DF9544449F834700020CBE7D7
:10FCE0003A464FF420710E20F8F7EEFB07464FF02E
:10FCF000FF30002FE8D1BFE76FF00F00BCE70548E9
:10FD0000F0F71CFEB49B011020AC011028AC0110D0
:10FD1000F4C60020A49B0110F02E00202DE9F04134
:10FD200084B0002800F0F7800E46002900F0F08033
:10FD30001546002A00F0E98001460446106801F0EB
:10FD4000C3F80246002840F09680296801F0F003CD
:10FD5000E02B72D06368A0684B4003420AD04FF694
:10FD6000A96388B2984205D0E168002900F0CA80F2
:10FD700004F10C05DFF8B881684B98F800C00CEB73
:10FD80004C0003EBC00090F814E0BEF1010F02D963
:10FD90008768A74271D0187D012802D998688442EB
:10FDA00076D093F82C20012A02D91A6A944277D08F
:10FDB00093F84420012A02D99A6B944275D093F8A3
:10FDC0005C20012A02D91A6D944273D093F87420F2
:10FDD000012A02D99A6E944271D093F88C20012A9C
:10FDE00003D9D3F8802094426ED093F8A420012A3E
:10FDF00003D9D3F8982094426BD093F8BC20012A01
:10FE000003D9D3F8B020944269D093F8D420012AC2
:10FE100003D9D3F8C820944267D093F8EC20012A84
:10FE200003D9D3F8E020A24265D0324629462046C5
:10FE300004B0BDE8F041FFF7AFBE01215E226B7850
:10FE4000ADF8081003F07F038DF80B30AB788DF818
:10FE50000A208DF80C30EB788DF80D3002AB4FF4A2
:10FE600000653146204604F13202009501F060F948
:10FE700004B0BDE8F0812A4BF1E7406881428AD1A5
:10FE800062463146204604B0BDE8F041FFF700BCB1
:10FE90005868814285D13146204688F80020F2E733
:10FEA000DA69914284D10122F5E75A6B914286D1F9
:10FEB0000222F0E7DA6C914288D10322EBE75A6E16
:10FEC00091428AD10422E6E7DA6F91428DD1052270
:10FED000E1E7D3F8942091428FD10622DBE7D3F8F3
:10FEE000AC20914291D10722D5E7D3F8C4209142AA
:10FEF00093D10822CFE7D3F8DC30994208BF09221A
:10FF000093D1C8E76FF00300B2E70648F0F716FD9B
:10FF10000548F0F713FD0548F0F710FDF02E00201E
:10FF200028AC0110609B0110D09B0110D4990110E6
:10FF3000F4C600202DE9F04182B0002841D00546EA
:10FF40000F464FF420721C2100F132080E20F7F703
:10FF50009FFE064690B343891B2B38D94468012085
:10FF6000F6F708FFE08095F83830062B2CD140F2E8
:10FF7000064040F60601D5F83230A360154BB8F8BC
:10FF80000420D3F800C09B88A281C4F812C0E38289
:10FF90006B684246C4F80E303B68A080A3610E4BEC
:10FFA000284623600D4B0091314601F0C1F83046E0
:10FFB000F7F7EEFF002002B0BDE8F0814FF0FF3010
:10FFC000F9E70748F0F7BAFC0648F0F7B7FC06482F
:10FFD000F0F7B4FC20AC01100001080028AC0110BF
:10FFE000D4990110EC9A0110B89A01102DE9F04350
:10FFF0004D4F0546D7F8088085B098F8004004F0CA
:020000041001E9
:100000000F04A400132C13D94389032B10D9436880
:100010001B78082B0CD1786900F0F003E02B07D097
:100020000E46396800F050FF10B92B89072B05D810
:10003000284605B0BDE8F043F7F7AABF2846F7F712
:1000400079F90028F4D104F10E0949462846F7F75A
:1000500019FF002858D02B89191989B28B42E7D88B
:100060004FF420720E20F7F713FE81460028DFD0F0
:10007000428904F108039A424FD341462246406820
:1000800007F0A2FA21464846F7F722FF002848D198
:1000900029464846F8F7B8F800283ED12846F7F731
:1000A00077FF4D4621462846D5F80480F7F7EAFE4B
:1000B0000028BDD1D7E904314FF6F7726F68F960B7
:1000C0003B6188F80000E873B8F80230214693429B
:1000D0008CBF093308339BB2A8F8023000244FF0DC
:1000E000FF08BC7287F80880FC723846F7F7DEF824
:1000F000788101274346224628460C4902960094FF
:10010000019700F0C1FD93E749462846F7F7E0FE66
:100110000028C7D00648F0F711FC4846F7F738FF2B
:1001200086E70448F0F70AFCD8420020EC420020A1
:10013000109C0110DC9B01102DE9F04307463E891D
:1001400088461C2E28BF1C2606F10804A4B287B0DE
:100150004FF4207222202146F7F79AFD80B343899D
:100160000546A3422FD33246032300264468D7F81E
:1001700004903946237084F8018008232671667143
:10018000A671E671F7F796FFD9F80C3005A805932C
:1001900000F030FC074680B120466989A670E67001
:1001A000F7F784F8608001243146FF23284605AA2A
:1001B00002970096019400F067FD2846F7F7E8FEE5
:1001C00007B0BDE8F0830148F0F7B8FB449C01108C
:1001D0002DE9F04307463E8988461C2E28BF1C2681
:1001E00006F10804A4B287B04FF420722220214601
:1001F000F7F74EFD80B343890546A3422FD332461D
:100200000B2300264468D7F804903946237084F8FD
:100210000180082326716671A671E671F7F74AFF1F
:10022000D9F80C3005A8059300F0E4FB074680B12F
:1002300020466989A670E670F7F738F860800124D7
:100240003146FF23284605AA02970096019400F044
:100250001BFD2846F7F79CFE07B0BDE8F083014878
:10026000F0F76CFB449C011010B550B10446406996
:1002700008B1F7F78DFE2146BDE810400720F7F7DB
:1002800093BA0148F0F75AFB709C011081422DE9A6
:10029000F04155D00746884611B10B6883424CD1D6
:1002A0007C6863689A883AB30026254663682846C6
:1002B0001C68F7F777FE3318B3F5803F3ADA284623
:1002C0009EB2F7F765FE002CEFD1224B1A689742D9
:1002D0002DD0B8F1000F39D03B68C8F8003039464E
:1002E0000620F7F761FA1C4A1388B3422BD39B1BF5
:1002F00030461380BDE8F0811A68386979697A6000
:10030000FD68BA689860D9601A605D60BA690121B9
:1003100020461A61FFF75CFF2046F7F743FE0646CA
:100320002046F7F735FE7C68002CBED1CDE73A6851
:100330001A60D4E70948F0F701FB0948F0F7FEFA24
:100340000848F0F7FBFA0848F0F7F8FA0748F0F722
:10035000F5FA00BF5CC60020DCC600209C9C0110A2
:10036000889C01107C9C0110D89C0110BC9C011041
:100370002DE9F843002705460E46DFF87880D8F8C7
:1003800000309BB30024D5F80CE05A692146724531
:10039000A44620460FD00134D0B1C27F93F81F90FD
:1003A00091459CBF614618461A689C46B2B11346F7
:1003B0005A697245EFD19A69D5F810904A45EAD149
:1003C000B3F80C90AA889145EED001340028E4D10E
:1003D0001A68614618469C46002AE8D110B1FFF71A
:1003E00055FF0744B74201DA012CC8DC3846BDE8A6
:1003F000F88300BF5CC6002038B50A4B1C684CB1BE
:100400000025E37F20465A1E246823B10546C277A3
:10041000002CF6D138BD2946FFF738FF002CF0D16B
:10042000F8E700BF5CC600202DE9F04FD0F804A02B
:1004300005469AF8003085B003F00F03052B64D110
:10044000BAF80600F6F796FC8146BAF80200F6F70D
:1004500091FC9AF8003003F00F03B0EB830F4FEAE2
:10046000830252D3831A9BB228460093F7F79AFD72
:10047000AB4F06463B8803440A2B00F3D580DFF8D8
:10048000A482D8F80040002C00F0DB80DAF80C20C1
:1004900003E02468002C00F0D48063699342F8D113
:1004A000DAF81030A1699942F3D1A189BAF8043081
:1004B0009942EED1BAF80600F6F75CFCC0F30C00E6
:1004C000002800F09980BAF80630C9F30C094FEA09
:1004D000C90213F02003039201931ED1009BD3188D
:1004E0009BB29A4203D84FF6EB72934215D96368D8
:1004F0005BB9D8F800309C4240F07A8123682146ED
:100500000620C8F80030F7F74FF92846F7F740FD06
:100510000025284605B0BDE8F08FD5F80490B9F85D
:100520000200F6F727FC99F8003003F00F03B0EB58
:10053000830F4FEA8302DAD3831AB9F806001FFA51
:1005400083F9F6F717FC0023C0F30C0CD5F804B0C0
:100550004FEACC0CE144ABF806901FFA89F9CC4580
:100560008BF800308BF801308BF802308BF80330B9
:10057000ABF804C0BBD862684FF0010A0292CAB956
:10058000019B6560002B7DD0A37FDA077AD43B887E
:1005900033443B80BCE7B8D0B3F806E0F445B4D3AD
:1005A00020B1C2888A4218BF4FF0000A1A68002A98
:1005B00000F09F801846536899888C45EBD2CBF8A1
:1005C0000020002853D0C3889C459ED389459CD8E1
:1005D0009C45056000F09C8001993B88A27F002922
:1005E000D5D133449BB20399009842F001020144F3
:1005F0003B80A183A2778BE7E089F6F7BBFBC0F3D2
:100600000C0000283FF45FAFDAF80030DAF804009D
:10061000DAF80810DAF80C20A360E060216162616A
:10062000DAF81030A3614EE701465046FFF7A0FE0E
:1006300000283FF46AAF3B8833440A2B7FF71FAF93
:1006400063E70620F7F78AF8044600283AD000232B
:100650000F21D8F80020E3612260C8F80040A360B1
:10066000E36023616361A3616360E177CCE789455F
:100670003FF64BAF019B6560002B32D1BAF1000F02
:1006800000F0AC806D68AB8863B9DBF800202AB954
:10069000A9E01A68002A47D0B3F8069053689A88F0
:1006A0004A45F6D03B8833443B80019B002B7FF4C6
:1006B0002FAFA37F039A009943F001030A44A2835A
:1006C000A37725E731465046FFF752FE86423FF7B3
:1006D0001CAF0620F7F742F804460028B7D114E70C
:1006E000029DA37FDB077FF552AFBAF1000FC9D19E
:1006F0004DE7F4451D600BD03B8801993344A27F40
:100700009BB200293FF46FAFD1077FF540AF40E7C0
:10071000019B002BE4D1BAF1000F5FD0029DB1E73D
:10072000DCC600205CC600209D425ED03B8833447E
:100730003B80019B002B4FD1009B03981844A37F63
:1007400080B243F00103A083A377A368E668216920
:1007500062696E60A960EA602E682B60A36914303C
:100760002B6180B2F6F706FB00236880AB71284648
:10077000EB71AB72EB721421F6F798FDA14668811C
:10078000656866B1142130467468F7F7A1FB3146FD
:100790002846F7F725FC2668002EF3D14C46D8F8FA
:1007A00000309C4205D033B31A68944211D01346EE
:1007B000F9E72368C8F8003021460620F6F7F4FF71
:1007C0002846F7F7EFFB3B88834217D31B1A3B8081
:1007D0009FE622681A60EFE7A08BB6E73B88A27F0E
:1007E00033449BB2FFE6AB45A0D10648F0F7A6F82C
:1007F0000548F0F7A3F80548F0F7A0F80448F0F72B
:100800009DF800BFFC9C01104C9D0110BC9C011088
:10081000309D01102DE9F04F0B8E8DB00A92B3F18F
:10082000140248BFA3F10D024368C2F3CF02039341
:100830001B78054603F00F03052B089106924FEA3B
:10084000830740F0C9804389132B40F2C280039B89
:10085000D888F6F78FFA2B89C0F30C0C143B9BB2A7
:10086000049300F4005E002B00F097800024069BA8
:10087000DFF87C91DB009BB20793CDF82CE0CDF83C
:1008800014C0079B049E4FF42072B34228BF334626
:1008900014210E209A46F7F7FBF98046002800F055
:1008A0008B804389132B40F29A80039943680A682E
:1008B0004E688868C9681A60D96003995E6098605C
:1008C0000A691A61D8F804300993BAF1000F7AD096
:1008D0006B89DC1BBB42A4B278D35646CDF808A086
:1008E000B44228BF3446002C5BD00720F6F736FF11
:1008F000834600285DD001946B6841223B440093FD
:10090000214603460020F7F757FA824600284CD0CC
:100910002846361BF7F750FBB6B251464046CBE9A6
:100920000495F7F75DFB002E3BD12744DDF808A0C6
:10093000BFB2089B059A1B8EC2F30C00049A133BAE
:1009400093423CDC40F40050F6F714FA099EF08024
:100950000AF1140080B2F6F70DFA0023142170801A
:10096000B372F3723046F6F7A1FC089B0A9A41462F
:10097000708118465B6998474046F7F709FB049B6E
:10098000A3EB0A0ADDE9053213449BB21FFA8AF28F
:1009900004920593002A7FF474AF00200DB0BDE8E7
:1009A000F08F2D6800276C899AE759460720F6F7E3
:1009B000FBFE4046F7F7ECFA4FF0FF30EEE70B9BFB
:1009C000002BC1D0BEE72744BFB2B2E70548EFF71E
:1009D000B5FF0548F3F750FB6FF00500DEE703486D
:1009E000EFF7ACFFA89D01106C9D0110889D0110D0
:1009F0006902011030B4194B1B68ABB193F8392070
:100A0000D407F9D55107F7D559680029F4D00468FF
:100A10009D686140294204D09207EDD4DA6894427F
:100A2000EAD1184630BC70470D4B1B68002BF8D03C
:100A300093F8392002F00502052A08D15A6852B10C
:100A400030BC02787F2A08BF002318467047002375
:100A500030BC184670471346E3E700BF808700208C
:100A60007C8700202DE9F047476804463B781A0947
:100A7000042A12D103F00F0378889D000E46F6F782
:100A800079F92389804683420DD86389AB4204D328
:100A90002389434501D3132D0DD82046F7F778FA63
:100AA0000020BDE8F08701462046F7F7A5F96389E5
:100AB000AB42EDD2F1E729463846F6F7F7FB0028BE
:100AC000EBD13A69F868DFF8BC8196F8393002F06A
:100AD000F001E029C8E9040203F0010307D183B360
:100AE000736873B3002840F0A180B1463EE0002B4C
:100AF00040F08780D2B27F2A00F09A80604BD3F812
:100B00000090B9F1000F0AD192E0494600F0DCF9FB
:100B100098B9D9F80090B9F1000F00F089804E45DE
:100B2000F7D099F83930DB07F3D5D9F80430002B2A
:100B3000EFD0D8F814008342E7D1D8F81000A8B15C
:100B400006E07B7A112B6AD00028A6D04FF000096E
:100B5000314600F0B9F900289FD1D8F8103003F0E1
:100B6000F003E02B99D0B9F1000F96D0FB8823F069
:100B7000C00333B12046FFF757FC044600288FD04E
:100B80004768C8E90096C8F808703B78314603F01A
:100B90000F039B002046A8F80C30F7F7C7FC01288C
:100BA000824624D029462046F7F792F97B7A062B15
:100BB00044D0112B4CD0012B45D0BAF1020F13D0E9
:100BC0004946D8F8140000F07FF968B9D8F8143015
:100BD00003F0F003E02B07D029462046F7F798F9F9
:100BE00002212046FFF7A8FA2046F7F7D1F90023A3
:100BF000C8E90033C8E90433C8F80830A8F80C3055
:100C00004EE77368002B3FF475AF93422CD010462B
:100C1000314600F059F960BBD8F814206AE77B1917
:100C20005B88B3F5884F8FD1B1469FE7B1468FE718
:100C30007B7A112B11D0D8F8100085E73146204679
:100C4000FAF7B6F9D3E731462046FFF7CFF9CEE7FA
:100C500031462046FCF730FCC9E77B195B88B3F5C9
:100C6000884FE8D1B14681E7B14600283FF47EAF16
:100C70006EE7D8F81000B14600283FF477AF67E779
:100C800080870020D84200202DE9F04F904685B0A3
:100C90001D4604469DF838B09DF83C30109F827B7D
:100CA000B8F1000F5ED0894609B1096809B907F1AA
:100CB0000409012A6CD1142120460193F7F7E2F8C8
:100CC000019B8246002860D162896668132A62D936
:100CD000452035727372D8F800104FEA0B2243EAB0
:100CE000052330700243080C86F801B01D123161F3
:100CF00010FA81F10A4445EA0325208912FA85F5A4
:100D0000F6F738F80346DFF89CB086F806A086F8B8
:100D100007A073809A46BBF80000F6F72BF8D9F8C5
:100D20000010B08015FA81F303EB114353440344E0
:100D30009AB202EB134303EB1343DB43F160BBF8BE
:100D4000001073810131ABF800103B8E13B1228982
:100D50009A4212D84246214638467B69984705B0E8
:100D6000BDE8F08F012A13D14389132B0DD94368B5
:100D70000DF10C081B690393E7E74246394620460C
:100D8000FFF748FD05B0BDE8F08F6FF00100E6E722
:100D90000248EFF7D3FD0248EFF7D0FDB89D0110F0
:100DA000C49D0110DAC600202DE9F04F1746827B62
:100DB00085B0012A99469DF838A09DF83C30109ED8
:100DC00074D104460193002F5AD088461421F7F7B6
:100DD00059F8019B8346002865D162896568132A0A
:100DE00067D9452185F808906B7243EA09223B6870
:100DF00085F801A04FEA0A2A29704AEA010A190C6B
:100E00004FEA22292B61208911FA83F39A4449EA97
:100E10000229F5F7AFFF03461AFA89F9DFF8A4A013
:100E20006B80BAF8000085F806B085F807B09944E1
:100E3000F5F7A0FFBAF80030A8800133AAF8003017
:100E400000EB0903B8F1000F22D0D8F8002013FA04
:100E500082F303EB1243EA609AB202EB134303EB13
:100E60001343DB436B81338E13B122899A4212D82C
:100E70003A46214630467369984705B0BDE8F08F81
:100E80004389132B0FD9436803AF1B690393EAE728
:100E9000094A1268DBE73A4631462046FFF7BAFCBA
:100EA00005B0BDE8F08F6FF00100E6E70348EFF70B
:100EB00045FD0348EFF742FD1CAC0110B89D011041
:100EC000C49D0110DAC60020421E0332034615D825
:100ED00091F8390010F002000FD04A689A420BD006
:100EE00089685A400A4207D1C84323EA0103181A05
:100EF000B0FA80F040097047002070470120704729
:100F0000F0B5604C90F800C087B014F80C305A0768
:100F100027D502AE0246B64603F0040705ADBCF184
:100F2000300F21D007F0FF005FB1002000EB800000
:100F30000CEB400012F801CF303814F80C305F078A
:100F4000F4D4BCF12E0F4FD1AE450AD092F801C0B7
:100F50004EF8040B14F80C300132580703F0040764
:100F6000DDD4002007B0F0BD92F801C00CF0DF0323
:100F7000582B11D0002014F80C3001325F07E0D557
:100F8000ACF13007072FDCD80CEBC00012F801CF12
:100F9000303814F80C30F1E792F802C0002014F851
:100FA0000C30033207E00CEB001092F800C0303830
:100FB00014F80C30013213F0040FF4D113F0440F85
:100FC0000DD003F00303022B14BF412761270CF15E
:100FD0000A03DB1B92F800C043EA0010E8E7BCF10B
:100FE0002E0F02F1FF32AFD0BCF1000F01D01B0772
:100FF000B7D5AEEB06039B100133042B3FD801A2FB
:1010000052F823F0630F011029100110191001107C
:101010005D10011039100110B0F1807FA1D2029B48
:10102000FF2B9ED840EA036021B10191F5F7A6FE9F
:1010300001990860012095E7FF2892D8029CFF2CB7
:101040008FD8039BFF2B8CD8049AFF2A89D81B04C6
:1010500043EA046343EA02231843E5E7B0F5803F1F
:10106000BFF47FAF029AFF2A3FF67BAF039BFF2BB3
:101070003FF677AF1B0443EA02631843D4E7024804
:10108000EFF75CFC3D210510F49D0110438970B51C
:101090000E2B04461FD94068E37B0D4686891BB999
:1010A00091F83C300133E3730378D9070AD5012B5B
:1010B00030D006221D4906F059FA18B9637B43F077
:1010C00008036373082E0BD0B6F5C16F03D195F8F2
:1010D00039301B0713D42046F6F75AFF002070BDA5
:1010E00095F839301A07F6D50E212046F6F7F0FEAE
:1010F0000028F0D129462046FFF7B4FCEEE70E2188
:101100002046F6F7E5FE0028E5D129462046FEF701
:101110009DFCE3E74378002BD4D183785E2BD1D1BB
:10112000637B43F010036373CCE700BF28AC01106E
:101130002DE9F0410546BDF818000C4616461F463D
:10114000F5F718FE0E2180462046F6F79BFEA8B95B
:101150006168A1F80C803B680B60BB888B803368AA
:10116000C1F80630B3884B8195F83830062B09D189
:1011700021462846AB69BDE8F04118476FF00100F1
:10118000BDE8F0810148EFF7D9FB00BF009E0110D8
:101190002DE9F04F87B00646DDE910850F46002A9D
:1011A0004AD01746DFF818A1DFF81891DFF818B118
:1011B000049105930021504603F0BAFC821C0446BA
:1011C00021D0D9F824309D420AD8D9F828204245A8
:1011D00001D29D4204D06FF0010007B0BDE8F08F4E
:1011E000DBF800000268936A1BB19847DBF8000047
:1011F0000268116B2B4642468847002C58DB032CB3
:10120000D8D10020E9E7304606F05AFA04463846BD
:1012100006F056FA4FF0FF320392049A0346029208
:10122000059A2146CDE900722548324603F0D6FFE3
:101230000028D2D10124C4E7DFF884A0DFF884902D
:10124000DFF884B00021504603F072FC831C044692
:101250001BD0D9F824309D4205D8D9F82820424522
:10126000B9D29D42B7D1DBF8000003689A6A1AB17F
:101270009047DBF800000368196B42462B4688470D
:10128000002C15DB032CDDD1BBE7304606F018FA45
:101290004FF0FF3200230146CDE90272CDE9003361
:1012A0003246074803F09AFF002896D10124D0E780
:1012B000033414BF6FF007006FF006008DE700BF26
:1012C0004030002000000B40E02F0020014B186050
:1012D000704700BFE02F0020034B012200211B6854
:1012E000024803F0C5BE00BF10230020403000209C
:1012F0002DE9F04784B007460C4690469946F0F732
:1013000093FB05460E4638465CB306F0D9F9824693
:10131000204606F0D5F942460346514601924FF069
:10132000FF3A00221248CDE9022A00943A4603F01F
:1013300055FF98B94FF47A73E9FB03566FF00043F9
:10134000AA4573EB06023CBF1E465546434622465D
:101350003846002100950196FFF71AFF04B0BDE85A
:10136000F08706F0ADF9224682462346D5E700BF56
:1013700040300020014B1868704700BFE02F00206C
:10138000034B186803689B6A03B11847704700BF96
:10139000E02F002010B5FFF7EDFF60B104462046B6
:1013A00004F084F9034620461C46F5F749FA5CB17F
:1013B00050B1002010BD0F4804F08AFAB0B10D48BA
:1013C000FFF784FF0B4CEAE7FFF7D4FF044604F075
:1013D00089F92046F5F74CFA064B9C4206D1236862
:1013E00020465B6B98470020FFF770FF4FF0FF30FF
:1013F00010BD00BF3825002010B5FFF7BBFF044625
:1014000004F070F92046F5F733FA064B9C4200D001
:1014100010BD236820465B6B9847BDE81040002054
:10142000FFF754BF3825002008B50520F0F7F4FC7D
:101430006421030C01FB03F3034A5B08A2FB0323B3
:101440001B0A033BFDD208BD1123970838B5D0F81D
:101450004C48A4B12168054631B1D4E901321548A0
:1014600004F02CF80023236094F90C00002813DA10
:1014700094F90D00002803DA0023C5F84C3838BD74
:1014800004F058F894F90D0004F03EF8FF2363735C
:101490000023C5F84C38F2E704F04CF894F90C003E
:1014A00004F032F8FF2394F90D0023730028E3DBE6
:1014B000E6E700BF30AC011006232DE9F04F87B0FE
:1014C000019301264FF6FF734FF0180800253F4C9B
:1014D0000296CDF800808146A381C0F84C48214691
:1014E0003B482560231D04F1080203F029FF002872
:1014F00066D0D4E90131374803F1050C826FDB0176
:10150000D243354F43EA0C3323F0C04302F030029C
:101510000593BA67806F4FF4003BC0434FF4403AE5
:1015200000F00100B867206801EB410CD0F8687149
:1015300000F5005EC7F1180706FA07F7CEF8387015
:10154000059F00EBCC0CCCF8C8B0CCF8D0A0CCF800
:10155000CC70224F3346CCF8DC701D22009603F08D
:10156000A9FE2168404601F12F4101F56001090DF6
:101570000631C9B2EFF710F9324629464046EFF777
:1015800029F931464046EFF739F94EF20101A368D7
:10159000226803EB430302EBC302C2F8D8102846CB
:1015A00003F0B8FF2073284603F0B4FF237B40B25A
:1015B00060731843030603D4284607B0BDE8F08FD4
:1015C0004846FFF743FF6FF00500F6E7E42F0020E1
:1015D00030AC0110008003400090034018771C24B9
:1015E0002DE9F04F87B016461F460391002900F001
:1015F0001981D0F84C481820216801F12F4101F5DC
:101600006001090D0631C9B2EFF7C6F821681D2047
:1016100001F12F4101F56001090D0631C9B2EFF763
:10162000BBF8012200211D20EFF7D4F819234FF059
:10163000000242EC4030039B002F00F0F9804FF095
:101640000108002B08BF3B464FF0004C2068A16802
:10165000D0F800B008FA01F22BEA0202039301EB82
:101660004103D4F8049000EBC30E0260DEF8CC20F6
:1016700009F1050A6FF3D01242EA0A320EF58653D9
:1016800042EAC912CEF8CC20C3F810C04FF08072E5
:10169000C3F810C00023CDE9002303F0D7FDD4E93F
:1016A0000031109801F01F010591811BA268C9004B
:1016B000481E0146101D049002EB420003EBC005DA
:1016C000101D03F5005A08FA00F0CAF8000046F2AF
:1016D000200002F1080E4FEAC60C03EB820908FA5B
:1016E0000EFE0CF1FF3CCAF800E0C9F810C0C5F8C6
:1016F000D80046F240004FF0A04BC9F810100599F1
:10170000C5F8D800C5F8D81094F90C90DDE903515C
:1017100008FA09F04FEA891ECBF864040EEB0B0CB3
:10172000DCF80C004001FBD44FF0010A94F90D8065
:1017300003954FEA881C0AFA08FA0CF1A040CBF88E
:1017400064A48246039DDAF80C004001FBD40EF13C
:10175000A04ECEF800500395012503F12F40DFF88D
:101760001CA200F56000000D0AEA49390AEA483A6D
:1017700002EBC00849EA4848049101EBC000109907
:101780004AEA404A48F080704FEA9608C8EB91094F
:10179000049995404AF0807203EB810A0CF1A04C49
:1017A0000AF1100140F01900CEF804A042F04902FD
:1017B000CEF80880CEF80C00CCF80010B919CCF89F
:1017C0000410CCF80890CCF80C201A6815431D6062
:1017D00094F90C20920102F1A04213695801FCD443
:1017E00094F90D309B0103F1A043196911F0806158
:1017F000FBD13246384605F091FD4AF20300A3685A
:10180000226803EB430302EBC3034FF001011922EB
:10181000C3F8D80041EC4020FFF706FE002007B0D7
:10182000BDE8F08F002B7FF4E4AE6FF00400F6E724
:10183000002BE2D04FF001084FF0004C2068A16867
:10184000D0F800B008FA01F201EB41032BEA0202E2
:10185000D4F8049000EBC30E0260DEF8CC2009EB54
:10186000080A6FF3D01242EA0A320EF5865342EAB2
:10187000C912CEF8CC20C3F810C04FF08072C3F864
:1018800010C00023CDE9002303F0E0FCD4E90031CF
:10189000A26803F5005A151D08FA05F0CAF8000001
:1018A00046F2200001F01F01049102F1080E4FEAF8
:1018B000C60C02EB420103EBC10108FA0EFE0CF16B
:1018C000FF3C03EB8209CAF800E0C9F810C0C1F878
:1018D000D80046F240004FF0A04BC9F81070049FAA
:1018E000C1F8D800C1F8D87094F90CC0284608FA9D
:1018F0000CF14FEA8C1E039DCBF864140EEB0B0722
:10190000F9684901FCD40EF1A0410D600395012551
:1019100003EB8000486003F12F4000F56000000DEC
:1019200002EBC0009540154AB60802EA4C3242EA82
:10193000404242F0807242F019028E60CA601A681A
:101940002A431A600B695B01FCD40122A368216859
:1019500018339A408A608B681342FCD00123002719
:101960002068A168066803FA01F526EA0506066004
:101970001822009703F09EFC3FE700BFFDFF01FC2B
:1019800010B51720EEF7B6FF012117200C4641ECE9
:1019900044000022EEF71EFF1820EEF7ABFF1823DD
:1019A00044EC44304FF0000242EC40301920EEF796
:1019B000A1FF192344EC443044EC403010BD00BF7B
:1019C00038B517254FF0000444EC4050142003F0C4
:1019D00011FF4FF0010343EC4050FA2003F00AFFDF
:1019E0001820EEF787FF182344EC443038BD00BFC1
:1019F00030B5082300250C4C85B004EAC22444EA23
:101A00000174009344F08044042229466B4444F05E
:101A10000404039564BA0294FFF7E2FD08B9039841
:101A200040BA05B030BD00BF00F8FF0F944630B596
:101A30000D460422104C89B004EACC2444EA057413
:101A400044F0804414430294A5F10104B4FA84F4F0
:101A5000640994400834002102AB0094FFF7C0FDF4
:101A600040B9012D14BF0123052308AA02EB83030B
:101A700053F8180C09B030BD00F8FF0F944630B58C
:101A80000D46124C89B004EACC2444EA057444F0B3
:101A9000804444F002040294A5F10104B4FA84F4F1
:101AA0000422640994400834002102AB0094FFF73B
:101AB00097FD40B9012D14BF0123052308AA02EBAD
:101AC000830353F8180C09B030BD00BF00F8FF0FB6
:101AD000944630B50D46124C89B004EACC2444EA51
:101AE000057444F0804444F001040294A5F101041B
:101AF000B4FA84F40422640994400834002102AB4F
:101B00000094FFF76DFD40B9012D14BF012305239B
:101B100008AA02EB830353F8180C09B030BD00BFCC
:101B200000F8FF0F2DE9F04F5BBA04466E4DD4F874
:101B30004C4805EAC22545EA0175216887B001F1E4
:101B40002F4101F56001090D0631182045F0404292
:101B5000C9B242F0040252BACDE90423EEF71CFEEA
:101B600021681D2001F12F4101F56001090D0631A9
:101B7000C9B2EEF711FE012200211D20EEF72AFE68
:101B80000027192347EC403001254FF0004620681C
:101B9000A168D0F8009005FA01F201EB410329EAAF
:101BA0000202D4F804E000EBC30C0260DCF8CC20A5
:101BB0000EEB05086FF3D01242EA08320CF586539B
:101BC00042EACE12CCF8CC201E614FF080721E612A
:101BD00000234FF03F0A46F22009CDE9002303F02D
:101BE00035FBD4E90031A26801F01F010391101DFB
:101BF00002F1080602EB420105FA06F603EBC10109
:101C000003F5005E03EB820C05FA00FBCEF800B092
:101C1000CEF80060CCF810A0C1F8D890CCF81070C5
:101C200046F240074FF0A048039EC1F8D870C1F8B3
:101C3000D86094F90C60B540B701C8F8645407EB5C
:101C40000805E9684901FCD44FF0010C07F1A041F7
:101C5000022703F12F4505F560052D0D02EBC505A3
:101C60000CFA02FC214A03EB800002EA463242EA07
:101C7000454242F0807242F0190204AD0D604860A6
:101C80008F60CA601A684CEA02021A600B695B0135
:101C9000FCD40122A368216818339A408A608B68BB
:101CA0001A42FCD0012600272068A168036806FAC2
:101CB00001F523EA0503036018223346009703F079
:101CC000F9FA4AF20300A268236802EB420203EB2E
:101CD000C2031921C3F8D80046EC4010FFF7A4FB5B
:101CE000384607B0BDE8F08F00F8FF0FFDFF01FC9C
:101CF0002DE9F04F04466E4DD4F84C4805EAC22554
:101D000045EA0175216845F0404501F12F4101F593
:101D10006001090D063187B0182045F00405C9B2ED
:101D2000CDE90453EEF738FD21681D2001F12F4164
:101D300001F56001090D0631C9B2EEF72DFD012252
:101D400000211D20EEF746FD0027192347EC403007
:101D500001254FF000462068A168D0F8009005FAF0
:101D600001F201EB410329EA0202D4F804E000EB9E
:101D7000C30C0260DCF8CC200EEB05086FF3D01228
:101D800042EA08320CF5865342EACE12CCF8CC2057
:101D90001E614FF080721E6100234FF03F0A46F231
:101DA0002009CDE9002303F051FAD4E90031A268FB
:101DB00001F01F010391101D02F1080602EB420120
:101DC00005FA06F603EBC10103F5005E03EB820C96
:101DD00005FA00FBCEF800B0CEF80060CCF810A0F9
:101DE000C1F8D890CCF8107046F240074FF0A048E8
:101DF000039EC1F8D870C1F8D86094F90C60B54062
:101E0000B701C8F8645407EB0805E9684901FCD438
:101E10004FF0010C07F1A041022703F12F4505F512
:101E200060052D0D02EBC5050CFA02FC214A03EBFF
:101E3000800002EA463242EA454242F0807242F0B5
:101E4000190204AD0D6048608F60CA601A684CEAE0
:101E500002021A600B695B01FCD40122A3682168AD
:101E600018339A408A608B681A42FCD001260027FA
:101E70002068A168036806FA01F523EA05030360F8
:101E800018223346009703F015FA4AF20300A268BD
:101E9000236802EB420203EBC2031921C3F8D80006
:101EA00046EC4010FFF7C0FA384607B0BDE8F08FA7
:101EB00000F8FF0FFDFF01FC2DE9F04F04466E4DC9
:101EC000D4F84C4805EAC22545EA0175216845F079
:101ED000404501F12F4101F56001090D063187B040
:101EE000182045F00205C9B2CDE90453EEF754FCC1
:101EF00021681D2001F12F4101F56001090D063116
:101F0000C9B2EEF749FC012200211D20EEF762FC68
:101F10000027192347EC403001254FF00046206888
:101F2000A168D0F8009005FA01F201EB410329EA1B
:101F30000202D4F804E000EBC30C0260DCF8CC2011
:101F40000EEB05086FF3D01242EA08320CF5865307
:101F500042EACE12CCF8CC201E614FF080721E6196
:101F600000234FF03F0A46F22009CDE9002303F099
:101F70006DF9D4E90031A26801F01F010391101D31
:101F800002F1080602EB420105FA06F603EBC10175
:101F900003F5005E03EB820C05FA00FBCEF800B0FF
:101FA000CEF80060CCF810A0C1F8D890CCF8107032
:101FB00046F240074FF0A048039EC1F8D870C1F820
:101FC000D86094F90C60B540B701C8F8645407EBC9
:101FD0000805E9684901FCD44FF0010C07F1A04164
:101FE000022703F12F4505F560052D0D02EBC50510
:101FF0000CFA02FC214A03EB800002EA463242EA74
:10200000454242F0807242F0190204AD0D60486012
:102010008F60CA601A684CEA02021A600B695B01A1
:10202000FCD40122A368216818339A408A608B6827
:102030001A42FCD0012600272068A168036806FA2E
:1020400001F523EA0503036018223346009703F0E5
:1020500031F94AF20300A268236802EB420203EB63
:10206000C2031921C3F8D80046EC4010FFF7DCF991
:10207000384607B0BDE8F08F00F8FF0FFDFF01FC08
:102080002DE9F04F04466E4DD4F84C4805EAC225C0
:1020900045EA0175216845F0404501F12F4101F500
:1020A0006001090D063187B0182045F00105C9B25D
:1020B000CDE90453EEF770FB21681D2001F12F419B
:1020C00001F56001090D0631C9B2EEF765FB012289
:1020D00000211D20EEF77EFB0027192347EC40303E
:1020E00001254FF000462068A168D0F8009005FA5D
:1020F00001F201EB410329EA0202D4F804E000EB0B
:10210000C30C0260DCF8CC200EEB05086FF3D01294
:1021100042EA08320CF5865342EACE12CCF8CC20C3
:102120001E614FF080721E6100234FF03F0A46F29D
:102130002009CDE9002303F089F8D4E90031A26831
:1021400001F01F010391101D02F1080602EB42018C
:1021500005FA06F603EBC10103F5005E03EB820C02
:1021600005FA00FBCEF800B0CEF80060CCF810A065
:10217000C1F8D890CCF8107046F240074FF0A04854
:10218000039EC1F8D870C1F8D86094F90C60B540CE
:10219000B701C8F8645407EB0805E9684901FCD4A5
:1021A0004FF0010C07F1A041022703F12F4505F57F
:1021B00060052D0D02EBC5050CFA02FC214A03EB6C
:1021C000800002EA463242EA454242F0807242F022
:1021D000190204AD0D6048608F60CA601A684CEA4D
:1021E00002021A600B695B01FCD40122A36821681A
:1021F00018339A408A608B681A42FCD00126002767
:102200002068A168036806FA01F523EA0503036064
:1022100018223346009703F04DF84AF20300A268F3
:10222000236802EB420203EBC2031921C3F8D80072
:1022300046EC4010FFF7F8F8384607B0BDE8F08FDD
:1022400000F8FF0FFDFF01FCF0B50129054683B042
:1022500003F103001E460F46089C20F0030023D024
:1022600024234FF0040C164905EB8C0C01EAC22123
:10227000314341EA0771043041F08041009004226B
:10228000CCF81410284600212B44FFF7A9F9074683
:1022900078B905F12801A14203D03246204605F065
:1022A00093F9384603B0F0BD14234FF0000C103002
:1022B000D9E701460348F1F7DFFE384603B0F0BD29
:1022C00000F8FF0F349E01102DE9F04F8BB0DE1C9B
:1022D00002AF02299A468B460546D7F8489026F069
:1022E000030621D028484AEA0B7B00EAC22040EAD4
:1022F0000B0040F0404405F12800484506F1040673
:102300003BD02B4643F8244F1C465246494605F025
:102310005BF90023324621462846BB642437BD467C
:10232000BDE8F04FFFF75CB94FF47A744FF008083E
:102330009346C7E90016013C16D3144B0422BB6038
:102340000021284607F10803CDF800806E46FFF70C
:1023500047F900B9F8688306B546ECD55A467E6859
:10236000D7F800B0002CBDD10948F1F703FE6FF09B
:1023700005002437BD46BDE8F08F294600233246CC
:10238000284641F8244FC8E700F8FF0F04400040FA
:1023900068A0011038B5836821F4FF4424F07F045D
:1023A000A3420BD06340B3F1807F054607D213F4FC
:1023B0007F0F0ED113F47F4F16D1AC6038BD230EC2
:1023C00001210D4AFFF75CFEAB68634013F47F0FF9
:1023D000F0D0230C01212846084AFFF751FEAB68D4
:1023E000634013F47F4FE8D001212846044A230AB2
:1023F000FFF746FEE1E700BF0C0001000B00010003
:102400000A000100C31CF0B55FEA930EA1F10200BF
:1024100018D0BEF1010F4FD023F00702DE080B46A3
:1024200001EB020C1D685C6843F8025CC3F80240D3
:1024300008339C45F6D1BEEB460F03D084188B18A9
:102440001B682360D1F802200B8814BAC1F802403F
:10245000D1F806405BBA0B8023BAC1F80630D1F838
:102460000A30B2F18A4F1BBAC1F80A3000D0F0BD71
:10247000B4F1006FFBD1B1F8AE20D1F8B240D1F881
:102480003E3015199D421AD801F13A0313441C44F9
:10249000A3423BD200273E4604E0DD2D14D0134476
:1024A0009C421FD95A7802329D18AC42F7D31D784E
:1024B000302DF2D11E46F2E70B460446C0E74FF03E
:1024C000FF33C1F80630F0BD9D78002DE7D1DD78EF
:1024D000502DE4D11D79F22DE1D15D79012D08BF98
:1024E0001F46DCE7331E18BF01239B000FB143F0EA
:1024F0000203B1F84A20D20691F8822048BF43F087
:10250000010381F88630A1F88220F0BD0023F0E7B6
:102510002DE9F8430F46054601213B46194AFFF7CE
:10252000AFFD3B4601212846164AFFF7A9FD2FB310
:102530004FF00309C8464024124E0AE0012003F080
:1025400059F93B46324601212846FFF799FD013CE7
:102550000ED0324601212846FFF7BAFA002800EAD9
:102560000803EBDB4B45E9D1FF28E7D0BDE8F88352
:102570003946BDE8F8430448F1F77EBDB9464FF04F
:102580000108D8E71F000100509E01102DE9F0431B
:10259000C37C05460F46164683B02BB9006802F08F
:1025A000DFFB012840F09580284602F0DFFBAB7C82
:1025B0002BB901212846FFF7ABFF0123AB74E97C5F
:1025C00000296ED04FF47A7402E0013C00F0818063
:1025D000082200212846FFF729FA421CF5D0C3053E
:1025E00040F1C580C0F34A235A1EB2F5C06F80F097
:1025F000B88010F0020240F0B48005F128040221F6
:1026000028460094FFF720FE00283FD1298D6A8DCF
:1026100051EA020300F0AB800123EB744FF6FF7325
:1026200081EA020C9C4540F0A880D24392B29142CC
:1026300040F0A0800B2940F2A78095F82D3095F846
:10264000302003F00F03022BAA7322D895F831C073
:102650006A7BACEB0202D2B2142A98BF85F80DC097
:102660000C291BD0012B37D0022B66D01B2940F23E
:10267000978095F82F302D8A23445A89954240F04F
:102680008C8010331C1B0C1B3C60336003B0BDE816
:10269000F0830C2918BF6FF00A00F7D16FF0030028
:1026A000F4E704222846FFF7E9F9DFF80C911FFA56
:1026B00080F8B9F800300446434502D010F0860F88
:1026C0002DD1B8F1000F31D1A106A9F800803FF556
:1026D00079AF4FF0FF30D9E7102964D995F82F2052
:1026E0002244D07802EB8002107C0432141B88282C
:1026F000A1EB04014BD1507B6C2848D1D07C002841
:102700003FD1107D10283CD1507D182839D1184672
:10271000183918323960326003B0BDE8F0834146A1
:102720002248F1F7A9FCB8F1000FCDD043460422AE
:1027300000212846FFF7C0FBC6E710292AD9184612
:1027400095F82F202244D37802EB83030433927848
:102750001C1B0C1B44EAC2723A60336003B0BDE834
:10276000F083012328461946114AFFF789FC00230C
:10277000EB74AEE76FF0010088E70E48F1F77CFCE0
:10278000A7E76FF0090081E76FF002007EE76FF0C6
:1027900008007BE76FF0060078E76FF0050075E74B
:1027A0006FF0040072E76FF007006FE7749E01108E
:1027B0000D000100A09E0110DEC600202DE9F04FA3
:1027C000044685B099468B46924602F0CFFAA37C28
:1027D0002BB901212046FFF79BFE0123A374A37BA5
:1027E00013B32D4EDFF8B880B76A0CE0A17BED1B68
:1027F00019B9237B627B9A421AD1454542D84FF4DE
:102800007A7002F0C1FF204603AA02A9B56AFFF759
:10281000BDFE0128EAD1DDE90201FFF7F3FD014623
:10282000204602F0A9FAE1E7237B627B9A42D8D0E6
:102830000AF10C0189B289F8043089F805B0CDF8A5
:102840000090A9F80010C943BBF1020FA9F80210CB
:102850004FF0000214BF0C210E21581C0AF10F0387
:1028600089F8071089F80620A9F80820A9F80A2095
:102870000221207323F003032046FFF725FD05B056
:10288000BDE8F08F637B227B0448F1F7F5FB6FF026
:10289000010005B0BDE8F08F00000B40CC9E011098
:1028A00040420F002DE9F04F2A4D8946AE6AAF6ACB
:1028B0009246A7EB060C284F9846BC4585B02ED80B
:1028C0000446DFF89CB00FE002281FD0002803DB8D
:1028D00058461946F1F7D0FB4FF47A7002F054FFD6
:1028E000AB6A9B1BBB421AD8204603AA02A9FFF77A
:1028F0004DFE0346F8B10128E6D1DDE90201FFF7FC
:1029000081FD0146204602F037FAE5E7DDE90213D2
:10291000206821F00042C90F02F0D4F8DCE74346FA
:10292000524649460D48F1F7A7FB6FF001031846E0
:1029300005B0BDE8F08F029A0190424528BF42469B
:102940000E98039904F07CFD019B184605B0BDE884
:10295000F08F00BF00000B403F420F001C9F011092
:10296000F09E01102DE9F04F00240746914683B0F8
:10297000A1F1400AA3F1400B15E013F47F0F32D10F
:1029800013F47F4F3AD1BE60C5F30E020BEB040582
:10299000434601213846009542F40042FFF794FC7B
:1029A00098BB4C4531D2A04640340AEB0405BB68C5
:1029B00025F4FF464C4526F07F0694BF4FF04008B3
:1029C000A9EB08089E42DFD07340B3F1807FD4D3D7
:1029D0000023012138460E4AFFF752FBBB687340C3
:1029E00013F47F0FCCD0330C01213846094AFFF78E
:1029F00047FBBB68734013F47F4FC4D001213846B6
:102A0000054A330AFFF73CFBBDE703B0BDE8F08F92
:102A10000C0001000B0001000A0001002DE9F0414B
:102A2000044682B008460E46904604F049FE07462A
:102A3000314604F144057E1C2846324604F0C4FDAC
:102A400007F12103B3F5006F45F806801DD87E1D00
:102A5000002107F1150240F20717238A20460133AF
:102A60009BB223821B0443F00203E363A66304F1D9
:102A7000280321646763FFF7A1FE30B933463A4665
:102A8000022120460095FFF70DFF02B0BDE8F0815E
:102A90002DE9F047044608461D468946904604F055
:102AA0000FFE04F144072946451C42467819089E4A
:102AB00004F0C6FC2A4649463846454404F084FDE5
:102AC00005F11C03B3F5006F20D8238A36030133C8
:102AD0009BB246EA034646F002060021E66340F256
:102AE000071623822046A56304F1280305F110028E
:102AF00021646663FFF762FE40B92B4632462046EA
:102B000008970221BDE8F047FFF7CCBEBDE8F0878B
:102B10002DE9F04700F1440582B004460846984686
:102B200091460E4604F0CCFD074631467E1C3246E7
:102B3000284604F049FD0021781D07F1250C05F811
:102B40000690AA192B184FEA182A4FEA18494FEA9B
:102B5000186EBCF5006F51709170D17005F800804F
:102B600083F801A083F8029083F803E01DD807F1F1
:102B7000090607F1190240F20717238A204601339C
:102B80009BB223821B0443F00203E363A663216428
:102B900004F128036763FFF711FE30B933463A4664
:102BA000022120460095FFF77DFE02B0BDE8F087C8
:102BB00070B5836821F4FF4626F07F069E420446E6
:102BC0000D460AD07340B3F1807F23D213F47F0FF8
:102BD0002AD113F47F4F32D1A660C5F30E02012132
:102BE000204642F40042FEF773FFA3680546B3F1A6
:102BF000C05F0DD083F0C053B3F1807F39D213F49E
:102C00007F0F2BD113F47F4F20D14FF0C053A3601F
:102C1000284670BD330E01211B4AFFF731FAA36825
:102C2000734013F47F0FD4D0330C01212046174A90
:102C3000FFF726FAA368734013F47F4FCCD001212D
:102C40002046134A330AFFF71BFAC5E74FF4C013B7
:102C5000012120460E4AFFF713FAD6E74FF4C0537E
:102C600001212046094AFFF70BFAA36883F0C053FD
:102C7000C8E7182301212046034AFFF701FAA36899
:102C800083F0C053BBE700BF0C0001000B00010044
:102C90000A0001002DE9F843866821F4FF4727F078
:102CA0007F07B74204460D46904699460BD087EA07
:102CB000060CBCF1807F3CD21CF47F0F2FD11CF49A
:102CC0007F4F25D1A760C5F30E02B8F1010F4B4627
:102CD00042F4004217D001212046FFF709F8A3680B
:102CE000B3F1C05F0DD083F0C053B3F1807F3CD20D
:102CF00013F47F0F2ED113F47F4F23D14FF0C05325
:102D0000A360BDE8F88341462046FFF7B9F9E6E73E
:102D1000012120461A4A3B0AFFF7B2F9D2E7012106
:102D20002046184A3B0CFFF7ABF9A06887EA000C75
:102D3000C5E73B0E0121144AFFF7A2F9A36887EA11
:102D4000030CB9E74FF4C013012120460C4AFFF7EA
:102D500097F9D3E74FF4C05301212046094AFFF702
:102D60008FF9A36883F0C053C5E7182301212046DB
:102D7000054AFFF785F9A36883F0C053B8E700BFA1
:102D80000A0001000B0001000C000100C84B0129E2
:102D90002DE9F041C74F0ABF1F464FF448484FF492
:102DA000384804460D463946FFF7F4FA42460121F9
:102DB0002046FEF78DFEA368B3F1C05F10D083F00C
:102DC000C053B3F1807F80F0D38013F47F0F40F0C5
:102DD000DC8013F47F4F40F0E6804FF0C053A360D7
:102DE00039462046FFF7D6FA424601212046FEF733
:102DF0006FFEA3680646B3F1C05F10D083F0C053E6
:102E0000B3F1807F80F08A8113F47F0F40F07B81E3
:102E100013F47F4F40F06F814FF0C053A360F3076E
:102E200040F18681A44B012DA44E08BF1E464BF2F3
:102E300008434CF2084508BF1D4631462046FFF7BF
:102E4000A9FA032301212A462046FFF719F9A368AE
:102E5000B3F1C05F10D083F0C053B3F1807F80F036
:102E6000408113F47F0F40F0318113F47F4F40F025
:102E700016814FF0C053A36031462046FFF78AFA0F
:102E80002A4601212046FEF723FEA368B3F1C05F66
:102E900010D083F0C053B3F1807F80F0F68013F43C
:102EA0007F0F40F0E78013F47F4F40F0DB804FF05E
:102EB000C053A36039462046FFF76CFA0023012176
:102EC00042462046FFF7DCF8A368B3F1C05F10D09C
:102ED00083F0C053B3F1807F80F0BA8013F47F0F8A
:102EE00040F0AB8013F47F4F40F09F804FF0C05311
:102EF000A360012002F07EFC31462046FFF74AFA2B
:102F000001232A4619462046FFF7BAF8A368B3F111
:102F1000C05F0DD083F0C053B3F1807F7BD213F438
:102F20007F0F6DD113F47F4F62D14FF0C053A36078
:102F300031462046FFF72EFA2A4601212046FEF7A9
:102F4000C7FDA368B3F1C05F0DD083F0C053B3F1E8
:102F5000807F43D213F47F0F35D113F47F4F2AD1F2
:102F60004FF0C053A3600120BDE8F04102F042BC25
:102F7000182301212046524AFFF782F8A36883F004
:102F8000C05313F47F0F3FF424AF4FF4C05301211B
:102F900020464C4AFFF774F8A36883F0C05313F43B
:102FA0007F4F3FF41AAF4FF4C01301212046464A29
:102FB000FFF766F811E74FF4C01301212046424A9B
:102FC000FFF75EF8CCE74FF4C053012120463D4A9D
:102FD000FFF756F8A36883F0C053BEE7182301211A
:102FE0002046374AFFF74CF8A36883F0C053B1E797
:102FF0004FF4C01301212046334AFFF741F894E70C
:103000004FF4C053012120462E4AFFF739F8A36838
:1030100083F0C05386E7182301212046284AFFF792
:103020002FF8A36883F0C05379E74FF4C013012150
:103030002046254AFFF724F858E74FF4C0530121F2
:103040002046204AFFF71CF8A36883F0C05349E7E5
:103050001823012120461A4AFFF712F8A36883F0CB
:10306000C0533BE74FF4C01301212046164AFFF737
:1030700007F81CE74FF4C05301212046114AFEF720
:10308000FFFFA36883F0C0530DE7182301212046FA
:103090000B4AFEF7F5FFA36883F0C053FFE64FF439
:1030A000C01301212046084AFEF7EAFFE1E600BF0F
:1030B0000038101800481018083410180844101868
:1030C0000C0001000B0001000A0001004FF4C05386
:1030D00001212046184AFEF7D3FFA36883F0C053AE
:1030E000C3E6182301212046144AFEF7C9FFA3684E
:1030F00083F0C053B5E64FF4C01301212046104AB7
:10310000FEF7BEFF88E64FF4C053012120460A4A6D
:10311000FEF7B6FFA36883F0C05379E618230121B8
:103120002046064AFEF7ACFFA36883F0C0536BE667
:103130000448F0F71FFF75E60B0001000C000100CA
:103140000A000100449F011000234FF480720160C7
:103150008360828183730361C0F84C38704700BF7D
:10316000FEF774B970B50446184602F11203B3F5C0
:10317000006F9DF810601CD82023E38600231546BD
:1031800084F8381004F13A0C84F8393066B90146F5
:10319000604604F055F9204604F12803AA1D0221D7
:1031A000BDE87040FFF70ABB614692B2F5F73AF806
:1031B000F1E76FF0040070BD10B5044682B06946B7
:1031C000204601AAFFF7E2F9012805D002280CD019
:1031D0000130F4D102B010BDDDE90001FFF712F9B2
:1031E0000146204601F0C8FDE9E7DDE9001320684B
:1031F00021F00042C90F01F065FCE0E72DE9F0473E
:103200001F4602F11C03B3F5006FDDF820C02DD876
:1032100004464FF0000916464D084563008A4FEA00
:10322000410808F00208013080B248EA0C3C4CEA40
:103230000043E36393B239462082A36304F1440060
:10324000C4F8409004F0FCF84946204604F12803F5
:1032500006F11002FFF7B2FA50B933462A4641464A
:1032600020460897BDE8F047FFF71CBB6FF004004D
:10327000BDE8F08710B5044641B1837C03B910BDA9
:103280000021BDE810408174FFF742B901F06EFDE6
:10329000A37C002BF3D101212046FFF739F901234C
:1032A000A37410BD0B462DE9F0410446774A1E0C6D
:1032B00003CA82B06064A16404F14405D8B2C3F3C8
:1032C000072100F0D78000221B0E66F3070263F38C
:1032D0000F2292B240F207174FF0140884F84D10F5
:1032E00084F855100021238A04F1280601339BB28B
:1032F00023821B0443F00203226584F84C0084F807
:103300005400E363242233462046C4E90D78A4F830
:103310004E10A4F856102164FFF750FA30B9434616
:103320003A46022120460095FFF7BCFA322002F00F
:1033300061FA402700214FF00408238A1422013348
:103340009BB223821B0443F00203E363204633460F
:10335000C4E90D7861642164FFF730FA30B943465F
:103360003A46022120460095FFF79CFA00222046AB
:103370004749FFF753FB012220464649FFF74EFB22
:10338000082220464449FFF749FB042220464349CE
:10339000FFF744FB002220464149FFF73FFB414B2A
:1033A00060689B6A404A191A914266D94FF0FF3310
:1033B000E7224BF6EE707F214FF0000E40F2071728
:1033C0004FF02908DFF8E4C0C4F85A30C4F85E3082
:1033D000C4F86230C4F86630A4F85F0084F8621064
:1033E00084F85C20C4F86930BCE80F006064EB60CE
:1033F000BCF800306960AA602B82238A71460133D1
:103400009BB223821B0443F00203E3633922334659
:103410002046C4E90D78C4F840E0FFF7CFF930B991
:1034200043463A46022120460095FFF73BFA3220F8
:1034300002F0E0F9102202250021208A33460130F3
:1034400080B2208290402843E063C4E90D512046B9
:103450002164FFF7B3F9034628B92A4629462046D6
:103460000093FFF71FFA322002F0C4F9002002B0E7
:10347000BDE8F0814FF0FF322CE7C3F5123303F5BE
:10348000F873184402F0D6F990E700BF0C1F05103E
:10349000609F01106C9F0110749F0110849F0110A8
:1034A000909F011000000B40EF490200A09F011007
:1034B0002DE9F04104464FF0000E4FF483761427B7
:1034C000038ADFF860C001339BB203821B04C0E9AA
:1034D0000D67C0F840E0C3630D4600F14408BCE846
:1034E0000F006064DCF8000082B0A164E264236530
:1034F000606571462422204604F12803FFF75EF937
:1035000068B901463B4632462046CDF80080FFF7B9
:10351000C9F920B9636C2B60B4F84830AB8002B0B5
:10352000BDE8F081181F05102DE9F047A94B86B0C2
:103530009B6A044643600F46FDF7BEFF88B9FEF75D
:103540001FFA0A25FEF73CFAA34E1422002120465A
:10355000FEF74EFAB0420DD0012002F04BF9013DCA
:10356000F3D19E48F0F706FD6FF00505284606B03A
:10357000BDE8F087002220461146994BFEF7D2FAAB
:1035800005460028EDD1024601462046FEF74EFAD8
:10359000294610231D222046FEF772FD0146002811
:1035A000DFD1992304222046FEF76AFD0146002858
:1035B000D7D1BE2306222046FEF77EFC0028D0D1BC
:1035C000082301212046874AFEF75AFD0A25854E29
:1035D000012132462046FEF77BFA410608D401203D
:1035E00002F008F9013DF3D17F48F0F7C3FCBBE7D7
:1035F00000237C4A01212046FEF742FD20467B49FC
:10360000FEF7C8FE4FF4384201212046FEF760FA6B
:10361000A368B3F1C05F10D083F0C053B3F1807FD3
:1036200080F00A8313F47F0F40F0FB8213F47F4F86
:1036300040F0EF824FF0C053A36020466B49FEF785
:10364000A9FE4FF4384201212046FEF741FAA36853
:103650000546B3F1C05F10D083F0C053B3F1807F53
:1036600080F0CD8213F47F0F40F0BE8213F47F4FC1
:1036700040F0B2824FF0C053A360EA0740F18F835D
:1036800020465B49FEF786FE4FF448420121204662
:10369000FEF71EFAA368B3F1C05F10D083F0C053E9
:1036A000B3F1807F80F08E8213F47F0F40F0EB82C5
:1036B00013F47F4F40F0DF824FF0C053A3602046E9
:1036C0004B49FEF767FE4FF4484201212046FEF7C2
:1036D000FFF9A3680546B3F1C05F10D083F0C05373
:1036E000B3F1807F80F0BD8213F47F0F40F0AE8293
:1036F00013F47F4F40F0D2824FF0C053A360EB072A
:1037000040F1518302212046FFF740FBA368B3F14B
:10371000C05F10D083F0C053B3F1807F80F0D281BE
:1037200013F47F0F40F0C38113F47F4F40F0F18119
:103730004FF0C053A36003234CF210020121204636
:10374000FEF7D6FAA368B3F1C05F10D083F0C05380
:10375000B3F1807F80F0D38113F47F0F40F0C481F8
:1037600013F47F4F40F0B8814FF0C053A3600023A3
:103770004CF2440201212046FEF7BAFAA368B3F1E5
:10378000C05F10D083F0C053B3F1807F80F0088217
:1037900013F47F0F40F0C58113F47F4F40F00A828D
:1037A0004FF0C053A360134BB3F8AC23B2F5FA7FCC
:1037B00080F2798193F8AB13002940F07481502A8C
:1037C00040F3718103F25B3503F2AB33DFF82880FD
:1037D0009E1A16E000000B40ADBEEDFEB49F011036
:1037E000B30402000E00010008A0011000381018F8
:1037F0000048101844140510D49F0110AE4200F088
:10380000528128460922414603F0DAFD013D002895
:10381000F4D10146C84B2046C84AFFF7A3F8054635
:1038200000287FF4A3AE4FF43A72C54BC549204639
:10383000FFF798F8C44B04222046C449FFF72AFA40
:1038400001212046FFF7A2FA2046C149FFF7B0F94F
:1038500000F00303012B02D0BE48F0F78BFB20469B
:10386000BD49FFF7A5F9C60700F120824FF47A762B
:10387000DFF8F48205E0012001F0BCFF013E00F01A
:103880008482424601212046FEF722F90006F2D545
:10389000F02304222046B149FFF7FCF9202301213F
:1038A0002046AF4AFEF7ECFB4FF47A7605E00120A4
:1038B00001F0A0FF013E00F06D82002108222046A9
:1038C000FEF7B4F88106F2D50121A64A2046FEF79C
:1038D000FFF8C3B20121A34A43F002032046FEF7DA
:1038E000CFFB0823F02200212046FEF7C9FB02236C
:1038F00001219D4A2046FEF7C3FB9C4A0121204638
:10390000FEF7E6F8C20740F1D9810F230121984A5A
:103910002046FEF7B5FB00230121954A2046FEF71D
:10392000AFFB0121924A2046FEF7D2F80422002183
:103930002046FEF7A3F8C30700F1C981A368B3F1DD
:10394000C05F10D083F0C053B3F1807F80F013824A
:1039500013F47F0F40F0048213F47F4F40F0F8819E
:103960004FF0C053A36048F2085201212046FEF7F1
:103970005DF8A368B3F1C05F10D083F0C053B3F11A
:10398000807F80F0D38113F47F0F40F0C48113F463
:103990007F4F40F0D5814FF0C053A360204601F027
:1039A000E5F9A37C2BB901212046FEF7B1FD0123E7
:1039B000A3744FF0000A4FF4767240F207184FF4E8
:1039C0007C796C496C4BC4E9142AE16403CB6064D4
:1039D000A16404F15800694903F0F6FD238A5146B9
:1039E00001339BB223821B0443F00203C4F840A0BE
:1039F00004F1280AE3634FF4806253462046C4E989
:103A00000D8904F14406FEF7D9FE30B94B46424613
:103A1000022120460096FEF745FF4FF0000E4FF4BE
:103A200083784FF01309DFF874C1BCE80F006064BD
:103A3000B260BCF80020716032829CF80220F36012
:103A4000B274228A7146013292B222821204E26377
:103A5000534623222046C4E90D89C4F840E0FEF70E
:103A6000ADFE014628B94B46424620460096FEF779
:103A700019FF636C002B40F01D8100222046404955
:103A8000FEF7CCFF012220463E49FEF7C7FF002F7C
:103A900000F0248100263B46062220463A49009643
:103AA000FEF7F6FF62E53948F0F764FA5CE54FF49B
:103AB000C05301212046364AFEF7E2FAA36883F09C
:103AC000C05331E6182301212046324AFEF7D8FAC6
:103AD000A36883F0C05323E64FF4C01301212046AE
:103AE0002D4AFEF7CDFA3FE64FF4C05301212046A0
:103AF000274AFEF7C5FAA36883F0C05330E61823BF
:103B000001212046234AFEF7BBFAA36883F0C05385
:103B100022E64FF4C013012120461F4AFEF7B0FAF7
:103B200006E64FF4C05301212046194AFEF7A8FAD1
:103B3000A36883F0C0532FE644AC0110C06B0300B0
:103B40001C1C051014FD0700BA0045FFFCFF070010
:103B50000834101834A00110003810182420001860
:103B6000080001001E0001000E0001001F000100FE
:103B70000F00010006100200301F05104418051048
:103B8000609F01106C9F011090A00110E09F011038
:103B90000B0001000C0001000A0001003C1F051091
:103BA000182301212046824AFEF76AFAA36883F0AF
:103BB000C053EDE54FF4C013012120467D4AFEF7C6
:103BC0005FFAEDE5182301212046794AFEF758FAFD
:103BD000A36883F0C05367E54FF4C013012120466A
:103BE000744AFEF74DFA45E54FF4C05301212046D3
:103BF000714AFEF745FAA36883F0C05336E51823EF
:103C0000012120466A4AFEF73BFAA36883F0C053BD
:103C100028E54FF4C01301212046664AFEF730FA2A
:103C200008E54FF4C05301212046634AFEF728FA05
:103C3000A36883F0C053F9E41823012120465C4AAD
:103C4000FEF71EFAA36883F0C053EBE44FF4C053B1
:103C500001212046584AFEF713FAA36883F0C053A7
:103C600046E5182301212046514AFEF709FAA368C8
:103C700083F0C05338E54FF4C013012120464D4A6C
:103C8000FEF7FEF918E54FF4C053012120464A4AD9
:103C9000FEF7F6F9A36883F0C05309E54FF4C013AB
:103CA00001212046434AFEF7EBF925E54348F0F7AA
:103CB00061F9DBE54248F0F75DF9DEE6C3B20121C8
:103CC0002046404A43F00103FEF7DAF91DE683B2CD
:103CD000042200212046FEF7EFF82FE63A4B93E846
:103CE00003000490ADF81410204602A9FFF7E0FB92
:103CF00058B9029A049B9A427FF438ACBDF80C2064
:103D0000BDF814309A427FF431AC002002A901F0D2
:103D10000DFD02AFBEE64FF4C05301212046264AF6
:103D2000FEF7AEF9A36883F0C05330E618230121F3
:103D300020461F4AFEF7A4F9A36883F0C05322E689
:103D40004FF4C013012120461A4AFEF799F922E6E2
:103D50004FF4C01301212046164AFEF791F9FFE502
:103D60004FF4C05301212046134AFEF789F9A36896
:103D700083F0C053F0E51823012120460C4AFEF7DA
:103D80007FF9A36883F0C053E2E51048F0F7F2F83A
:103D9000FFF7EABB0E48F0F7EDF8FFF7E5BB0D487B
:103DA000F0F7E8F86CE40B48F0F7E4F8AAE400BF99
:103DB0000C0001000A0001000B00010034A00110FA
:103DC00078A001101F000100501F051048A001102D
:103DD00060A00110449F0110C82A28BFC822012AF0
:103DE00038BF01222DE9F04104461E4602EB820253
:103DF00082B00D4652003949FEF710FE3246204689
:103E00003749FEF70BFE2046089A3649FEF706FEB4
:103E10002046099A3449FEF701FE56274FF0040860
:103E20000021238A04F1280601339BB223821B045C
:103E300043F002036564E363142233462046C4E979
:103E40000D78216404F14405FEF7B8FC30B943460F
:103E50003A46022120460095FEF724FD01226E27F6
:103E600000214FF00408238A626413449BB223822A
:103E70001B0443F00203E3631422334620466763C6
:103E80002164C4F83880FEF799FC30B943463A46BD
:103E9000022120460095FEF705FD00213346042748
:103EA0008E26228A2046013292B22282120442F0E9
:103EB0000202E263C4E910111422C4E90D67FEF79F
:103EC0007DFC30B93B463246022120460095FEF784
:103ED000E9FC002002B0BDE8F08100BFA0A0011005
:103EE000B0A00110BCA00110C8A001102DE9F04F36
:103EF0001446A9B0DDF8CC808B4608221049059401
:103F000002930446FEF78AFDB8F1000F00F09F818E
:103F10000C4B28F002029A421CD00B4B984500F043
:103F200016820A4B984500F01782094B984540F0DD
:103F30001D82002304204FF48027CDE903300DE0DB
:103F4000749F0110040040000200200004000001E2
:103F50000400400180270023CDE90373029B402B1E
:103F600000F20482002186264FF0040A238A04F11D
:103F7000280901339BB223821B0443F00203E3634D
:103F800014224B462046C4E90D6A84F8448084F824
:103F9000451084F8461084F84710216404F1440564
:103FA000FEF70CFC30B953463246022120460095FC
:103FB000FEF778FCB8F1000318BF01230022204669
:103FC000BF49C04EFEF7A4FD4FF0FF33002220464C
:103FD000BD49FEF79DFD0FCE6064EB6033884FF066
:103FE000000C2B82B37841F2883EAB741B2340F265
:103FF000071A6960AA60A363238A614601339BB2F2
:1040000023821B0443F00203E3632B224B4620462A
:10401000C4F85BE0C4F857C0C4F834A0C4F840C08A
:10402000FEF7CCFB30B91B235246022120460095F7
:10403000FEF738FCB8F1000F34D0A44B984531D0CE
:10404000012344264FF000084FF4867A029A3299F1
:1040500008A8ADF81C20ADF81E3003F0B5FA022018
:1040600001F0C8FB238A324601339BB223821B0432
:1040700043F00203E36307A92846C4E90DA6C4F888
:10408000408003F0A1FA4B46542241462046FEF7F9
:1040900095FB38B907AB00935246334602212046C0
:1040A000FEF700FCB7F5802F00F0168101234FF0DA
:1040B0001408002104266364238A424601339BB21C
:1040C00023821B0443F00203E36320464B46C4F8FB
:1040D00034802164A663FEF771FB30B93346424653
:1040E000022120460095FEF7DDFB00230021162665
:1040F0004FF0040884F84430238A142201339BB221
:1041000023821B0443F00203E36320464B46C4E9C9
:104110000D6884F8451084F8461084F8471021642F
:10412000FEF74CFB30B9434632460221204600954B
:10413000FEF7B8FB802F1BBFA7F58022B2FA82F2F0
:104140000122520920466249FEF768FCA52600219B
:104150000427039B142284F84430049B204684F8EF
:104160004630238AC4E90D6701339BB223821B04C6
:1041700043F00203E36384F845104B4684F847108C
:104180002164FEF71BFB30B93B4632460221204634
:104190000095FEF787FB059E5A463146C4F828B8BD
:1041A00004F62C0003F010FA349B002B53D042226B
:1041B000002108A803F0B2F831465A4608A8CDF805
:1041C0001CB003F001FA4FF0FF330022CDE91133A8
:1041D000CDE91333349B8DF8402018689B881590E7
:1041E000ADF85830359B591C06D01A46012342F4CD
:1041F0008057ADF860701793462207A904F1490073
:1042000003F0E2F940F2071600214B27314B5B2205
:1042100018681B7960642B71208A4B46013080B28C
:104220002082000440F00200E063C4E90D672046EC
:104230002164FEF7C3FA30B93B46324602212046DC
:104240000095FEF72FFB002029B0BDE8F08F474610
:10425000CDE9038886E62364238A1A2201339BB2C0
:1042600023821B0443F00203E363242304F628089B
:104270004746C4E90D2304F6480C3E4610350FCEE0
:10428000664507F1100745F8100C45F80C1C45F879
:10429000082C45F8043CF0D138684B46286034229D
:1042A00000212046FEF78AFA0028CCD124231A22C6
:1042B00002212046CDF80080FEF7F4FAC3E700BFE4
:1042C000D8A0011000A10110E8A001100400000115
:1042D00024A1011028A101100026802200210DF147
:1042E0001E0003F01BF8029B32991A460DF11E00C6
:1042F000ADF81C3003F068F9022001F07BFA82224D
:1043000020461C4907AB0096FEF7C2FB01234FF085
:1043100014083146266404266364238A4246013326
:104320009BB223821B0443F00203E36320464B4607
:10433000C4F83480A663FEF741FA30B933464246EA
:10434000022120460095FEF7ADFA0323CEE60427AE
:104350000023CDE9037301E6029B802B06D80023DE
:1043600004254FF48027CDE90335FBE56FF0040009
:104370006AE700BF14A10110F0B500210425A526AD
:10438000038A83B001339BB203821B0443F0020310
:10439000C3631422C0E90D650164456400F128037C
:1043A0000446FEF70BFA40B904F144072B463246A7
:1043B000022120460097FEF775FA03B0F0BD00BF5A
:1043C0001A230022242170B5044600F62805436311
:1043D0002B460264028A8163013292B200F14401E9
:1043E00000F6480C100440F0020082B02282E06324
:1043F0001E68D3F804E09868DA68103363450E60ED
:10440000C1F804E08860CA6001F11001F0D11B68B6
:1044100034220B602046002104F12803FEF7CEF978
:1044200030B924231A22022120460095FEF73AFAD9
:1044300002B070BD2DE9F04F0446012588464FF4C7
:10444000837A00214FF0080B1E46238AA5482B448F
:10445000406D9BB2238204F128071B04914683B070
:104460006064A564E36318223B462046C4E90DABB3
:10447000216404F14405FEF7A1F930B901465B4619
:10448000524620460095FEF70DFA636C002B40F073
:1044900022813EB1944B9E420C9B00F0AB81402B9D
:1044A00000F2AB81022220469049FEF7B7FA0123C1
:1044B000C4E9113804F14C0318462022002102F00F
:1044C0002DFF4246494603F07FF82822294604F191
:1044D000500002F0B5FF40F207184FF0000C4FF00B
:1044E0003409834B07CB60646960AA60238A614604
:1044F00001339BB223821B0443F00203E363442293
:104500003B462046C4E90D89C4F840C0FEF756F981
:1045100030B94B464246022120460095FEF7C2F9CB
:1045200000214FF01E084FF004090E9B1422636413
:10453000238A204601339BB223821B0443F00203EB
:10454000E363C4E90D893B462164FEF737F930B9CE
:104550004B464246022120460095FEF7A3F933461A
:10456000012220466349FEF7D3FA5F4B9E4200F0DA
:10457000B68003F58003F31AB3FA83F35B0941F2C3
:104580000202002140F207184FF0080984F8483071
:10459000238AC4E90D8901339BB2238242EA034393
:1045A000E363554B1822186884F8491060643B4651
:1045B000204684F84A1084F84B102164FEF7FEF878
:1045C00030B94B464246022120460095FEF76AF973
:1045D000C6B14A4B9E4200F01381494B26F00202BD
:1045E0009A4200F09380404B9E4200F00B8103F50D
:1045F00080039E4200F02B81002301222046414986
:10460000FEF786FA0121238A41F202020B446E264C
:104610004FF00408616400219BB2238242EA034305
:10462000E36314223B46204666632164C4F8388065
:10463000FEF7C4F830B943463246022120460095C1
:10464000FEF730F941F202024FF0000C4FF0160E67
:1046500040F207164FF00D082B4B03CB1B7860641C
:1046600069602B72238A614601339BB242EA03429E
:104670002382E2633B461D222046C4E90D68C4F84C
:104680004DE0C4F840C0FEF799F830B943463246D1
:10469000022120460095FEF705F9012041F20201B2
:1046A000228A4E26024492B23B462282042741EAE5
:1046B00002420021E26360641422204666632164A2
:1046C000A763FEF77BF830B93B463246022120460D
:1046D0000095FEF7E7F8002003B0BDE8F08F022355
:1046E0004DE700BF041F051004000001749F011076
:1046F00030A101103CA1011024A1011002002000F2
:104700000400400048A101106CA101108423012283
:1047100020466249FEF7FCF90C9B5FFA83F9C3F36C
:1047200007280123A4F8463004F148031846402224
:10473000002184F8449084F8458002F0EFFDDDE923
:104740000C2102F041FF022001F054F841F2020076
:1047500000214FF486784FF04409238A5422013314
:104760009BB240EA03402382E0633B462046C4E913
:104770000D892164FEF722F830B94B4642460221EA
:1047800020460095FEF78EF8454B26F480069E42A3
:104790007FF438AF4FF0010A45F2020C4FF0000EE3
:1047A00040F207184FF015093E4E0FCE6064EB60E3
:1047B00033786960AA602B74238A714653449BB294
:1047C0004CEA03422382E2633B4625222046C4E9A9
:1047D0000D89C4F855A0C4F840E0FDF7EFFF0028AC
:1047E0007FF410AF4B464246022120460095FEF76B
:1047F00059F807E7802B7FF655AE6FF004006BE7A2
:10480000042384E720464FF4802301222349FEF746
:104810007FF90C9B80221B0A84F845300C9B0021F9
:1048200084F8443004F14603184602F077FDDDE9D0
:104830000C2102F0C9FE022000F0DCFF01208222E0
:1048400000902B4620461849FEF722F9A2E72046A1
:104850000122164B1149FEF75BF90C9B80225FFA8F
:1048600083F9C3F3072804F146031846002184F8AE
:10487000449084F8458002F051FDDDE90C2102F0FE
:10488000A3FE022000F0B6FF0123822200932046FF
:104890002B460549FEF7FCF843E700BF48A101108D
:1048A0000400000158A1011014A1011080000400AF
:1048B000F0B500230446012740F207150C2684F8C2
:1048C0004C1084F84D30194684F84E3084F84F303F
:1048D0002364238A104A01339BB2106823821B048D
:1048E00043F0020383B06064E3631C222046C4E902
:1048F0000D56A76404F12803FDF760FF40B904F1E9
:10490000440733462A46022120460097FDF7CAFF96
:10491000002003B0F0BD00BF78A1011008B5006809
:1049200000F01EFAA0F10100B0FA80F0400908BDC5
:1049300038B540F2DC5204463A230A4D0A49028651
:10494000C0E9051590F83B1080F8393004F13202C7
:104950003039406A00F084FB062384F838300020A8
:1049600038BD00BF6D4901101DFD001001220B462E
:1049700000B583B0009290F83B101A89406A303934
:1049800000F018FB10B903B05DF804FB01460348C2
:10499000EFF772FB6FF00B00F5E700BF7CA1011091
:1049A000F0B58B0103F6D4020C46054689B0861893
:1049B00079BB00226FF07F4343F27701CDE90423F6
:1049C0002EA3D3E90023CDE90623294A294B0090E1
:1049D000A0F80E1904A9CDE90132304605AA06ABAC
:1049E000F2F73CFF244B3046C5F80039F3F776F870
:1049F0003046F3F779F8204607A9F2F721FB304655
:104A000005F65411FAF702F83046FAF793F909B0AF
:104A1000F0BD7721C718164A164B303487F80F4976
:104A200087F80E19CDE901320DA5D5E9004505AA93
:104A300004A9009006AB3046CDE904450AA5D5E9A6
:104A40000045CDE90645F2F709FF0B4B3046C7F8A4
:104A50000039F3F743F83046F3F746F809B0F0BDF4
:104A6000C0A80401FFFFFF00C0A80401080808084F
:104A70008D10011031490110A0A10110C0A8000142
:104A80000808080800EB811038B500F6D40499B185
:104A90000B4B1B682BB100259C4203D01B68002BDD
:104AA000FAD138BD2046F2F7D1FF2368656084F85B
:104AB0003950002BF0D138BD2046FAF7DFFAE7E78E
:104AC000808700202DE9F84300EB8115064695F814
:104AD0000D09400701D4BDE8F88394B200204FF4DB
:104AE000C1728F0121469846F3F7D2F8814600281B
:104AF000F1D041462246F3F739FC07F6D401484687
:104B0000D5F8E438314498470028E4D04846BDE859
:104B1000F843F3F73DBA00BF00EB811000F6D40074
:104B2000F3F706B800EB811000F6D400F3F72AB8CB
:104B300000EB811393F80D2902F00502052A06D136
:104B4000D3F8D838002B0CBF02200320704700F0A8
:104B500035BB00BFF8B51A4E35682DB10021FEF700
:104B600089FB00252846F8BD04462946FFF78AFF41
:104B700001212046FFF786FF172784F8505845EC9F
:104B80004070142000F036FE4FF0010343EC4070FB
:104B9000322000F02FFE29462046FEF7C5FC0546D0
:104BA0000028DFD104F688112046FEF781FC32226E
:104BB0000448054B30601A6000F06EFD2846F8BDD1
:104BC00038300020CD4B01103C3000202A4B1B68B0
:104BD000002B50D010B5294C82B02046FFF79EFE26
:104BE000002840D194F869387BBB94F86B380BBB34
:104BF00094F86A3883B9224B1B6823B102B0BDE830
:104C0000104000F043BD01211C48FEF733FB02B009
:104C1000BDE8104000F03ABD0023184884F86A3817
:104C2000FFF7CEFB0123C4F85C38154B1B68002B43
:104C3000E4D1E8E70023114884F86B38FFF79CFBC8
:104C400094F86A38002BD6D0E6E700236921009358
:104C50001A4684F869380948FEF7D0FA94F86B3898
:104C6000002BC5D0E6E72046FEF7A6FA94F869388F
:104C7000002BBAD0E9E770473830002040300020E0
:104C80003C3000202DE9F04104460025182045EC79
:104C900044002A462946EBF79DFD1726012747ECDD
:104CA00044602A4629463046EBF794FD45EC4060C7
:104CB00021462046FEF748FA0322084B84F8505854
:104CC000A4F8702884F87258C4F85858C4F85C588E
:104CD0001D60C4F86878BDE8F08100BF383000205E
:104CE0002DE9F8431D4F044600F03EFD3B6883B3B9
:104CF00020460021FFF7C6FE01212046FFF7C2FE35
:104D00002046FEF72DFA0025182045EC44002A46DF
:104D10002946EBF75FFD17264FF0010848EC446089
:104D20002A4629463046EBF755FD45EC40602146C2
:104D30002046FEF709FA032384F85058C4F858585F
:104D4000C4F85C58A4F8703884F87258C4F86888BD
:104D50003D60BDE8F84300F00FBD00BF38300020D3
:104D60004FF050435868C0F3006070473222014B47
:104D70001A6070473C30002038B5D0F854380546EA
:104D8000DA070C4633D46368452B1CD0312B1ED870
:104D9000DFE803F0611D1D6B1D1D7D1D1D1D1D8C9C
:104DA0001D1D1D1D941D1D1D1D1D1DA51D1D1D1D34
:104DB0001D1D1D1D1D1D1D1D1D1D1D1D1D1D1D1D23
:104DC0001D1DB71D1DC8D5F85838012B37D0D5F893
:104DD0005C3840F60162934200D038BD012328467A
:104DE000C5F85C380021BDE83840FFF795BEECF708
:104DF0001BFEE9B9684AA2FB002081096288674866
:104E0000EFF73AF96168582900F29380644B53F840
:104E10002130002B00F08D8019466248EFF72CF905
:104E2000D4E9021294F82E305F48EFF725F9AAE78B
:104E30004FF47A72002302F0CFFC0146DEE7A2684D
:104E4000082A00F08D80D5F85C38002AC1D10222F2
:104E5000C5F85828BDE7A368002BB8D0032B00F095
:104E600089800223C5F85C3838BDA368002B52D175
:104E7000D5F85C3803F00F02042A04BF23F00F03B7
:104E800043F0010343F40073C5F85C38A1E7A3685D
:104E9000002B9CD1E368022B99D10123434885F86C
:104EA000693800F0F9FBD5F85C3892E70021284614
:104EB000FFF738FE0023C5F85C3838BDA368002B27
:104EC00085D1638894F82E10DB0758D500295CD172
:104ED000D5F85C3843F48063C5F85C3879E7A3689B
:104EE000002B7FF474AFE368082B7FF470AF40F2BF
:104EF00001132E48A5F86A3800F0CEFBD5F85C38CF
:104F000067E7A368043B062B08D8DFE803F0160721
:104F1000220716071600062B3FF459AF0423C5F8E5
:104F20005C3838BD01232148A5F86A3800F0B4FB8D
:104F30004DE71F48EFF7A0F872E7E3680F2BEDD1BC
:104F400001231A4885F86A3800F0A6FBD5F85C38CA
:104F50003FE7D5F85C3843F40063C5F85C3838E7C0
:104F6000D5F86438D5F8600804F130019847D5F8D1
:104F70005C382EE7E268002A7FF473AFCFE728465B
:104F8000FFF7D0FDD5F85C3823E72846FFF7C4FDCE
:104F9000D5F85C381DE700BFD34D6210A8A1011001
:104FA000881F0510BCA10110C4A10110CD4B011038
:104FB000C0A101102DE9F04FDFF8A0A083B0044696
:104FC0000E46174698469DF8309000F0CDFBDAF873
:104FD000005095B100212046FEF74CF943463A4671
:104FE00031462046CDF80090FEF7BCF8054600F0AB
:104FF000C3FB284603B0BDE8F08F29462046FFF7E3
:1050000041FD01212046FFF73DFD4FF0170B84F8CD
:10501000505845EC40B0142000F0ECFB4FF0010379
:1050200043EC40B0322000F0E5FB29462046FEF775
:105030007BFA05460028DAD1204604F68811FEF7EF
:1050400037FA32220348044BCAF800001A6000F015
:1050500023FBC3E7CD4B01103C300020383000204B
:1050600008B50020114600F075FB002008BD00BF08
:10507000F0B5164685B004460D461F4600F074FB99
:1050800076B194F8503823B3012D44D094F85038B9
:105090002B41DB076ED505B0BDE8F04000F06CBBDE
:1050A000012DF8D100F060FB2046FFF753FD0146CB
:1050B00010B92046FFF7FCFB00F05EFB94F8503877
:1050C00023F0020384F8503805B0BDE8F04000F04A
:1050D00053BB00F049FB2046FFF73CFD002842D1BE
:1050E00039462046FEF7DEF8064600F045FB002E66
:1050F000D1D100F039FB2046FFF72CFD40B9012348
:105100000A26142202212046CDE90036FEF764FE6D
:1051100000F032FBB8E700F027FB2046FFF71AFD4E
:1051200088B994F8701804F6930294F87258D4F879
:105130006C38CDE90121204694F8711804F6730209
:105140000095FFF777F900F017FB94F850389A07AD
:1051500024D500F009FB2046FFF7FCFC18B901211B
:105160002046FFF7A5FB00F007FB05B0BDE8F040C7
:1051700000F002BB29462046FFF784FC2946204662
:10518000FFF70EFC012294F85038AA40134384F82C
:10519000503805B0BDE8F04000F0EEBA01212046DD
:1051A000FFF770FC01212046FFF7FAFB94F8503816
:1051B00043F0020384F85038CBE700BF31B9D0F890
:1051C0005C3803F00F03013B032B01D9002070472B
:1051D000014A52F823007047781F05102DE9F0416D
:1051E000054684B098460E46174600F0BDFA95F87D
:1051F0005038DB0725D52846FFF7ACFC044678B9C4
:105200000D9C434603940C9C3A4602940B9C3146F9
:1052100001940A9C28460094FEF768FE044628B1D3
:1052200000F0AAFA204604B0BDE8F0810B9B23B938
:1052300040F60103C5F85C38F2E70123C5F85C3895
:10524000EEE700F099FA6FF00304EBE72DE9F04385
:105250004FF4003401EB410E00EBCE03079D00EB51
:10526000CE0E03F54353DEF8DC904F00DEF8CC8021
:10527000DC60B5B14EF2800695FAA5F3B3FA83F37C
:1052800022FA03F405F1FF3C5B0104F0010443F052
:105290008063344315EA0C05CEF8DC30CEF8D840F4
:1052A000EAD10F4400EBC700C0F8DC90C0F8CC8016
:1052B000BDE8F0832DE9F041D0F868419DF8186011
:1052C000121B1F2A38D84EF29F044EF280054FF46D
:1052D000003801EB410C002E18BF254600EBCC0432
:1052E00004F5435400EBCC0C052BDCF8DC704FEAE2
:1052F000410EDCF8CC60C4F80C800CD95401053B9D
:1053000044F0A0540532052BCCF8DC4002F01F021B
:10531000CCF8D850F2D8714400EBC1010020520102
:1053200042EA8363C1F8DC30C1F8D850C1F8DC70C0
:10533000C1F8CC60BDE8F0816FF00400FAE700BF6F
:105340002DE9F04F82460E4689B0CDE90423564D33
:10535000DFF86081554FDFF8609105F12F4B0BF5B9
:10536000600B4FEA1B5B4FEA8B0B35605A460021FE
:105370003846CDF800800BF10303EBF73FFB5845AF
:1053800004DBA0EB0B0044B2002C09DAA5F5801574
:105390004D45E2D100231846336009B0BDE8F08FD7
:1053A000EBF7E4FA0122D6F800B09AF80410DBF823
:1053B00068319AF905E00BF12F438A40039103F518
:1053C00060033B491B0DBEF1000F51F823C006904E
:1053D00002F1FF32079341DB0399C1F120039E459F
:1053E00051DC02FA0EF313EA0C0F4CD17046DBF8D5
:1053F00068319AF80710002B53D0C90742D4BEF188
:10540000000F01DB86453DD182401CEA020F39D1F5
:10541000039BDAF8001083B1054601EB430631F82F
:10542000023B05F11207B3F5005F38BF1B18B1420C
:105430004BF8273005F10105F1D1049B07991C6059
:10544000059B4CEA02021860194B069843F821208C
:10545000EBF79EFA012009B0BDE8F08F039BD3F172
:1054600020030FD402FA03F111EA0C0F184604D1FD
:10547000BDE711EA0C0F1846B9D0013B581C02FADF
:1054800003F1F6D10698EBF783FA3168074801F18A
:105490002F4101F56001090D04EB8101EBF7FCFAE6
:1054A00074E74B07ABD5EDE7000040500430002017
:1054B000102C002070A20110000010504FF0010CC1
:1054C00070B50C461646017904F12F440CFA01F52B
:1054D000013D9D4004F56004EBF748FA084A240DAD
:1054E00052F8243023EA050342F82430EBF750FA4F
:1054F00006EB84010348BDE87040EBF7CDBA00BF6E
:10550000102C00200430002001460148EBF7C4BAFB
:10551000D8C6002010B5054C82B001460F230022EA
:1055200000940348EBF76AFA02B010BD94A2011090
:10553000D8C600204FF0A04C0121820102EB0C03E1
:1055400070B41E690D4D81400D4C1A4686EA4030FC
:105550001033054003F580531D60C4F80414C4F8EB
:105560001414C4F82414C4F83414CCF86414D368A4
:105570005B01FCD470BCCCF80014704701E0010062
:1055800000300050036801495B6A1847142300206B
:1055900008B540224FF080700649EBF767F9012209
:1055A00002211820EBF73AF901211520EBF7ECFA6C
:1055B000002008BDD955011008B50022022118208D
:1055C000EBF72CF94FF080700249EBF771F90020EE
:1055D00008BD00BFD95501104FF050410B4B0C4A8C
:1055E0000968002918BF1346DB6B9B0700D470477E
:1055F0000221182010B50022EBF710F9BDE8104089
:10560000044B0549186803685B6A184748820240E2
:10561000908202403430002014230020184B1B6875
:1056200063B370B5174D04462A680AB1013A2A607F
:1056300098472B6833B923682046BDE870409B69C2
:1056400011491847ECF7F0F94CF250334FF0FF35A1
:10565000C3186FF0004041F100019D4270EB010C56
:105660003CBF2B46014625682046074A6C69C2E9C3
:1056700002312346BDE8704003491847704700BF18
:10568000383000203C300020282300200122022155
:105690001820EBF7C3B800BF024B03491868036832
:1056A0005B6A1847343000201423002010B50446EC
:1056B0000848FFF7E7FA2368074800220460074913
:1056C00020461B699847236820460549DB699847AF
:1056D000012010BD403000203430002091550110D1
:1056E0001423002038B50C4D2B68A3B10446036881
:1056F0000A499B699847236809491B6A20469847CD
:10570000236800221B690749204698470648FFF78F
:10571000E7FA00232B6038BD343000202823002016
:1057200014230020B95501104030002010B50C465C
:1057300082B06846EEF788FFDDF80230BDF806203B
:1057400023602378A28023F0010343F00203237037
:1057500002B010BD034BD3F888090860B3F88C3948
:105760008B80704740300020024B186803685B68EC
:10577000184700BF34300020024B186803689B684C
:10578000184700BF3430002070B50446EFF305839E
:10579000DBB2174A1568ABB9ECF746F94FF0FF3E9C
:1057A0006FF0004C021941F1000396457CEB0301B8
:1057B000296838BF72462846BDE8704038BF634646
:1057C000096B0847ECF730F94FF0FF3E6FF0004CE3
:1057D000021941F1000396457CEB0301296838BFAB
:1057E00072462846BDE8704038BF6346C96A08471C
:1057F000343000200E4B70B51D680446ECF714F9E8
:105800000B4602464FF47A704FF0FF3E6FF0004CAB
:10581000E4FB002396457CEB0301296838BF724600
:105820002846BDE8704038BF6346C96A084700BFD4
:10583000343000200C4B70B51D680446ECF7F4F8CA
:105840004FF0FF3E6FF0004C221841F100039645E7
:105850007CEB0301296838BF72462846BDE87040DA
:1058600038BF6346C96A084734300020704700BF1C
:105870001046084794461946D0E90423944500B5DC
:1058800071EB030E3CBF62460B465DF804EB203023
:1058900001F0BABF10461946EBF7DABFF1F758B876
:1058A000012320300B7201F0B7BF00BF08B5EFF342
:1058B0000583DBB233B94FF05043827E1B689A42B6
:1058C00000D108BD0148EBF739F800BFB4A20110C0
:1058D00010B528220021044601F020FD4FF0504071
:1058E0000523012200680549A076216004F120000B
:1058F00011462383EBF71EFC012010BDEC200510A0
:1059000070B5002831D00446C0680E4680B1002131
:10591000F2F7DCFE0021E068F2F7F2FEE068002119
:10592000F2F7D8FEE068F2F71BFFD0B90023E3607E
:10593000A36923B11A461B681260002BFAD1002517
:1059400021460B48A561F7F74DFDA37A43B1636982
:10595000A5722BB1324620462169BDE87040184738
:1059600070BDE068F2F7F4FEE0E70248EAF7E6FF10
:1059700079590110F0A2011070B5002800F08A805A
:10598000837A0546022B02D0032B10D070BD03880A
:1059900001339BB203EB8302632A03805FDC2A4658
:1059A000BDE8704041F288303C49F7F7EDBC8469AE
:1059B000A4B105260DE0F61AD4E90012F6B2A961E9
:1059C0001AB16FF00201A06890472460AC692EB153
:1059D00024B1E3899E42EED29B1BE3816A88002AB0
:1059E000DDD0AB8802EB520101339BB203EB8300A5
:1059F0008842AB8039DC2B8801339BB203EB8301F7
:105A00008A422B80CBDC0120B5F86C21B5F86E31D1
:105A1000D31AB3F5803F28BF03F500739BB2C3F5DB
:105A20000073012B18DDC024511C89B2AB18B1F5ED
:105A3000007F83F87041A5F86C1126D2931C0022D8
:105A40009BB2B3F5007F08BF1346294481F870214B
:105A50000022A5F86C312A800028A0D170BD40F248
:105A60000111BDE87040FFF74BBF40F2011128461D
:105A7000FFF746FF2B886A8801339BB203EB830153
:105A800091422B8082DB0020BEE70022012385F8B3
:105A90007021DDE70248EAF751FF00BF7959011094
:105AA0000CA30110F8B50E464288038805469B1AE0
:105AB000B3F5803F28BF03F5007399B2C2F50072B9
:105AC00091423046B4BF0C4694B2F2F76FFE0746DF
:105AD000002E68D0002845D0002C43D06A8884422C
:105AE00002F1040129443FD22B889B1AB3F5803F71
:105AF00028BF03F500739BB29C4234D20323224695
:105B00003046F2F737FE68BBB4F5007F4ED26B88A3
:105B1000304623449BB2B3F5007F24BFA3F5007346
:105B20009BB26B80F2F742FE6F882B883946DB1BF5
:105B3000B3F5803F28BF03F50073C7F500779AB22D
:105B4000BA421446A8BF3C46A04226DBBA42B4BFC4
:105B50009FB2BFB2043101233A4630462944F2F7DE
:105B600009FE40B1F8BD274601233A463046F2F718
:105B700001FE0028F6D1B7F5007F17D26B883046BA
:105B80003B449BB2B3F5007F24BFA3F500739BB2E7
:105B90006B80BDE8F840F2F7FFBD3046F2F706FE35
:105BA00069880746D6E70348EAF7C8FE0248EAF7DD
:105BB000C5FE00BF30A3011050A30110837A032B50
:105BC00001D00020704770B505460026AC690680FC
:105BD0008680DCB1002203E023682246B3B11C4674
:105BE000A389002BF8D12368BAB1136023681BB1D5
:105BF000DA89E1890A44DA816368266013B10021F9
:105C0000A06898472460AC69002CE3D105F5B67014
:105C1000E968FFF747FF002070BDAB61E6E700BF12
:105C200070B51446EAB905460E460846AA660E49FE
:105C3000F2F74CFD30460D49F2F74CFD022230469A
:105C40000B49F2F74BFD022341F2883009492A46FD
:105C5000AB72F7F799FBE9682C8005F5B670FFF792
:105C600021FF204670BD00BF855F0110BD5B0110A4
:105C70005561011079590110844630B5BCF86C416A
:105C8000BCF86EE100F5B670A4EB0E0EBEF5803FD9
:105C900028BF0EF5007E1FFA8EFECEF5007EBEF107
:105CA000030F4BDD5B0043EA0113611C89B20CEB6F
:105CB0000405B1F5007F85F870314FEA12252CD22A
:105CC0004FF0020E04EB0E039BB26144B3F5007F6C
:105CD00081F870E10AD152BAACF87021ACF86CE1ED
:105CE000DCF80C10BDE83040FFF7DCBEE11C89B2E7
:105CF0000CEB030EB1F5007FACF86C318EF87051EF
:105D00001DD14FF0010E8CF87021ACF86CE1DCF87D
:105D10000C10BDE83040FFF7C5BE4FF0030E022364
:105D20008CF871518CF872218CF87031ACF86CE100
:105D3000DCF80C10BDE83040FFF7B4BE30BD0434D1
:105D40001FFA84FEBEF5007F614408BF4FF0000ECD
:105D500081F87021C2E700BF2DE9F04F1546826E31
:105D600090F86CC0914283B000F2058101EB050E02
:105D7000BEF5807F1E462B465ADC4FEA1C17022FC9
:105D800004461FD00D2F18D0032F2DD0012D52D92E
:105D90000C9B1B885ABA92B2002B4CD00123BB40FB
:105DA00013F4296340F0A780062F00F0A080052F90
:105DB00041D101230621FFF75FFF0022104603B007
:105DC000BDE8F08F837A022BF7D1012D33D90C9BDC
:105DD0005A78002AF2D10321436902808172002B94
:105DE000EBD001699847E8E77245CCF3410730D022
:105DF00025BB002EE1D1B146256E65B14FF0000AFA
:105E00000C9B524603EB0901B6FA86F3E06D5B0981
:105E1000A847002ED1D1002FCFD0012F4FF0000383
:105E200014BF0521042120462289FFF725FFC4E77E
:105E30005248EEF721F94FF48072BFE7AA464FF0BF
:105E400000099D42F7D3256E002DD9D1002EB4D183
:105E5000E1E73B1E18BF01235B005A1CAA42EAD2AD
:105E60000C9AB2F800809A1C98FA98F81FFA88F8F1
:105E7000AA1A9045DFDCC1F1FE02D31A9845DAD8A0
:105E800008F10209C1F580711FFA89F9002F53D07A
:105E900009F102038B42CED8AB42CCD80C9B0C9AB2
:105EA0004B4412F809205B7808F1040903EB022344
:105EB0009BB21FFA89F9238100230C9AA5EB090AEA
:105EC000911C11F808B001F80830636E1FFA8AFAC5
:105ED0002BB1E06D0AEB060201919847019901F898
:105EE00008B0BAF1000F3FD009EB0A03A9E7072178
:105EF000FFF7C2FE61E78669002E3FF45EAF002126
:105F000004E03146002B3FF458AF1E46B38993425C
:105F10003368F6D131B30B6033681BB1DA89F1898C
:105F20000A44DA810021092F31600CD073680BB16B
:105F3000B0689847366040E709F101039942FFF4E1
:105F40007AAF0023B7E7022D3FF475AF7368002BDB
:105F5000F0D00C9AB0689278022A88BF6FF00C01DA
:105F60009847E7E7A361D7E7002E7FF426AFA9455E
:105F70003FF661AF40E70248EAF7E0FCB4A3011046
:105F800090A301102DE9F04F85B0002800F0B480F7
:105F90001D46C36806468B4240F0AB809146002AFE
:105FA00000F0A280002D40F0908018461189F2F791
:105FB000ABFBB9F80830002B5FD006F16C022F461E
:105FC000A8462C46039238E018F0800F37D1DB1B2F
:105FD0009BB2AB42C4F5807228BFABB292B293427F
:105FE00028BF1346B16E9A46FF2951D9B9F80AB0B5
:105FF000ABEB07018B424BDD1FFA81FA0399534645
:10600000009721444846F2F74DF9B26EA5EB0A0518
:1060100002EB0A01B166524600902B4621463046FB
:10602000FFF79AFE0746002856D15F460DB92C4669
:10603000B566B9F80830BB421FD9012CC4D8B36E7D
:106040009C422AD2331993F86C800134E4B2012CBB
:10605000EFD9A31E08F07F02C3EBC30302FA03F3D8
:1060600018F0800F45EA0305E3D125B3B36EE31AB8
:106070001D44B9F80830BB42DFD84846F1F788FF25
:1060800073880BB10023B380002005B0BDE8F08F0A
:106090000AEB070B1FFA8BFBB0E77B1C394648461F
:1060A0009FB2F2F727FAB36E80465A1C3344B266A9
:1060B00083F86C00C9E721462B462A4630460095F6
:1060C000FFF74AFE2C46B566B3E71046F1F760FFCE
:1060D000284605B0BDE8F08F4846F1F759FF39462C
:1060E0003046FFF70DFCCBE74FF48071FFF708FC5B
:1060F000CAE70348EAF722FC0248EAF71FFC00BFA0
:10610000F0A30110CCA3011070B5E0B100228369A7
:106110000446C26023B11A461B681260002BFAD1F4
:10612000002521460948A561F7F75CF9A37A4BB130
:106130006369A57233B1204621694FF48072BDE8CE
:106140007040184770BD0248EAF7F8FB7959011012
:1061500018A40110837A032B01D0002070472DE989
:10616000F0410D46B0F86E21B0F86C3104469B1A30
:10617000B3F5803F28BF03F5007399B2C2F50072F2
:1061800091422846B4BF0E4696B2F2F70FFB07467F
:10619000002D74D000285FD0002E5DD0B4F86E21A1
:1061A00004F5B678111DB042414459D9B4F86C31A8
:1061B0009B1AB3F5803F28BF03F500739BB29E4244
:1061C0004DD2032332462846F2F7D4FA002843D1B1
:1061D000B6F5007F56D2B4F86E31284633449BB2F0
:1061E000B3F5007F24BFA3F500739BB2A4F86E3112
:1061F000F2F7DCFAB4F86E71B4F86C313946DB1B97
:10620000B3F5803F28BF03F50073C7F500779AB256
:10621000BA421646A8BF3E46B04229DBBA42B4BFD6
:106220009FB2BFB20431284601233A464144F2F7F7
:10623000A1FA88B9B7F5007F24D2B4F86E312846A8
:106240003B449BB2B3F5007F24BFA3F500739BB220
:10625000A4F86E31F2F7A0FA0020BDE8F0813746CD
:1062600001233A462846F2F785FA0028F4D1E1E7FF
:106270002846F2F79BFAB4F86E110746D2E70348B6
:10628000EAF75CFB0248EAF759FB00BF30A30110B4
:1062900050A301102DE9F04F83B09DF834409DF8D4
:1062A00030900094002800F069810E46002900F02B
:1062B00076819846837A0446002B00F0598108467F
:1062C000174601F0FDF94FF6FD73984200F24C813C
:1062D00000F1020EC64481B2B9F1000F1FD14A4647
:1062E000BEF5803F80F03A81A4465CF81C3F1FFA5F
:1062F0008EFE63451DD0A4465CF82C3F634518D044
:10630000A4465CF83C3F634513D0A4465CF84C3F80
:1063100063450ED04FF0FF3003B0BDE8F08FE28848
:106320000EF1020E013292B2012A38BF0122E28040
:10633000D6E74FF0000C0E9DC3F800C05D600F9DC6
:106340009A469D609A81734604F5B6750EF1010C6C
:106350000195009D1FFA8CFC0CF1010CC3F3CF13C7
:106360001FFA8CFC002BF7D15346B4F86EB1B4F889
:106370006CA10095AAEB0B0BBBF5803F28BF0BF57A
:10638000007B1FFA8BFBCBF5007BDC4500F3E48040
:106390000AF1010C1FFA8CFCBCF5007F28BF4FF0FE
:1063A000000C009D4FEA490B0BF0060B05F00105B0
:1063B0004BF0300BA2444BEA050B8AF870B1BEF1EA
:1063C0007F0F94BF4FF0000B4FF0010B0EF07F0AD0
:1063D00004EB0C054AEACB1A85F870A10CF1010513
:1063E000ADB2B5F5007F00F093805FEADE1E01D00C
:1063F000AC46E4E70CF1020E1FFA8EFE25444FEA8C
:10640000112ABEF5007F85F870A1C0B2A4F86CE136
:1064100040F0B780012584F87001A4F86C5131B3C5
:10642000013916FA81F14FF0000A013E0CE0884272
:10643000A4F86CA177D0012516F8020FA4F86C51CE
:106440008E4284F8700112D096F801E005F1010C3B
:10645000254485F870E11FFA8CF5B5F5007F06F14B
:106460000100E4D006468E42A4F86C51ECD1B9F19B
:10647000000F10D0691C89B2160A6019B1F5007FAF
:1064800080F87061D2B2A4F86C1158D1012584F85B
:106490007021A4F86C5117B3B8F1000F1FD000267B
:1064A000B8440CE09045A4F86C6118D0012512782E
:1064B0000237B84584F87021A4F86C510FD03A46E1
:1064C000681C611985B212F8010BB5F5007F81F8DF
:1064D0007001E7D01746B845A4F86C51EFD1A06918
:1064E000002240B3C189054600680A4491B212B245
:1064F0000028F7D11E2A4FDCC1F11E01D9812B6083
:106500000198E168FFF7CEFA002003B0BDE8F08FF4
:106510005FEADE1E02D00025AC4650E740BA0225F5
:10652000A4F8700179E7B9F1000F13D052BA02252F
:10653000A4F87021ADE71E22DA81A361E0E70235FD
:10654000ADB22144B5F5007F81F87021A1D10022C0
:10655000A4F86C2100259EE71B60DBE61148EDF7EF
:106560008BFD6FF00F00D7E60F48EDF785FDF8E7DC
:106570000E48EDF781FD6FF00A00CDE60C48EAF712
:10658000DDF90CF10305ADB2B5F5007FA64408BFF7
:1065900000258EF8700140E70648EAF7CFF9064873
:1065A000EAF7CCF9B8A4011094A4011074A4011066
:1065B00038A40110DCA4011058A401104FF45C7140
:1065C0000120F1F78BB800BFF0F704BF2DE9F04FC1
:1065D00087B0DDF844800292002800F0CD838A461F
:1065E000002900F0C683B8F1000F00F0CB83D8F883
:1065F0000020002A00F0C383877A0446002F40F071
:106600003E83D0E918B91D464FF45C723946C66D19
:1066100000F084FEC4E918B9109BD8F8100023617B
:10662000B8F80C30E665638004F11C03E36104F103
:106630002C03E36204F13C03E36304F14C03656162
:10664000E364002800F0BE80D8F81460002E00F04B
:10665000B98098F8197098F81A30FF0007F01807F9
:10666000002B40F0CB8047F0040701F029F8FF2809
:106670000546FFB200F24F83002800F0488398F8E7
:106680001830C2B2019303923BB9304601F018F8BA
:10669000FF2800F24483C3B20193019B0E35D8F862
:1066A00004001D44ADB2002800F0948001F008F809
:1066B000B0F5803F47F0800780F00983002800F0A4
:1066C000FE82023510FA85F583B2B5F5803F059359
:1066D000B8BFADB280F2E082D8F8080000287ED0C2
:1066E00000F0EEFFB0F5803F47F0400780F00B83ED
:1066F000002800F0E8820235054483B2B5F5803FFA
:10670000049380F2C982ADB2D8F8000000F0D8FF3F
:10671000B0F5803F814680F0CE8202350544B5F564
:10672000803F80F2B982ADB22E466B1C9BB2013322
:10673000C6F3CF169BB2002EF9D1B3F5007F00F25D
:106740008F823046F2F7E6FAE060002800F0888297
:106750002146F1F7B7FF3246C449E068F1F7DCFFA4
:106760008346002841D15146029AC14BE068F1F7B7
:10677000DDFF8346002838D1BE49E068F1F7C0FF4D
:106780000123A372B4F86C311020591C89B2B1F501
:10679000007F28BF0021234483F870017F2D94BF20
:1067A0000023012305F07F0242EAC3124B1C9BB277
:1067B0006018B3F5007F80F8702112D0ED0920D069
:1067C0001946EBE7D8F804000A250197039700283B
:1067D0007FF46CAF0590D8F80800002880D10490B1
:1067E00092E7ED0939D00021D8E7E068F1F7B0FF72
:1067F0000023E360584607B0BDE8F08F47F0240758
:1068000033E7881C80B22344B0F5007F83F87051D1
:10681000A4F86C0140F09E8244F60453A4F8703151
:10682000022351255420E11881F8705181F871013B
:1068300002335420591C234483F870018BB2B3F502
:10684000007F23D1042347F0020A84F8703184F8D2
:1068500071A102231FFA89F03FE10123A4F86C31F2
:106860004FF48063A4F8703102234D25591C89B27E
:10687000E018B1F5007F80F870515CD145F25143CA
:10688000A4F87031542384F8723103230425591C71
:1068900089B2E018B1F5007F80F8705147F0020A24
:1068A000A4F86C111FFA89F05CD10123032184F84C
:1068B00070A1A4F86C31B8F80C3084F872311B0A5E
:1068C00084F87131030A4D1CADB2A4F86C1104EBCD
:1068D000010CB5F5007FD8F800108CF870315FFA24
:1068E00089F359D184F870310123A4F86C31002860
:1068F0005CD0013811FA80F04FF0000E01390DE044
:106900008242A4F86CE100F0958011F8023F84F80F
:10691000703101238142A4F86C3147D04D785A1C64
:10692000234483F8705193B2B3F5007F01F1010263
:10693000E6D01146EEE75120214481F87001991C00
:1069400089B2B1F5007F40F0B38045F25443A4F81A
:106950007031042384F872310223032147EA030AC9
:106960001FFA89F002339BB22144B3F5007F81F80E
:1069700070A140F0B280002302210325A4F86C31FD
:10698000B8F80C30A4F86C115BBAA4F87031030AA3
:10699000D8F8001084F872316B1C9BB2B3F5007FFD
:1069A000254408BF002385F870919EE7790700F120
:1069B000F8801AF0800F40F0B9807A067FF51AAFA0
:1069C000049A581C80B2E518170AB0F5007FD8F871
:1069D000081085F87071A4F86C01D5B240F09B8066
:1069E0000126134684F87051A4F86C61002B3FF423
:1069F00001AF0B444FF0000C1F460EE09F42A4F87D
:106A00006CC13FF4F7AE01261B78023184F8703177
:106A10008F42A4F86C613FF4EDAE0B46701CA219D6
:106A200086B213F8010BB6F5007F82F87001E5D04D
:106A30001946EDE717F00403BBD0039BD8F81010FC
:106A400084F87131022384F870E11D46581C80B22D
:106A5000039AA4F86C31002A00F0BC80501E11FA91
:106A600080F04FF0000E013915E000BF1CAC0110A2
:106A7000215C0110096101108242A4F86CE100F070
:106A8000E68011F8023F84F8703101238842A4F8AF
:106A90006C3100F09C804D785A1C234483F870516F
:106AA00093B2B3F5007F01F10102E5D01146EDE7A5
:106AB000542003339BB22144B3F5007F81F8700169
:106AC0007FF4B7AE40F25443A4F87031032347F08B
:106AD000020A84F872A11FFA89F0A4F86C31B8F8A0
:106AE0000C105D1C1FFA85FE4FEA112CE518BEF54F
:106AF000007F85F870C140F01681012384F8701181
:106B0000A4F86C31030AD8F8001084F8713184F8C5
:106B100072910323E9E602339BB22044B3F5007F70
:106B200018BF1E4680F8705113465DE7059A591C40
:106B300089B2E5184FEA122CB1F5007FD8F80400AD
:106B400085F870C1A4F86C11D5B240F09B80012388
:106B500084F87051A4F86C31002A3FF42EAF02443F
:106B60004FF0000915460DE0AA42A4F86C917AD0C6
:106B70001378023084F870310123A842A4F86C31F4
:106B80003FF41BAF024603F1010CE1181FFA8CF32E
:106B900012F801CBB3F5007F81F870C1E4D0104644
:106BA000EBE70025581C80B204EB030CB0F5007F26
:106BB000D8F810108CF87051A4F86C0140F0968051
:106BC0000125039B022084F870312B4640E71D46C7
:106BD000581C80B24FF0000C2544B0F5007FD8F867
:106BE000141085F870C1A4F86C0174D1019B84F86D
:106BF00070310123019AA4F86C31002A3FF4D9AE18
:106C0000501E11FA80F04FF0000C01390DE0904257
:106C1000A4F86CC116D011F8023F84F8703101233A
:106C20008842A4F86C313FF4C4AE4D785A1C23441A
:106C300083F8705193B2B3F5007F01F10102E6D001
:106C40001146EDE71AF0800F2CD10023B5E6019B29
:106C5000D8F8141084F8713184F870E10223C9E780
:106C60004FF0FF3BC6E57B067FF5C4AD049BD8F82B
:106C700008105BBAA4F870310226049BB4E66FF0EA
:106C8000090BB7E502339BB2B3F5007F214408BF7F
:106C9000002381F870515DE73C48EDF7EDF96FF0A6
:106CA000050BA7E5059BD8F804005BBAA4F8703182
:106CB000059A02234EE73648EDF7DEF9EFE735484F
:106CC000EDF7DAF9EBE73448EDF7D6F9E7E73348C3
:106CD000EDF7D2F9E3E702339BB2019AB3F5007FF7
:106CE000204408BF634680F8702183E70233039A8B
:106CF0009BB22044B3F5007F80F870217FF4A5AEED
:106D00002B460120A4E62648EDF7B6F9C7E725484B
:106D1000EDF7B2F9C3E72448EDF7AEF9BFE7234832
:106D2000EDF7AAF9BBE70233A6448EF8701199B2C9
:106D3000B1F5007F4FEA10231D467FF4C4AD002358
:106D4000A4F86C31D8F80010022384F8705184F84C
:106D50007191CAE5CB1C04219BB22044B3F5007F9E
:106D600080F870117FF481AD4D2384F870310123D8
:106D700057E50F48E9F7E2FD0E48E9F7DFFD0E4859
:106D8000E9F7DCFD0D48E9F7D9FD00BF00A70110C8
:106D9000B4A70110BCA6011070A701107CA60110B9
:106DA00030A7011000A60110C0A5011040A60110D7
:106DB00038A5011014A501108CA5011060A50110C3
:106DC00008B540B1827A02B908BD00218172BDE8E0
:106DD0000840FEF795BD0148E9F7B0FDF0A70110A6
:106DE000104B30B4D3F8882012F0020204D00E4CBD
:106DF00003F54053C3F888400C4B0A4C85B21D4341
:106E000043EA1040E566A06688B2184343EA11439E
:106E1000606623661AB1064B034AC3F8882030BC6B
:106E2000704700BF000010400200FE5A0000FE5AEA
:106E300000201040034B196F0A46586F196F8A42A1
:106E4000FAD1704700001040124A10B4D2F88830CE
:106E500099070AD4104C1148114B1249146550651A
:106E60005DF8044BC3F8881070470F490F4C0A486F
:106E7000C4F888100A4B094C1065E0305465C3F81B
:106E80008800C3F88810D2F888309B03FBD55DF8E2
:106E9000044B7047000010402000FE5A9BC4FE5A6D
:106EA000002010400001FE5A0200FE5A003010403F
:106EB000124A10B4D2F8883099070AD4104C1148FD
:106EC000114B12499465D0655DF8044BC3F88810E6
:106ED00070470F490F4C0A48C4F888100A4B906558
:106EE000084C0A48D465C3F88800C3F88810D2F863
:106EF0008830DB03FBD55DF8044B70470000104081
:106F0000E02EFE5A0000FE5A002010400002FE5AF9
:106F10000200FE5A00301040F0B4104B104C114AE1
:106F2000C4F8E430104E023B104D1FFA80FC4CEACE
:106F3000030C43EA1040C6F888500D4FC2F884C0D5
:106F4000C2F8800088B2184343EA1143D0679367C0
:106F5000C6F88870C4F88850F0BC70470200FE5A2A
:106F60000020104000001040003010401000FE5A79
:106F70004000FE5A034B0449044AC3F8E410C3F826
:106F800088207047003010400200FE5A1000FE5A60
:106F9000F0B5124B124C134AC4F8E430124E023BC7
:106FA000124D1FFA80FE4EEA030E43EA1040C6F867
:106FB0008850DFF840C0C2F884E00D4FC2F880006E
:106FC00088B2184343EA1143D0679367C6F888C074
:106FD000C4F88850C4F88870F0BD00BF0200FE5AA3
:106FE0000020104000001040003010401000FE5AF9
:106FF0002000FE5A4000FE5A054B06480649074A43
:10700000C3F8E400C3F88810C3F88820704700BFB5
:10701000003010400200FE5A1000FE5A2000FE5AB6
:1070200030B5421E334BD2B2022A83B0187032D828
:107030003149324B51F82250044653F822100420B3
:107040002B4600220095EAF707FE00222B46114648
:1070500005200095EAF700FE0920EAF7E9FD08207F
:10706000EAF7E6FD0720EAF7E3FD00222B4611468A
:1070700006200095EAF7F0FD2148EAF719FF2148BC
:10708000EAF716FF012C2DD100F092F803B0BDE80D
:107090003040E9F76BBB0024EBF754F82246214659
:1070A000234604200094EAF7D7FD224623462146D2
:1070B00005200094EAF7D0FD0920EAF7B9FD082081
:1070C000EAF7B6FD0720EAF7B3FD2246234621463C
:1070D00006200094EAF7C0FD0948EAF7E9FE0948EE
:1070E000EAF7E6FEEBF710F803B0BDE83040E9F749
:1070F0003DBB00BFEEC60020302105102421051045
:107100000000054000800540F8B504460D46FFF735
:1071100091FE0E460746FFF797FE31463846FFF7C9
:107120005FFE00264FF400000E4B0122C3F8B400AE
:107130002946C3F8B860204600F092F8ECF7C4FE88
:10714000094A0A49136943F0040313610B78012BC0
:1071500003D0BDE8F84000F041B8BDE8F840EAF7D8
:10716000E3BF00BF0000014000ED00E0EEC60020DC
:1071700038B500F045F84FF0FF320C4BD3F8B4109F
:10718000C3F8B420D3F8B810C3F8B820EBF780F8F0
:10719000FFF750FE05460C46FFF78AFE28462146BB
:1071A000FFF71EFEBDE83840E9F7E0BA00000140F5
:1071B0004FF08070074A08491368C8616FF31733AE
:1071C00043F4510343F460431360D369002BFCDBA9
:1071D000704700BF00800E4000B00E404FF080703E
:1071E0000449054A054BC8611361D369002BFCDAD9
:1071F000704700BF00B00E4000800E40616D6F63AD
:107200004FF080700449054A054BC8611360D3698B
:10721000002BFCDA704700BF00B00E4000800E402B
:1072200000F0FF0000212D2010B5E9F7ADFC2D2066
:107230000449E9F70FFE044B1B6813B1BDE8104089
:10724000184710BD25720110EC2E002010B5044621
:10725000FFF7F0FD2246EAF759FC012010BD00BF00
:107260002DE9F84305460C461646EFF3108972B631
:10727000104FD7F80080FFF77DFE9EB12846EAF751
:1072800021FCFFF785FE3CB12D200B49E9F7BEFC40
:1072900001212D20E9F778FC3C6089F310884046F5
:1072A000BDE8F883FFF7A8FE2846EAF70BFCFFF7D6
:1072B00033FEE8E7EC2E00202572011000B589B0FE
:1072C0000021684600F022F8DDE900014FF47A72EF
:1072D000029BCDE9040102FB03F30693FFF7E8FDEF
:1072E00004A8EAF7EFFBFFF77BFD04A8EAF7EAFB47
:1072F000FFF776FD034B044AC3F8882009B05DF818
:1073000004FB00BF002010400200FE5A024B0A4658
:107310000146186800F014B94023002070B58607B4
:1073200047D0541E002A3ED0CAB2034601E0013CB9
:1073300039D303F8012B9D07F9D1032C2CD9CDB2F9
:107340000F2C05EB052505EB054535D9A4F1100CEF
:1073500003F1100E1A462CF00F064FEA1C1CB6441F
:10736000C2E90055C2E9025510327245F8D10CF15C
:10737000010214F00C0F04F00F0C03EB021213D0F7
:10738000ACF1040323F003030433134442F8045B19
:107390009342FBD10CF003042CB1C9B21C4403F896
:1073A000011BA342FBD170BD64461346002CF4D1EF
:1073B000F9E703461446C0E71A46A446E0E700BFD3
:1073C000CAB384460B4630B504460843800719D03B
:1073D0009CF800000C78A04212D150B3012A28D0AA
:1073E000E64603E01CEB030F23D010B31EF8010F99
:1073F00011F8014FA2EB0E03A04203F1FF33F1D0CD
:10740000001B30BD032A07D8E2E7043A11D01EF072
:10741000803F0ED1032A10D92068194653F8045B27
:10742000A446A0F1013E0434A8422EEA000EECD09E
:10743000CEE7002030BD10467047A4461946C7E786
:1074400088420ED98B1883420BD900EB020C002A1C
:107450006ED0624613F801CD994202F801CDF9D100
:1074600070470F2A0FD8034602F1FF3C002A5FD075
:107470000CF1010C013B8C4411F8012B614503F820
:10748000012FF9D1704740EA01039B0751D1A2F1C6
:10749000100301F1200C70B523F00F0501F1100E5F
:1074A00000F110041B09AC445EF8105C0EF1100EE4
:1074B000103444F8205C5EF81C5C44F81C5C5EF8F8
:1074C000185C44F8185C5EF8145CE64544F8145CFB
:1074D000EAD1013312F00C0F02F00F0C01EB031193
:1074E00000EB031329D0ACF1040C1C1F8E462CF0CA
:1074F00003064FEA9C0C1E445EF8045B44F8045FEC
:10750000B442F9D10CF1010402F0030203EB84034D
:1075100001EB840102F1FF3C4AB10CF1010C013B8B
:107520008C4411F8012B614503F8012FF9D170BD8E
:10753000704702F1FF3C03469AE76246EAE700BF64
:1075400070B50C460346084D0026204611461C46E1
:107550002E60ECF76FFB431C00D070BD2B68002B36
:10756000FBD0236070BD00BF0C270020032A30B47D
:1075700015D941EA000484460B46A40704D0541EE2
:107580000FE0043A032A08D91946604653F8044B21
:107590005CF8045BA542F4D0F1E760461946541E3E
:1075A0007AB1431E0139021901E09A4209D013F859
:1075B000010F11F801CF6045F7D0A0EB0C0030BCF3
:1075C0007047002030BC7047844641EA000313F046
:1075D000030349D1403A23D30B6803604B684360EF
:1075E0008B688360CB68C3600B6903614B6943613F
:1075F0008B698361CB69C3610B6A03624B6A436227
:107600008B6A8362CB6AC3620B6B03634B6B43630E
:107610008B6B8363CB6BC36340304031403ADBD22A
:1076200030320BD30B6803604B6843608B68836018
:10763000CB68C36010301031103AF3D20C3205D34E
:1076400051F8043B40F8043B043AF9D2043208D024
:10765000D2071CBF11F8013B00F8013B01D30B8896
:1076600003806046704700BF082A13D38B07B1D050
:1076700010F00303AED0C3F10403D21ADB071CBF22
:1076800011F8013B00F8013BA4D331F8023B20F88C
:10769000023B9FE7043AD9D3013A11F8013B00F8C5
:1076A000013BF9D20B7803704B7843708B78837071
:1076B00060467047002301461A46184600F042B85B
:1076C00020F0030110F00300C0F1000051F8043B6A
:1076D00000F1040C4FEACC0C6FF000021CBF22FA40
:1076E0000CF213434FF0010C4CEA0C2C4CEA0C4CFE
:1076F000A3EB0C0222EA030212EACC1204BF51F8F7
:10770000043B0430F4D0C2F1000102EA0102B2FAF3
:1077100082F2C2F11F0200EBD200704738B5074D6C
:10772000074C2C1BA41005D0013C55F8043D98478C
:10773000002CF9D1BDE8384000F040B87478011051
:107740007478011070B4164D2C681CB365681F2D39
:1077500023DC38B96B1C00200235636044F8251027
:1077600070BC704704EB850C0228CCF888204FF0E1
:107770000102D4F8886102FA05F246EA0206C4F86A
:107780008861CCF80831E5D1D4F88C311343C4F8C2
:107790008C31DFE7034C2C60D8E74FF0FF30DFE798
:1077A000DC2900204C280020024B13B10248FFF7CF
:1077B00081BF7047000000001D770110F8B500BFC1
:1077C0005FF800F00D0300205FF800F0DD0B0020F3
:1077D0005FF800F0810300205FF800F0410F002007
:1077E0005FF800F0450300205FF800F0A10E0020D4
:1077F0005FF800F0990B00205FF800F0A102002074
:107800005FF800F0E10100205FF800F021010020A6
:107810005FF800F0650B00205FF800F085010020A4
:107820005FF800F03D0B0020FD21001071210010D9
:10783000A521001091220010DD210010BD200010B4
:1078400025220010A920001061110010292200102B
:10785000211500104121001011220010C12100103B
:10786000210B0010490B0010A977011019460010D8
:0478700055020010AD
:10787800435957343320696E6974206661696C65B1
:10788800640000003D3D3D2047617264656E4775A8
:1078980061726420285069636F2032205729203D87
:1078A8003D3D0000436F6E6E656374696E672074BA
:1078B8006F20576946692E2E2E00000057694669C9
:1078C800206661696C65642C207265747279696ED2
:1078D800672E2E2E00000000416356766755327AD7
:1078E800000000004855415745492D344E63670054
:1078F8005769466920636F6E6E656374656400003E
:10790800436F6E6E656374696E6720746F204D51A6
:1079180054542062726F6B65722E2E2E0000000088
:107928006C656166310000004D51545420636F6EE0
:107938006E656374656400004D6F69737475726574
:107948003A20256425250A005075626C6973682001
:107958006661696C65642C207265747279696E67FA
:107968002E2E2E0073656E736F72732F6D6F697391
:10797800747572655F6C6576656C2F005075626C06
:1079880069736865642E20456E746572696E672038
:10799800736C6565702E2E2E00000000536C6565B3
:1079A80070696E672E2E2E00576F6B652075702CD0
:1079B8002061726D696E67207761746368646F67B0
:1079C80020616E642072652D696E697469616C69E5
:1079D80073696E672043595734332E2E2E000000EA
:1079E80043595734332072652D696E697420666176
:1079F800696C656420E28094206C657474696E67B4
:107A0800207761746368646F67207265626F6F7452
:107A1800000000005265636F6E6E656374696E677F
:107A280020576946692E2E2E0000000057694669C6
:107A3800207265636F6E6E656374206661696C653C
:107A4800642C207265747279696E672E2E2E000080
:107A580057694669207265636F6E6E656374656405
:107A6800000000003139322E3136382E312E3139AE
:107A780000000000496E76616C69642062726F6B69
:107A880065722049500000006D7174745F636C6901
:107A9800656E745F636F6E6E656374206572726F76
:107AA800723A2025640A00004D51545420636F6EC9
:107AB8006E6563742074696D656F757400000000ED
:107AC8007B226465766963655F6964223A2225735F
:107AD800222C226D6F697374757265223A25642CA5
:107AE80022756E6974223A222525227D0000000045
:107AF8006D7174745F7075626C69736820657272F9
:107B08006F723A2025640A005075626C69736820A8
:107B180074696D656F7574000A2A2A2A2050414ECF
:107B28004943202A2A2A0A000A0000004E6F2073BF
:107B380070696E6C6F636B7320617265206176612A
:107B4800696C61626C6500004E6F20757365722008
:107B5800495251732061726520617661696C616276
:107B68006C650000486172647761726520616C61C0
:107B7800726D20256420616C726561647920636C84
:107B880061696D6564000000486172642061737307
:107B98006572740052656C6561736500626F6F741D
:107BA800325F77323571303830000000322E322E95
:107BB800300000007069636F325F7700476172645C
:107BC800656E4775617264004170722020392032F9
:107BD80030323600666E692B00000000666E690060
:107BE8006E616E00666E692D0000000055534220DC
:107BF800737464696E202F207374646F7574000049
:107C080052617370626572727920506900000000D9
:107C18005069636F00000000426F61726420434442
:107C2800430000005265736574000000556E68617A
:107C38006E646C65642049525120307825780A00BA
:107C4800657020253032582077617320616C726529
:107C580061647920617661696C61626C650000001D
:107C680043616E277420636F6E74696E7565207842
:107C7800666572206F6E20696E616374697665202F
:107C88006570202530325800646E732073657276F3
:107C98006572206F7574206F662061727261790059
:107CA800617272617920696E646578206F757420DD
:107CB8006F6620626F756E6473000000756E6B6E80
:107CC8006F776E20646E735F7461626C6520656E99
:107CD8007472792073746174653A00006D656D5F24
:107CE800667265653A2073616E69747920636865A8
:107CF800636B20616C69676E6D656E7400000000CF
:107D08006D656D5F667265653A20696C6C65676163
:107D18006C206D656D6F7279000000006D656D5F98
:107D2800667265653A20696C6C6567616C206D6583
:107D38006D6F72793A20646F75626C652066726542
:107D4800650000006D656D5F667265653A20696C57
:107D58006C6567616C206D656D6F72793A206E6F26
:107D68006E2D6C696E6B65643A20646F75626C6524
:107D78002066726565000000706C75675F686F6CDF
:107D880065733A206D656D203C2072616D5F656E8C
:107D9800640000006D656D5F7472696D3A206C65F2
:107DA80067616C206D656D6F727900006D656D5F40
:107DB8007472696D2063616E206F6E6C79207368D0
:107DC80072696E6B206D656D6F727900696E766190
:107DD8006C6964206E65787420707472000000000D
:107DE8006D656D5F6D616C6C6F633A20616C6C6F73
:107DF8006361746564206D656D6F7279206E6F7450
:107E08002061626F76652072616D5F656E642E0019
:107E18006D656D5F6D616C6C6F633A20616C6C6F42
:107E28006361746564206D656D6F72792070726F1F
:107E38007065726C7920616C69676E65642E0000EC
:107E4800696E76616C696420706F6F6C206465730D
:107E5800630000006D656D705F6D616C6C6F633AF7
:107E6800206D656D702070726F7065726C7920611D
:107E78006C69676E656400006D656D705F6D616C3F
:107E88006C6F633A2074797065203C204D454D50E5
:107E98005F4D4158000000006D656D705F6672654A
:107EA800653A206D656D2070726F7065726C79200F
:107EB800616C69676E6564006D656D705F6672659B
:107EC800653A2074797065203C204D454D505F4DD2
:107ED80041580000504255465F504F4F4C0000003B
:107EE800504255465F5245462F524F4D0000000004
:107EF8005359535F54494D454F55540046524147D5
:107F08005F50425546000000524541535344415486
:107F180041000000414C5443505F50434200000070
:107F28005443505F534547005443505F5043425FAA
:107F38004C495354454E00005443505F504342004F
:107F48005544505F504342005241575F50434200EE
:107F58006E657469665F6164643A20696E76616C07
:107F68006964206E65746966000000006E65746956
:107F7800665F6164643A204E6F20696E697420669A
:107F8800756E6374696F6E20676976656E000000B0
:107F98006E6574696620616C7265616479206164DC
:107FA80064656400746F6F206D616E79206E65740E
:107FB8006966732C206D61782E20737570706F72EE
:107FC800746564206E756D62657220697320323540
:107FD800350000006E657469665F7365745F75705F
:107FE8003A20696E76616C6964206E657469660012
:107FF8006E657469665F7365745F6C696E6B5F75D7
:10800800703A20696E76616C6964206E6574696681
:10801800000000006E657469665F7365745F6C6963
:108028006E6B5F646F776E3A20696E76616C696417
:10803800206E657469660000706275665F667265B9
:10804800653A20702D3E726566203E2030000000A3
:1080580070632D3E637573746F6D5F667265655FDF
:1080680066756E6374696F6E20213D204E554C4CC9
:1080780000000000696E76616C6964207062756644
:108088002074797065000000706275665F616C6CC1
:108098006F633A206572726F6E656F7573207479BD
:1080A80070650000706275665F7265616C6C6F6305
:1080B8003A207020213D204E554C4C007062756668
:1080C8005F7265616C6C6F633A207120213D204EB0
:1080D800554C4C006D656D5F7472696D20726574E6
:1080E80075726E65642072203D3D204E554C4C00E3
:1080F8006D656D5F7472696D2072657475726E65F9
:1081080064207220213D2071000000007020213D74
:10811800204E554C4C000000696E6372656D656EAB
:10812800745F6D61676E6974756465203C3D20708D
:108138002D3E6C656E000000706275662072656683
:10814800206F766572666C6F7700000028682021C2
:108158003D204E554C4C2920262620287420213DB0
:10816800204E554C4C29202870726F6772616D6DD6
:1081780065722076696F6C61746573204150492976
:10818800000000004372656174696E6720616E20AB
:10819800696E66696E697465206C6F6F70000000A7
:1081A800702D3E746F745F6C656E203D3D20702DA0
:1081B8003E6C656E20286F66206C61737420706257
:1081C800756620696E20636861696E290000000089
:1081D800706275665F636F70795F706172746961F0
:1081E8006C5F706275663A20636F70795F6C656E5C
:1081F80020626967676572207468616E20736F75A5
:1082080072636500706275665F636F70795F706135
:10821800727469616C5F706275663A207461726726
:108228006574206E6F742062696720656E6F75676C
:10823800680000006F66667365745F746F203C3D6C
:1082480020705F746F2D3E6C656E00006F666673FC
:1082580065745F66726F6D203C3D20705F66726F5B
:108268006D2D3E6C656E0000705F66726F6D20212B
:108278003D204E554C4C0000705F746F20213D200E
:108288004E554C4C00000000706275665F636F705D
:10829800795F7061727469616C5F706275662829B4
:1082A80020646F6573206E6F7420616C6C6F77202B
:1082B8007061636B65742071756575657321000065
:1082C800706275665F636F70793A20696E76616C6B
:1082D800696420736F75726365000000706275666B
:1082E8005F636F70795F7061727469616C3A20695D
:1082F8006E76616C696420627566000070627566EE
:108308005F636F70795F7061727469616C3A20693C
:108318006E76616C696420646174617074720000C7
:10832800706275665F6765745F636F6E74696775A1
:108338006F75733A20696E76616C69642062756640
:1083480000000000706275665F6765745F636F6E3A
:10835800746967756F75733A20696E76616C6964C4
:108368002062756673697A65000000007062756640
:108378005F74616B653A20696E76616C696420622E
:1083880075660000706275665F74616B653A206996
:108398006E76616C69642064617461707472000047
:1083A800706275665F74616B653A20627566206EEF
:1083B8006F74206C6172676520656E6F7567680001
:1083C800706275665F74616B653A20696E76616C80
:1083D8006964207062756600646964206E6F742039
:1083E800636F707920616C6C2064617461000000B7
:1083F800636865636B20706275665F736B69702074
:10840800726573756C740000706275665F636F7077
:1084180079206661696C65640000000072617720EC
:1084280070636220726563762063616C6C6261635D
:108438006B20616C7465726564207062756620706B
:1084480061796C6F616420706F696E7465722077F2
:108458006974686F757420656174696E67207061EE
:10846800636B657400000000636F6E6E2D3E696E6D
:108478006E65725F636F6E6E203D3D204E554C4CAD
:1084880000000000706362206D69736D6174636839
:108498000000000070636220213D204E554C4C00C6
:1084A8007463705F667265653A204C495354454E53
:1084B800000000007463705F62696E643A20696E40
:1084C80076616C6964207063620000007463705F99
:1084D80062696E643A2063616E206F6E6C79206207
:1084E800696E6420696E20737461746520434C4F13
:1084F800534544007463705F6C697374656E5F778D
:108508006974685F6261636B6C6F675F616E645FFB
:108518006572723A20696E76616C69642070636274
:10852800000000007463705F6C697374656E5F7738
:108538006974685F6261636B6C6F675F616E645FCB
:108548006572723A2070636220616C726561647949
:1085580020636F6E6E656374656400007463705F9A
:108568007570646174655F7263765F616E6E5F7764
:108578006E643A20696E76616C696420706362008B
:108588006E65775F7263765F616E6E5F776E64208B
:108598003C3D203078666666660000007463705F54
:1085A8007265637665643A20696E76616C696420E9
:1085B80070636200646F6E27742063616C6C207452
:1085C80063705F72656376656420666F72206C699C
:1085D8007374656E2D706362730000007463705F5E
:1085E800636F6E6E6563743A20696E76616C696458
:1085F80020706362000000007463705F636F6E6ECA
:108608006563743A20696E76616C6964206970618B
:10861800646472007463705F636F6E6E6563743A4E
:108628002063616E206F6E6C7920636F6E6E656378
:10863800742066726F6D20737461746520434C4FAB
:10864800534544007463705F736C6F77746D723A4E
:1086580020616374697665207063622D3E7374616E
:10866800746520213D20434C4F53454400000000D1
:108678007463705F736C6F77746D723A20616374A2
:10868800697665207063622D3E737461746520217C
:108698003D204C495354454E000000007463705F00
:1086A800736C6F77746D723A2061637469766520B4
:1086B8007063622D3E737461746520213D205449B6
:1086C8004D452D57414954007463705F736C6F7743
:1086D80074696D723A207065727369737420746975
:1086E800636B696E67207769746820696E2D666CA4
:1086F8006967687420646174610000007463705F66
:10870800736C6F7774696D723A20706572736973F0
:1087180074207469636B696E672077697468206573
:108728006D7074792073656E642062756666657213
:10873800000000007463705F736C6F77746D723A39
:10874800206D6964646C652074637020213D207419
:1087580063705F6163746976655F7063627300005C
:108768007463705F736C6F77746D723A20666972A8
:10877800737420706362203D3D207463705F616391
:10878800746976655F706362730000007463705F7C
:10879800736C6F77746D723A2054494D452D57416B
:1087A8004954207063622D3E7374617465203D3DA9
:1087B8002054494D452D5741495400007463705F5A
:1087C800736C6F77746D723A206D6964646C6520A0
:1087D80074637020213D207463705F74775F7063E9
:1087E800627300007463705F736C6F77746D723AB4
:1087F80020666972737420706362203D3D20746343
:10880800705F74775F706362730000007463705FF9
:108818007365747072696F3A20696E76616C696409
:1088280020706362000000007463705F7365675FA7
:10883800636F70793A20696E76616C69642073653C
:1088480067000000696E76616C696420736F636B02
:10885800657420737461746520666F722072656335
:10886800762063616C6C6261636B0000696E76618F
:108878006C696420736F636B6574207374617465CD
:1088880020666F722073656E742063616C6C626120
:10889800636B0000696E76616C696420736F636B4B
:1088A800657420737461746520666F7220657272D6
:1088B8002063616C6C6261636B0000007463705FBD
:1088C800706F6C6C3A20696E76616C6964207063B5
:1088D80062000000696E76616C696420736F636B77
:1088E800657420737461746520666F7220706F6C94
:1088F8006C0000007463705F7063625F707572670C
:10890800653A20696E76616C696420706362000064
:108918007463705F7063625F72656D6F76653A202D
:10892800696E76616C696420706362007463705F5D
:108938007063625F72656D6F76653A20696E766105
:108948006C6964207063626C69737400756E73651A
:108958006E74207365676D656E7473206C65616BEA
:10896800696E6700756E61636B6564207365676D1A
:10897800656E7473206C65616B696E67000000003A
:108988006F6F736571207365676D656E7473206CA6
:1089980065616B696E6700007463705F6162616E28
:1089A800646F6E3A20696E76616C696420706362E8
:1089B80000000000646F6E27742063616C6C207483
:1089C80063705F61626F72742F7463705F6162615C
:1089D8006E646F6E20666F72206C697374656E2D9D
:1089E80070636273000000007463705F61636365A5
:1089F80070745F6E756C6C3A20696E76616C696430
:108A080020706362000000007463705F636C6F73B2
:108A1800655F73687574646F776E3A20696E766106
:108A28006C696420706362007063622D3E666C61DD
:108A3800677320262054465F5258434C4F53454491
:108A4800000000007463705F667265655F6C69732F
:108A580074656E3A20214C495354454E000000007D
:108A68007463705F73687574646F776E3A20696EAB
:108A780076616C6964207063620000007463705FE3
:108A8800726563765F6E756C6C3A20696E76616CA0
:108A980069642070636200007463705F70726F6352
:108AA8006573735F726566757365645F646174612D
:108AB8003A20696E76616C69642070636200000018
:108AC8007463705F636C6F73653A20696E76616C6E
:108AD80069642070636200007463705F6E65787407
:108AE8005F6973733A20696E76616C69642070639C
:108AF800620000007463705F6566665F73656E642C
:108B08005F6D73735F6E657469663A20696E76612E
:108B18006C6964206473745F697000007463705FCB
:108B280070617273656F70743A20696E76616C69F2
:108B380064207063620000007463705F6F6F735F1E
:108B4800696E736572745F7365676D656E743A20DC
:108B5800696E76616C696420637365670000000064
:108B68007063622D3E736E645F71756575656C65C3
:108B78006E203E3D20706275665F636C656E286E80
:108B88006578742D3E7029007463705F7265636543
:108B98006976653A2076616C6964207175657565DA
:108BA800206C656E677468007463705F72656365D6
:108BB8006976653A2077726F6E67207374617465A1
:108BC80000000000696E7365672E7020213D204EFD
:108BD800554C4C00696E73616E65206F66667365EF
:108BE800742100007062756620746F6F2073686F5F
:108BF800727421007463705F726563656976653AA3
:108C0800207365676D656E74206E6F742074726969
:108C18006D6D656420636F72726563746C7920741E
:108C28006F207263765F776E640000007463705F14
:108C3800726563656976653A207365676D656E74FC
:108C4800206E6F74207472696D6D656420636F7235
:108C5800726563746C7920746F206F6F736571200F
:108C680071756575650000007463705F7265636592
:108C78006976653A207463706C656E203E20726375
:108C8800765F776E640000007463705F7265636579
:108C98006976653A206F6F736571207463706C65CF
:108CA8006E203E207263765F776E64007463705F37
:108CB800696E7075743A20696E76616C69642070AB
:108CC80062756600702D3E6E65787420213D204ED9
:108CD800554C4C00702D3E6C656E203D3D2030009B
:108CE800702D3E746F745F6C656E203D3D20702D55
:108CF8003E6E6578742D3E746F745F6C656E00000F
:108D08007463705F696E7075743A20616374697614
:108D180065207063622D3E737461746520213D2067
:108D2800434C4F53454400007463705F696E70751F
:108D3800743A20616374697665207063622D3E73AE
:108D48007461746520213D2054494D452D57414992
:108D5800540000007463705F696E7075743A206126
:108D68006374697665207063622D3E7374617465FF
:108D780020213D204C495354454E00007463705FD8
:108D8800696E7075743A207063622D3E6E657874F2
:108D980020213D2070636220286265666F7265201D
:108DA80063616368652900007463705F696E70753C
:108DB800743A207063622D3E6E65787420213D20E0
:108DC80070636220286166746572206361636865F8
:108DD800290000007463705F696E7075743A2054DE
:108DE800494D452D57414954207063622D3E737497
:108DF800617465203D3D2054494D452D57414954E6
:108E0800000000007463705F696E7075743A2070BA
:108E180063622D3E737461746520213D20434C4F7D
:108E2800534544007063622D3E736E645F717565CF
:108E380075656C656E203E20300000006E6F2073F3
:108E480065676D656E7420746F20667265650000D5
:108E58007063622D3E6C697374656E65722D3E6138
:108E6800636365707420213D204E554C4C00000012
:108E78007063622D3E726566757365645F646174C4
:108E880061203D3D204E554C4C0000007463705FDE
:108E98006372656174655F7365676D656E743A20AA
:108EA800696E76616C696420706362007463705FD8
:108EB8006372656174655F7365676D656E743A208A
:108EC800696E76616C6964207062756600000000E6
:108ED800702D3E746F745F6C656E203E3D206F7020
:108EE800746C656E000000006F7074696F6E73209B
:108EF8006E6F742066696C6C656400007463705FE3
:108F08006F75747075745F636F6E74726F6C5F7376
:108F180065676D656E743A20696E76616C69642068
:108F280070627566000000007463705F6F7574701E
:108F380075745F616C6C6F635F6865616465723AD4
:108F480020696E76616C69642070636200000000BD
:108F5800636865636B2074686174206669727374F2
:108F680020706275662063616E20686F6C64207380
:108F78007472756374207463705F686472000000B3
:108F88007463705F77726974653A20696E76616C94
:108F980069642070636200007463705F777269743B
:108FA800653A20617267203D3D204E554C4C202883
:108FB80070726F6772616D6D65722076696F6C6132
:108FC8007465732041504929000000007463705F84
:108FD80077726974653A207062756673206F6E20C7
:108FE8007175657565203D3E206174206C656173FF
:108FF80074206F6E65207175657565206E6F6E2DB6
:10900800656D7074790000007463705F77726974BD
:10901800653A206E6F207062756673206F6E2071DE
:1090280075657565203D3E20626F746820717565B1
:1090380075657320656D7074790000006D73735FDA
:109048006C6F63616C20697320746F6F20736D613E
:109058006C6C0000756E73656E745F6F7665727305
:10906800697A65206D69736D61746368202870631F
:10907800622076732E206C6173745F756E73656EF3
:1090880074290000696E636F6E73697374656E741A
:10909800206F76657273697A652076732E207370F7
:1090A80061636500696E636F6E73697374656E746E
:1090B800206F76657273697A652076732E206C65E9
:1090C8006E0000006E65656420756E636861696E88
:1090D80065642070627566007463705F7772697486
:1090E800653A20524F4D2070627566732063616E39
:1090F8006E6F74206265206F76657273697A656435
:1091080000000000756E73656E745F6F766572732C
:10911800697A65206D69736D61746368202870636E
:10912800622D3E756E73656E74206973204E554CC2
:109138004C2900006F76657273697A65203D3D2081
:1091480030000000707265765F73656720213D20EE
:109158004E554C4C000000006C6173745F756E7363
:10916800656E742D3E6F76657273697A655F6C659E
:109178006674203E3D206F76657273697A655F7507
:10918800736564007463705F77726974653A20630D
:10919800616E6E6F7420636F6E636174656E617467
:1091A80065207768656E207063622D3E756E736505
:1091B8006E7420697320656D707479007463705FD4
:1091C80077726974653A20657874656E73696F6E35
:1091D800206F66207265666572656E6365207265CC
:1091E800717569726573207265666572656E63650F
:1091F800000000007463705F77726974653A2076C6
:10920800616C6964207175657565206C656E67743D
:10921800680000007463705F73706C69745F756ECA
:1092280073656E745F7365673A20696E76616C6901
:10923800642070636200000043616E2774207370BD
:109248006C6974207365676D656E7420696E746FE0
:10925800206C656E677468203000000073706C695C
:1092680074203C3D206D7373000000007463705FD0
:1092780073656E645F66696E3A20696E76616C69C3
:1092880064207063620000007365672D3E7463702C
:10929800686472206E6F7420616C69676E65640023
:1092A8007463705F656E71756575655F666C61671F
:1092B800733A20696E76616C6964207365676D65C1
:1092C8006E74206C656E6774680000007463705F6C
:1092D800656E71756575655F666C6167733A20695F
:1092E8006E76616C6964207175657565206C656E54
:1092F800677468007463705F656E71756575655F26
:10930800666C6167733A206E656564206569746888
:109318006572205443505F53594E206F7220544356
:10932800505F46494E20696E20666C61677320283D
:1093380070726F6772616D6D65722076696F6C61AE
:109348007465732041504929000000007463705F00
:10935800656E71756575655F666C6167733A2069DE
:109368006E76616C69642070636200007463705F7C
:10937800656E71756575655F666C6167733A2063C4
:109388006865636B20746861742066697273742001
:10939800706275662063616E20686F6C64206F7000
:1093A800746C656E000000007463705F7265786DA0
:1093B80069745F72746F5F707265706172653A206C
:1093C800696E76616C696420706362007463705FB3
:1093D8007265786D69743A20696E76616C6964208B
:1093E800706362007463705F7265786D69745F663C
:1093F8006173743A20696E76616C69642070636287
:10940800000000007463705F7273743A20696E76AE
:10941800616C6964206C6F63616C5F697000000047
:109428007463705F7273743A20696E76616C6964F4
:109438002072656D6F74655F697000007463705F9A
:1094480073656E645F656D7074795F61636B3A20F4
:10945800696E76616C696420706362007463705F22
:109468006F75747075743A20696E76616C696420E2
:1094780070636200646F6E27742063616C6C207483
:1094880063705F6F757470757420666F72206C6995
:109498007374656E2D70636273000000525354201C
:1094A8006E6F742065787065637465642068657292
:1094B800652100007463705F7265786D69745F720E
:1094C800746F5F636F6D6D69743A20696E76616C55
:1094D80069642070636200007463705F7265786D00
:1094E80069745F72746F3A20696E76616C69642082
:1094F800706362007463705F6B656570616C697638
:10950800653A20696E76616C696420706362000058
:109518007463705F7A65726F5F77696E646F775F87
:1095280070726F62653A20696E76616C696420704A
:10953800636200007379735F74696D656F75743A5F
:109548002074696D656F757420213D204E554C4C13
:109558002C20706F6F6C204D454D505F5359535FF1
:1095680054494D454F555420697320656D70747981
:109578000000000054696D656F75742074696D652D
:1095880020746F6F206C6F6E672C206D6178206976
:1095980073204C5749505F55494E5433325F4D4103
:1095A800582F34206D736563730000007564705F15
:1095B800696E7075743A20696E76616C69642070A2
:1095C800627566007564705F696E7075743A2069BB
:1095D8006E76616C6964206E6574696600000000CF
:1095E800706275665F72656D6F76655F68656164E8
:1095F8006572206661696C65640000007564705F5F
:1096080062696E643A20696E76616C696420706381
:10961800620000007564705F73656E64746F5F69E3
:10962800665F7372633A20696E76616C6964207054
:10963800636200007564705F73656E64746F5F6960
:10964800665F7372633A20696E76616C6964207034
:10965800627566007564705F73656E64746F5F69C8
:10966800665F7372633A20696E76616C6964206420
:1096780073745F69700000007564705F73656E6471
:10968800746F5F69665F7372633A20696E76616CA6
:109698006964207372635F69700000007564705FAD
:1096A80073656E64746F5F69665F7372633A20698D
:1096B8006E76616C6964206E6574696600000000EE
:1096C800636865636B20746861742066697273747B
:1096D80020706275662063616E20686F6C64207309
:1096E8007472756374207564705F6864720000003A
:1096F8007564705F73656E64746F5F69663A20693C
:109708006E76616C69642070636200007564705FD6
:1097180073656E64746F5F69663A20696E76616C12
:1097280069642070627566007564705F73656E6445
:10973800746F5F69663A20696E76616C696420644B
:1097480073745F69700000007564705F73656E64A0
:10975800746F5F69663A20696E76616C6964206E21
:1097680065746966000000007564705F73656E64F7
:10977800746F3A20696E76616C6964207063620068
:109788007564705F73656E64746F3A20696E766194
:109798006C69642070627566000000007564705F13
:1097A80073656E64746F3A20696E76616C696420C3
:1097B8006473745F697000007564705F636F6E6EC8
:1097C8006563743A20696E76616C696420706362BF
:1097D800000000007564705F636F6E6E6563743AB5
:1097E80020696E76616C69642069706164647200D6
:1097F8007564705F726563763A20696E76616C692C
:1098080064207063620000007564705F72656D6F3C
:1098180076653A20696E76616C69642070636200CF
:10982800646863705F6372656174655F6D73673ADE
:10983800206E6574696620213D204E554C4C000011
:10984800646863705F6372656174655F6D73673ABE
:10985800206468637020213D204E554C4C00000068
:10986800646863705F6372656174655F6D73673A9E
:1098780020636865636B207468617420666972731D
:109888007420706275662063616E20686F6C642056
:1098980073747275637420646863705F6D736700B6
:1098A800646863705F696E635F7063625F72656648
:1098B800636F756E7428293A206D656D6F72792013
:1098C8006C65616B00000000646863705F62696EBC
:1098D800643A206E6574696620213D204E554C4CD3
:1098E80000000000646863705F62696E643A206417
:1098F80068637020213D204E554C4C00444843502D
:109908003A20686F73746E616D6520697320746F97
:109918006F206C6F6E672100646863705F6F70748E
:10992800696F6E3A206F7074696F6E735F6F7574CC
:109938005F6C656E202B2032202B206F7074696F4E
:109948006E5F6C656E203C3D20444843505F4F502D
:1099580054494F4E535F4C454E0000006468637095
:109968005F6F7074696F6E5F627974653A206F70AB
:1099780074696F6E735F6F75745F6C656E203C20E1
:10998800444843505F4F5054494F4E535F4C454EE7
:1099980000000000646863705F73656C6563743A07
:1099A800206E6574696620213D204E554C4C0000A0
:1099B800646863705F73656C6563743A2064686398
:1099C8007020213D204E554C4C0000006E65746996
:1099D8006620213D204E554C4C00000064686370A1
:1099E80020213D204E554C4C000000006E657469E6
:1099F8006620616C726561647920686173206120FA
:109A0800737472756374206468637020736574007E
:109A1800646863705F7063625F726566636F756EBA
:109A28007428293A20726566636F756E74206572B2
:109A3800726F7200696E76616C6964206468637025
:109A48002D3E7374617465006E6574696620697370
:109A5800206E6F742075702C206F6C64207374797D
:109A68006C6520706F72743F000000006172705F57
:109A78007461626C655B695D2E71203D3D204E55B9
:109A88004C4C00006172705F7461626C655B695D6B
:109A98002E7374617465203D3D20455448415250F1
:109AA8005F53544154455F454D50545900000000E0
:109AB800636865636B207468617420666972737487
:109AC80020706275662063616E20686F6C64207315
:109AD8007472756374206574686172705F6864720B
:109AE800000000006E657469662D3E6877616464E5
:109AF800725F6C656E206D75737420626520746882
:109B0800652073616D65206173204554485F48572F
:109B1800414444525F4C454E20666F72206574681C
:109B280061727021000000006172705F7461626C84
:109B3800655B6172705F6964785D2E7374617465CA
:109B4800203E3D204554484152505F5354415445AE
:109B58005F535441424C450069706164647220212E
:109B68003D204E554C4C00006574685F726574204A
:109B7800213D204E554C4C006E657469662D3E683B
:109B880077616464725F6C656E203D3D2045544882
:109B98005F4857414444525F4C454E0074797065A4
:109BA800206F766572666C6F770000006E6F2070AC
:109BB80061636B65742071756575657320616C6C84
:109BC8006F776564210000007120213D204E554CBF
:109BD8004C00000069636D705F696E7075743A209F
:109BE8006D6F76696E6720722D3E7061796C6F615A
:109BF8006420746F2069636D7020686561646572A4
:109C0800206661696C65640069636D705F696E7078
:109C180075743A20726573746F72696E67206F721B
:109C28006967696E616C20702D3E7061796C6F6137
:109C380064206661696C65640000000063686563A0
:109C48006B20746861742066697273742070627521
:109C5800662063616E20686F6C642069636D702094
:109C68006D6573736167650070637220213D204ED6
:109C7800554C4C007072657620213D206970720049
:109C8800707265762D3E6E657874203D3D20697052
:109C98007200000070627566735F667265656420A5
:109CA8002B20636C656E203C3D20307866666666C6
:109CB8000000000073616E69747920636865636BE6
:109CC800206C696E6B6564206C6973740000000019
:109CD80069705F72656173735F70627566636F75D3
:109CE8006E74203E3D2070627566735F66726565AE
:109CF8006400000073616E69747920636865636B42
:109D08000000000076616C69646174655F64617469
:109D1800616772616D3A6E6578745F70627566210D
:109D28003D4E554C4C00000069705F72656173735D
:109D38005F70627566636F756E74203E3D20636C5C
:109D4800656E00006E6F74206669727374616C745E
:109D5800686F756768206A75737420656E717565BC
:109D6800756564006970345F6672616728293A20F6
:109D78007062756620746F6F2073686F727400006C
:109D880074686973206E65656473206120706275FC
:109D98006620696E206F6E652070696563652100B5
:109DA800702D3E6C656E203E3D20706F666600002B
:109DB800702D3E726566203D3D2031006368656305
:109DC8006B207468617420666972737420706275A0
:109DD800662063616E20686F6C64207374727563AB
:109DE800742069705F68647200000000756E6861B5
:109DF8006E646C65640000006E657469662D3E686B
:109E080077616464725F6C656E206D75737420622F
:109E180065203620666F722065746865726E657499
:109E28005F6F757470757421000000006379773472
:109E3800335F726561645F627974657320657272FD
:109E48006F722025640000005B43595734335D204E
:109E580063797734335F6B736F5F73657428256438
:109E6800293A206661696C65640A00005B435957AA
:109E780034335D20427573206572726F7220636F90
:109E88006E646974696F6E20646574656374656473
:109E980020307825780A00005B43595734335D2019
:109EA8006572726F723A20686472206D69736D61B1
:109EB8007463682025303478205E20253034780A91
:109EC800000000005B43595734335D205354414C24
:109ED8004C2825753B25752D2575293A2074696D03
:109EE800656F75740A0000005B43595734335D2071
:109EF800646F5F696F63746C3A20676F7420756E66
:109F08006578706563746564207061636B6574203F
:109F180025640A005B43595734335D20646F5F69D9
:109F28006F63746C2825752C2025752C20257529C0
:109F38003A2074696D656F75740A00005B43595760
:109F480034335D20636F7265206E6F7420696E20F4
:109F580072657365740000006275733A7478676C93
:109F68006F6D00006170737461000000616D706452
:109F7800755F62615F7773697A650000616D70640F
:109F8800755F6D7064750000616D7064755F7278DF
:109F98005F666163746F72006273736366673A65C4
:109FA80076656E745F6D7367730000005B43595785
:109FB80034335D204661696C656420746F20737466
:109FC8006172742043595734330000005665727328
:109FD800696F6E3A200000005B43595734335D20A7
:109FE800636F756C64206E6F742066696E6420768A
:109FF800616C6964206669726D7761726500000042
:10A008005B43595734335D2074696D656F757420EF
:10A0180077616974696E6720666F7220414C5020C1
:10A02800746F206265207365740000005B435957A4
:10A0380034335D20636F7265206E6F742075700015
:10A048005B43595734335D204854206E6F74207237
:10A0580065616479000000005B43595734335D2023
:10A068004632206E6F7420726561647900000000CA
:10A078005B43595734335D20434C4D206C6F61640A
:10A08800206661696C6564006375725F65746865F4
:10A098007261646472000000706D325F736C656594
:10A0A800705F72657400000062636E5F6C695F6266
:10A0B800636E000062636E5F6C695F6474696D0053
:10A0C8006173736F635F6C697374656E0000000081
:10A0D8006273736366673A7375705F7770610000C7
:10A0E8006273736366673A7375705F777061325F26
:10A0F80065617076657200006273736366673A73B0
:10A1080075705F7770615F746D6F00007361655F74
:10A1180070617373776F7264000000006D66700081
:10A128006A6F696E000000006273736366673A7352
:10A13800736964006273736366673A777365630073
:10A148006273736366673A7770615F6175746800FC
:10A158007361655F6D61785F7077655F6C6F6F7055
:10A168000000000032675F6D7261746500000000D6
:10A17800627373005B43595734335D2073656E64B3
:10A188005F65746865726E6574206661696C656484
:10A198003A2025640A0000005069636F57000000E8
:10A1A8005B252038645D204153594E4328253034BF
:10A1B800782C000025730000257500002C25752CCF
:10A1C80025752C2575290A005345545F5353494476
:10A1D800000000004A4F494E000000004155544815
:10A1E800000000004445415554485F494E44000072
:10A1F8004153534F430000004449534153534F4385
:10A20800000000004449534153534F435F494E44B3
:10A21800000000004C494E4B0000000050534B5FBB
:10A2280053555000455343414E5F524553554C5486
:10A23800000000004353415F434F4D504C45544587
:10A248005F494E44000000004153534F435F52455D
:10A25800515F4945000000004153534F435F524549
:10A2680053505F49450000004E6F2050494F2073FE
:10A2780074617465206D616368696E6573206172CD
:10A288006520617661696C61626C65004E6F20447F
:10A298004D41206368616E6E656C73206172652044
:10A2A800617661696C61626C650000006173796E4A
:10A2B800635F636F6E746578745F706F6C6C206336
:10A2C8006F6E7465787420636865636B2066616976
:10A2D8006C65642028495251206F722077726F6E26
:10A2E8006720636F726529006D7174745F636C6FAA
:10A2F80073653A20636C69656E7420213D204E5564
:10A308004C4C00006D7174745F6379636C69635FB2
:10A3180074696D65723A20636C69656E7420213DBD
:10A32800204E554C4C0000006D7174745F6F75744D
:10A338007075745F73656E643A207470636220216F
:10A348003D204E554C4C00006D7174745F72696EFF
:10A35800676275665F616476616E63655F67657481
:10A368005F6964783A206C656E203C204D515454E6
:10A378005F4F55545055545F52494E474255465FBA
:10A3880053495A450000000066697865645F68644F
:10A39800725F6C656E203C3D20636C69656E742D40
:10A3A8003E6D73675F6964780000000062756666D9
:10A3B8006572206C656E677468206D69736D617471
:10A3C800636800006D7174745F7463705F726563B5
:10A3D800765F63623A20636C69656E7420213D2064
:10A3E8004E554C4C000000006D7174745F746370BE
:10A3F8005F726563765F63623A20636C69656E7449
:10A408002D3E636F6E6E203D3D207063620000003C
:10A418006D7174745F7463705F6572725F63623AC2
:10A4280020636C69656E7420213D204E554C4C00AC
:10A438006D7174745F7075626C6973683A20636CCF
:10A4480069656E7420213D204E554C4C000000007B
:10A458006D7174745F7075626C6973683A20746F9B
:10A4680070696320213D204E554C4C006D71747409
:10A478005F7075626C6973683A2054435020646950
:10A4880073636F6E6E656374656400006D717474D8
:10A498005F7075626C6973683A20746F70696320C5
:10A4A8006C656E677468206F766572666C6F77008E
:10A4B8006D7174745F7075626C6973683A20746F3B
:10A4C80074616C206C656E677468206F766572665F
:10A4D8006C6F77006D7174745F617070656E645F26
:10A4E800726571756573743A2074696D655F62652C
:10A4F800666F7265203C3D204D5154545F52455162
:10A508005F54494D454F5554000000006D717474F7
:10A518005F636C69656E745F636F6E6E6563743AD2
:10A5280020636C69656E7420213D204E554C4C00AB
:10A538006D7174745F636C69656E745F636F6E6E62
:10A548006563743A2069705F6164647220213D20FC
:10A558004E554C4C000000006D7174745F636C695B
:10A56800656E745F636F6E6E6563743A20636C69C1
:10A57800656E745F696E666F20213D204E554C4CA8
:10A58800000000006D7174745F636C69656E745FC0
:10A59800636F6E6E6563743A20636C69656E745F91
:10A5A800696E666F2D3E636C69656E745F696420C1
:10A5B800213D204E554C4C006D7174745F636C697D
:10A5C800656E745F636F6E6E6563743A20636C6961
:10A5D800656E745F696E666F2D3E77696C6C5F742B
:10A5E8006F706963206C656E677468206F7665723A
:10A5F800666C6F77000000006D7174745F636C693E
:10A60800656E745F636F6E6E6563743A20636C6920
:10A61800656E745F696E666F2D3E77696C6C5F74EA
:10A628006F706963206C656E677468206D757374EC
:10A63800206265203E2030006D7174745F636C6920
:10A64800656E745F636F6E6E6563743A20636C69E0
:10A65800656E745F696E666F2D3E77696C6C5F6DB1
:10A668007367206C656E677468206F766572666CB8
:10A678006F7700006D7174745F636C69656E745FE9
:10A68800636F6E6E6563743A20636C69656E745FA0
:10A69800696E666F2D3E636C69656E745F75736570
:10A6A80072206C656E677468206F766572666C6F71
:10A6B800770000006D7174745F636C69656E745F18
:10A6C800636F6E6E6563743A20636C69656E745F60
:10A6D800696E666F2D3E636C69656E745F75736530
:10A6E80072206C656E677468206D7573742062657E
:10A6F800203E2030000000006D7174745F636C6947
:10A70800656E745F636F6E6E6563743A2072656D13
:10A7180061696E696E675F6C656E677468206F76D5
:10A728006572666C6F7700006D7174745F636C6935
:10A73800656E745F636F6E6E6563743A20636C69EF
:10A74800656E745F696E666F2D3E636C69656E74C5
:10A758005F70617373206C656E677468206F7665CF
:10A7680072666C6F770000006D7174745F636C695A
:10A77800656E745F636F6E6E6563743A20636C69AF
:10A78800656E745F696E666F2D3E636C69656E7485
:10A798005F70617373206C656E677468206D757384
:10A7A80074206265203E2030000000006D717474D2
:10A7B8005F636C69656E745F636F6E6E6563743A30
:10A7C80020636C69656E745F696E666F2D3E636C9D
:10A7D80069656E745F6964206C656E677468206F64
:10A7E800766572666C6F77006D7174745F646973F7
:10A7F800636F6E6E6563743A20636C69656E74206E
:10A80800213D204E554C4C0008005250920000004B
:10A81800FFFFFFFFFFFFFF7F06005250D3F0754296
:10A828009C7B011006005250E182887FA47B0110B6
:10A8380006005250ABB36053B47B0110060052506F
:10A84800BBFF3CB6BC7B011006005250861C0302BD
:10A85800C47B0110060052505422A29DD07B0110E7
:10A8680005005250DE65F468C84605100000000077
:10A87800000000000000F03F00000000000024403D
:10A8880000000000000059400000000000408F4018
:10A89800000000000088C34000000000006AF84083
:10A8A8000000000080842E4100000000D0126341A7
:10A8B8000000000084D797410000000065CDCD411D
:10A8C8000D0A000000000000954000100000000084
:10A8D80099400010A5400010D1400010CD40001054
:10A8E800000000000A00000000000306A60008009F
:10A8F800020002009C001400030057494E555342C1
:10A9080000000000000000000000800004000100BA
:10A91800280044006500760069006300650049006E
:10A928006E007400650072006600610063006500D7
:10A93800470055004900440000004E007B006200BB
:10A9480063003700330039003800630031002D0000
:10A9580037003300630064002D0034006300620098
:10A9680037002D0039003800620038002D0039000A
:10A978003100330061003800660063006100370071
:10A988006200660036007D0000000000050F21000F
:10A99800011C100500DF60DDD88945C74C9CD265D5
:10A9A8009D9E648A9F00000306A600010000000027
:10A9B8000600525053B4F4A1F47B011000000000CB
:10A9C800087C0110187C0110C0C60020207C0110F2
:10A9D8002C7C011009025400030100807D080B0043
:10A9E800020202000009040000010202000405241A
:10A9F80000200105240100010424020605240600A4
:10AA0800010705810308001009040100020A00007B
:10AA18000007050202400000070582024000000905
:10AA280004020000FF00010512011002EF020140BC
:10AA38008A2E090000010102030100000000000045
:10AA4800ED5900105D5A0010895A0010D55A0010AF
:10AA5800915B0010515C0010000000000000000035
:10AA68004D5D0010A95D0010C55D0010E95D001086
:10AA780029410010ED5E00100000000050AB0110ED
:10AA880040AB011030AB011020AB011010AB01102E
:10AA980000AB0110F0AA0110E0AA0110D0AA011021
:10AAA800C0AA0110B0AA0110DC7E011060021800D3
:10AAB800484500205C870020E87E01101000100047
:10AAC8004C7E002058870020F87E011010001000EE
:10AAD8006880002068870020047F011018000F009C
:10AAE800DC43002054870020107F0110200005005F
:10AAF800C47F0020648700201C7F01102C00050003
:10AB0800FC42002050870020287F0110140010000C
:10AB18008885002074870020307F01101C00080001
:10AB28006C81002070870020407F0110A400050080
:10AB3800508200206C870020487F0110200004000C
:10AB4800CC86002078870020507F01101C0004006C
:10AB5800507F002060870020458C0010818C0010F9
:10AB6800A98900107D89001049890010658C0010A2
:10AB7800CD8900102589001001890010DD8800109A
:10AB8800998800107D880010618800105D8B001086
:10AB9800418B00103D8800102D8C00102D8B00106B
:10ABA800B58800101D880010F9870010118B00105F
:10ABB800CD8A0010DD87001088C6002080C60020DE
:10ABC8007CC6002090C6002003060C183060780070
:10ABD8000102030405060707070707070700000027
:10ABE800FA00000015A10010E8030000F9030110A5
:10ABF800E80300004DF7001060EA0000F9ED0010CE
:10AC0800F4010000DDEF0010E80300006970001097
:10AC1800FFFFFFFF00000000000000000000000030
:10AC2800FFFFFFFFFFFF000038AC011006FF010027
:10AC38000160401080E042B0014084100000000034
:10AC48006514000091130000911300009113000097
:10AC5800911300009113000091130000911300005C
:10AC6800911300009113000091130000911300004C
:10AC7800911300009113000091130000911300003C
:10AC8800911300009113000091130000911300002C
:10AC9800911300009113000091130000911300001C
:10ACA800911300009113000091130000911300000C
:10ACB8009113000091130000911300000048004711
:10ACC8006514000000000000000000000000000003
:10ACD800000000000000000000000000000000006C
:10ACE800000000000000000000000000000000005C
:10ACF800000000000000000000000000000000004C
:10AD0800000000000000000000000000000000003B
:10AD1800000000000000000000000000000000002B
:10AD280000000000000000000000000044425050F5
:10AD3800186001000000000000000000C51B0000B2
:10AD4800C51B0000C51B0000C51B0000C51B00007B
:10AD5800C51B0000C51B0000D9130000D513000057
:10AD680015140000DD3D0000793900003B33000078
:10AD7800D93D0000C9350000B13900001D3E000072
:10AD88004FD50100D93A0000133400007F34000089
:10AD9800893E00008B3E0000FB380000AD3D0000FE
:10ADA8004DD50100C51B0000C51B0000C51B0000D8
:10ADB800C51B0000C51B0000C51B0000C51B00000B
:10ADC800C51B0000C51B0000C51B0000C51B0000FB
:10ADD800C51B0000C51B0000C51B00009FDC000050
:10ADE800C51B0000C51B0000C51B0000C51B0000DB
:10ADF800C51B0000C51B0000C51B0000C51B0000CB
:10AE0800C51B0000C51B0000C51B0000C51B0000BA
:10AE1800C51B0000C51B000047FC0000C51B000047
:10AE2800A3FD0000C51B0000C51B00009FFD00001E
:10AE38002BFC0000C51B0000C51B0000C51B000043
:10AE4800772E01005B3301001B3501006F340100D0
:10AE5800DF3301001F320100C51B0000C51B0000C5
:10AE6800C51B0000BD350100C51B0000C51B000047
:10AE7800C51B0000C51B0000C51B0000C51B00004A
:10AE8800C51B0000C51B0000C51B0000C51B00003A
:10AE9800C51B0000C51B0000C51B0000C51B00002A
:10AEA800C51B0000C51B0000C51B0000C51B00001A
:10AEB800C51B0000C51B0000C51B0000C51B00000A
:10AEC800C51B0000C51B0000C51B0000C51B0000FA
:10AED800C51B0000C51B0000C51B0000C51B0000EA
:10AEE800C51B0000C51B0000C51B0000C51B0000DA
:10AEF800C51B0000C51B0000791600008116000064
:10AF0800191F0000352E0000892E0000ED3F0000BB
:10AF1800F93F000069510000D1B10000B9DC000020
:10AF2800B1FB0000C1350100691600008D16000054
:10AF38009D1700009D180000E51B0000851C0000FF
:10AF4800F51C0000791D0000251F0000A12E00003F
:10AF5800953F00000540000005490000474C0000EF
:10AF68009D4D0000A54D0000A94D0000C51B000027
:10AF7800C54D0000FD4D0000054E00005B4E000071
:10AF88005F4E00006D4E0000956C0000C51B000070
:10AF980085510000C51B0000056D00003D940000B0
:10AFA80081A2000059A30000C9A30000C5CA00007F
:10AFB800E5CA0000E1CE0000C1DC0000D1DC0000E1
:10AFC8002FE2000049E4000091E8000083FB000044
:10AFD80089FB00001D1701000100000000000008A7
:10AFE800200000000002000004000000FF03000031
:10AFF8005000000001000000010000000A070801DD
:10B00800000000000800000001040000010000002A
:10B018000400040008000100000000000000000017
:10B028000000000000000000000000000000000018
:10B038000000000000000000000000000000000008
:10B0480000000000000000000000000000000000F8
:10B0580000000000000000000000000000000000E8
:10B0680000000000000000000000000000000000D8
:10B0780000000000000000000000000000000000C8
:10B0880000000000000000000000000000000000B8
:10B0980000000000000000000000000000000000A8
:10B0A8000000000000000000000000000000000098
:10B0B8000000000000000000000000000000000088
:10B0C8000000000000000000000000000000000078
:10B0D8000000000000000000000000000000000068
:10B0E8000000000000000000000000000000000058
:10B0F8000000000000000000000000000000000048
:10B108000000000000000000000000000000000037
:10B118000000000000000000000000000000000027
:10B128000000000000000000000000000000000017
:10B138000000000000000000000000000000000007
:10B1480000000000000000000000000000000000F7
:10B1580000000000000000000000000000000000E7
:10B1680000000000000000000000000000000000D7
:10B1780000000000000000000000000000000000C7
:10B1880000000000000000000000000000000000B7
:10B1980000000000000000000000000000000000A7
:10B1A8000000000000000000000000000000000097
:10B1B8000000000000000000000000000000000087
:10B1C8000000000000000000000000000000000077
:10B1D8000000000000000000000000000000000067
:10B1E8000000000000000000000000000000000057
:10B1F8000000000000000000000000000000000047
:10B208000000000000000000000000000000000036
:10B218000000000000000000000000000000000026
:10B228000000000000000000000000000000000016
:10B238000000000000000000000000000000000006
:10B2480000000000000000000000000000000000F6
:10B2580000000000000000000000000000000000E6
:10B2680000000000000000000000000000000000D6
:10B2780000000000000000000000000000000000C6
:10B2880000000000000000000000000000000000B6
:10B2980000000000000000000000000000000000A6
:10B2A8000000000000000000000000000000000096
:10B2B8000000000000000000000000000000000086
:10B2C8000000000000000000000000000000000076
:10B2D8000000000000000000000000000000000066
:10B2E8000000000000000000000000000000000056
:10B2F8000000000000000000000000000000000046
:10B308000000000000000000000000000000000035
:10B318000000000000000000000000000000000025
:10B328000000000000000000000000000000000015
:10B338000000000000000000000000000000000005
:10B3480000000000000000000000000000000000F5
:10B3580000000000000000000000000000000000E5
:10B3680000000000000000000000000000000000D5
:10B3780000000000000000000000000000000000C5
:10B3880000000000000000000000000000000000B5
:10B3980000000000000000000000000000000000A5
:10B3A8000000000000000000000000000000000095
:10B3B8000000000000000000000000000000000085
:10B3C8000000000000000000000000000000000075
:10B3D8000000000000000000000000000000000065
:10B3E8000000000000000000000000000000000055
:10B3F8000000000000000000000000000000000045
:10B408000000000000000000000000000000000034
:10B418000000000000000000000000000000000024
:10B428000000000000000000000000000000000014
:10B4380000000000000000000000000000F459B205
:10B4480000000000FFF75E9F0000000000F463B1F9
:10B4580000000000FFF7419D00000000FFF76D9C11
:10B4680000000000F3F7AE9800000000E9F7679EBF
:10B4780000000000E5F7989D00000000E4F7829FB7
:10B4880000000000D3F77C9B00000000CFF7EC9988
:10B4980000000000C9F7D89E00000000C8F75A9FB6
:10B4A80000000000C8F7B49C00000000C2F7549FD9
:10B4B80000000000C0F7449C00000000C0F7329A6A
:10B4C80000000000BFF78C9D00000000BFF7569FEA
:10B4D80000000000C2F71E9D00000000E1F7C29CBA
:10B4E80000000000BFF7049800000000BEF7A69E09
:10B4F80000000000BDF77C9F00000000BBF76D9CBA
:10B5080000000000A2F73E9D00000000B7F7E29A95
:10B5180000000000DDF7329B00000000B9F7889EAC
:10B5280000000000B2F7669B00000000B2F7F69A30
:10B5380000000000B2F77C9900000000B1F7869A7D
:10B5480000000000DAF7669C00000000B0F76E9E6D
:10B5580000000000C1F7FE9A00000000AEF73B9B18
:10B5680000000000A0F7F69D00000000A0F7169C60
:10B5780000000000ABF7F09E00000000A2F7E09C7E
:10B5880000000000A2F7DE9A00000000A0F7FB9878
:10B59800000000009FF7AE9F000000009EF7B699DC
:10B5A800000000009DF77C9D000000009BF7329D85
:10B5B800000000009AF7F89F00000000A0F7E09E46
:10B5C80000000000A0F70F9F0000000099F7DE9A26
:10B5D80000000000A0F7939C00000000D7F7289F08
:10B5E80000000000D7F71C9A00000000D7F7169C4F
:10B5F80000000000D9F78A9C0000000093F7709AB9
:10B608000000000093F776990000000093F7CD9DA5
:10B618000000000093F77D9B0000000093F7B89AA4
:10B628000000000092F7649F0000000092F7029D5E
:10B638000000000092F7D29A0000000092F70099EB
:10B648000000000092F714980000000092F7129B87
:10B65800000000008FF7249900000000D7F7449BF2
:10B6680000000000D7F7129B00000000D6F7989E54
:10B67800000000008CF7539C000000008CF7939D9D
:10B68800000000008BF74B9F000000008CF78E999C
:10B698000000000089F7749E000000000000000010
:10B6A8000000000000000000000000000000000092
:10B6B8000000000000000000000000000000000082
:10B6C8000000000000000000000000000000000072
:10B6D8000000000000000000000000000000000062
:10B6E8000000000000000000000000000000000052
:10B6F8000000000000000000000000000000000042
:10B708000000000000000000000000000000000031
:10B718000000000000000000000000000000000021
:10B728000000000000000000000000000000000011
:10B738000000000000000000000000000000000001
:10B7480000000000000000000000000000000000F1
:10B7580000000000000000000000000000000000E1
:10B7680000000000000000000000000000000000D1
:10B7780000000000000000000000000000000000C1
:10B7880000000000000000000000000000000000B1
:10B7980000000000000000000000000000000000A1
:10B7A8000000000000000000000000000000000091
:10B7B8000000000000000000000000000000000081
:10B7C8000000000000000000000000000000000071
:10B7D8000000000000000000000000000000000061
:10B7E8000000000000000000000000000000000051
:10B7F8000000000000000000000000000000000041
:10B808000000000000000000000000000000000030
:10B818000000000000000000000000000000000020
:10B828000000000000000000000000000000000010
:10B838000000000000000000000000000000000000
:10B8480000000000000000000000000000000000F0
:10B8580000000000000000000000000000000000E0
:10B8680000000000000000000000000000000000D0
:10B8780000000000000000000000000000000000C0
:10B8880000000000000000000000000000000000B0
:10B8980000000000000000000000000000000000A0
:10B8A8000000000000000000000000000000000090
:10B8B8000000000000000000000000000000000080
:10B8C8000000000000000000000000000000000070
:10B8D8000000000000000000000000000000000060
:10B8E8000000000000000000000000000000000050
:10B8F8000000000000000000000000000000000040
:10B90800000000000000000000000000000000002F
:10B91800000000000000000000000000000000001F
:10B92800000000000000000000000000000000000F
:10B9380000000000000000000000000000000000FF
:10B9480000000000000000000000000000000000EF
:10B9580000000000000000000000000000000000DF
:10B9680000000000000000000000000000000000CF
:10B9780000000000000000000000000000000000BF
:10B9880000000000000000000000000000000000AF
:10B99800000000000000000000000000000000009F
:10B9A800000000000000000000000000000000008F
:10B9B800000000000000000000000000000000007F
:10B9C800000000000000000000000000000000006F
:10B9D800000000000000000000000000000000005F
:10B9E800000000000000000000000000000000004F
:10B9F800000000000000000000000000000000003F
:10BA0800000000000000000000000000000000002E
:10BA1800000000000000000000000000000000001E
:10BA2800000000000000000000000000000000000E
:10BA380000000000000000000000000000000000FE
:10BA480000000000000000000000000000000000EE
:10BA580000000000000000000000000000000000DE
:10BA680000000000000000000000000000000000CE
:10BA780000000000000000000000000000000000BE
:10BA880000000000000000000000000000000000AE
:10BA9800000000000000000000000000000000009E
:10BAA800000000000000000000000000000000008E
:10BAB800000000000000000000000000000000007E
:10BAC800000000000000000000000000000000006E
:10BAD800000000000000000000000000000000005E
:10BAE800000000000000000000000000000000004E
:10BAF800000000000000000000000000000000003E
:10BB0800000000000000000000000000000000002D
:10BB1800000000000000000000000000000000001D
:10BB2800000000000000000000000000000000000D
:10BB380000000000000000000000000000000000FD
:10BB480000000000000000000000000000000000ED
:10BB580000000000000000000000000000000000DD
:10BB680000000000000000000000000000000000CD
:10BB780000000000000000000000000000000000BD
:10BB880000000000000000000000000000000000AD
:10BB9800000000000000000000000000000000009D
:10BBA800000000000000000000000000000000008D
:10BBB800000000000000000000000000000000007D
:10BBC800000000000000000000000000000000006D
:10BBD800000000000000000000000000000000005D
:10BBE800000000000000000000000000000000004D
:10BBF800000000000000000000000000000000003D
:10BC0800000000000000000000000000000000002C
:10BC1800000000000000000000000000000000001C
:10BC2800000000000000000000000000000000000C
:10BC3800000000000000000000000000D41B80008D
:10BC48000400000000080000B42280000400000086
:10BC58000808000078238000040000001008000095
:10BC6800C427800004000000180800003028800065
:10BC78000400000020080000D8178100040000001C
:10BC88002808000000D081000400000030080000EF
:10BC98001C148200040000003808000028388200C4
:10BCA80004000000400800006C66830004000000E7
:10BCB80048080000ACAD83000400000050080000F4
:10BCC8000808840004000000580800001C1A8400BA
:10BCD80004000000600800009822840004000000AE
:10BCE800680800002C8A8400040000007008000026
:10BCF800D8BE84000400000078080000C0BF84009B
:10BD0800040000008008000010C384000400000044
:10BD18008808000078C9840004000000900800002A
:10BD28002C91840004000000980800000C4C82004C
:10BD380004000000A0080000FCD9840004000000F2
:10BD4800A808000084E3840004000000B008000094
:10BD580018EC840004000000B80800000C198500E5
:10BD680004000000C008000084C086000400000031
:10BD7800C80800004466850004000000D0080000E0
:10BD880010A2820004000000D8080000003B8500D3
:10BD980004000000E008000084B6850004000000EC
:10BDA800E8080000E8B6850004000000F00800007C
:10BDB800CCBA850004000000F8080000F8C8850027
:10BDC8000400000000090000B0BE8200040000006A
:10BDD80008090000ACD48500040000001009000028
:10BDE800E09B84000400000018090000B8FB8500EF
:10BDF800040000002009000038E386000400000069
:10BE0800280900006CEA86000400000030090000E0
:10BE1800282586000400000038090000F0C08600CC
:10BE280004000000400900003CC386000400000034
:10BE38004809000018F986000400000050090000B5
:10BE480064FA8600040000005809000044098700CD
:10BE580004000000600900001013870004000000BF
:10BE68006809000010338700040000007009000012
:10BE78005C3B87000400000078090000A0D9860018
:10BE8800040000008009000058DA86000400000061
:10BE980088090000B86087000400000090090000CD
:10BEA80018E086000400000098090000ACE4820055
:10BEB80004000000A009000058EF82000400000000
:10BEC800A8090000E4F1820004000000B0090000A5
:10BED800C0F2820004000000B8090000D4D1870035
:10BEE80004000000C0090000D4D48700040000004A
:10BEF800C8090000BCD6870004000000D009000073
:10BF0800F4D9870004000000D8090000C0DA8700CF
:10BF180004000000E0090000DCDC870004000000E9
:10BF2800E8090000F8DC870004000000F0090000C0
:10BF380088DD870004000000F80900007CE2870023
:10BF480004000000000A0000CCE3870004000000A1
:10BF5800080A0000F4E5870004000000100A000049
:10BF68009026880004000000180A0000A40B830033
:10BF780004000000200A00007C0E8300040000007A
:10BF8800280A00000819830004000000300A000095
:10BF98005058880004000000380A00002059880022
:10BFA80004000000400A0000D46288000400000079
:10BFB800480A00008469880004000000500A000054
:10BFC800DC98880004000000580A0000684683696D
:10BFD80041690BB503695A4651460EB44A46414673
:10BFE80006B4C36882684168FEB40368C269EFF3A7
:10BFF80003810EB48269EFF3058106B40348016832
:10C008000029FED06846884714B000BD3C140000E3
:10C0180062B6704772B6704704490840002803D0DA
:10C0280003490A6802430A6070470000FFFF0000E6
:10C0380000E100E004490840002804D003490A68E8
:10C04800C04302400A607047FFFF000080E100E043
:10C05800024909689022885870470000441400007B
:10C06800024909689C228850704700004414000067
:10C07800DDBAADBB000000000000000000000000B9
:10C0880000000000000000000000000000000000A8
:10C09800024A11681060081C704700003C14000038
:10C0A8005648574900220A500168564A0A40564FD6
:10C0B8000F403F4206D15046004202D0404600425F
:10C0C80029D1FEE7FC2141580A680F2313400F2BA2
:10C0D800F1D0012B01D00431F6E708314B4B134066
:10C0E8004B4CA34206D100F0C1F8804600F0CAF8D4
:10C0F8008146E9E7474CA342E6D10B1F1B68464C33
:10C1080023401824E3409C4600F0B0F8824600F033
:10C11800B9F88346D8E7414921224250374A404975
:10C128008958FF23194219D051683E4B194215D03E
:10C138001168344B1940D36A10E0A3420ED0C046B0
:10C148000CE039498958194208D0384989581940AA
:10C158009942FAD1364B11691942FCD049463F42FF
:10C1680004D19823CB581024E34001E0314BCB583D
:10C178001C242340002B01D000F092F840462E49A1
:10C18800086048462D49086050462D4908606046B9
:10C198002C4908602C490F602C4D2D490D602D4805
:10C1A8002D49002204C08142FCD8043DAD46009DC3
:10C1B800EC431023DD41AC4210D1240CA400274DE0
:10C1C8002C606B461B1B2648264D2860002C05D08A
:10C1D8001D68056004330430043CF9DC81B0224B4F
:10C1E8001B490D68ED1A0D606C46E41AA5466846B1
:10C1F80000090001854600F0D7FCFEE700000018A2
:10C2080014060000FFFF0000000000F000FF0F0010
:10C21800002A0800000E0800000000FFE0010000EE
:10C228000406000000003800180600000C06000094
:10C238000010000008040000441400004814000026
:10C248004C140000501400004014000000000800C6
:10C25800945C0100BC5F01009C6601009C5C0100CD
:10C268008C750200985C01000000010008680F222C
:10C2780004310240052AF9D1014A1040F74600006E
:10C2880000F0FFFF08680F2204310240052AF9D1A7
:10C2980080221042F6D0014A1040F74600F0FFFF16
:10C2A800FEE7000000487047BC5F01000048704787
:10C2B800FC5F01000048704760600100004870475B
:10C2C8000860010003F04ABA01238B402DE9F74FBB
:10C2D800B3F5001F28BF4FF40013042B38BF042305
:10C2E8000330019320F00304FFF7E0FF354B0022F1
:10C2F800D3F800B015469446134627E0D1F800A0BD
:10C30800A24522D301F10807019E07EB0A08C6F1EE
:10C318000009C4EB080609EA0606BE4215D3DDF893
:10C32800049009F1FF3919EA070FCDF8009002D0FF
:10C33800F71B072F09D9C4EB0A075F4505D2424608
:10C3480035466FB1BB4684460B460846416800290E
:10C35800D4D13BB91C4A18461168013111602FE04D
:10C3680084460B46521B111B072909D918682A193C
:10C37800401A083918602951596851605A60224694
:10C388001968891A072903D85A68CCF8042004E0E8
:10C398005A50A1F108021A605B180C48002219686B
:10C3A8005A6002688A180260094801680831016009
:10C3B8008918084A1068814288BF116003F1080093
:10C3C800BDE8FE8FF4030000F00300001404000031
:10C3D800480400000460010038B5194B50F8082CD7
:10C3E800196805468A1A1A60164BA0F108041A68DB
:10C3F800083A1A60FFF75AFF02E0A34203D2184630
:10C408004368002BF9D155F8082CA9188B4205D19F
:10C4180019685B685218083245F8082C636003688D
:10C4280003F108028218A24207D155F8082C9B187C
:10C43800083303606368436000E04460002038BD4F
:10C44800140400004804000010B5002140220446EE
:10C4580005F04ADC104B2360104B6360104BA3605F
:10C46800104BE360104B2361104B6361104BA361C9
:10C47800104BE361104B2362104B6362104BA362B5
:10C48800104BE362104B2363104B6363104BA363A1
:10C49800104BE36310BD00BF00000000F837010037
:10C4A800F8370100915C0100945C0100BC5F010059
:10C4B800BC5F01009C6601009C660100FCB602009E
:10C4C800FCB602008C6A0300FC00000000010000BA
:10C4D8000000000000000000F0B52D4D91B0684646
:10C4E800FFF7B2FF2978002937D10898099C241A48
:10C4F80006D0224605F0F8DB0898214609F06EDDE3
:10C5080022462449244805F015DC244B00241C70DD
:10C5180001232B70224D09F091DC2B68002B33D0BE
:10C528001A78002A30D09F895E890CE02B681D4A52
:10C53800D98910680AF076DC0134014630B1184B0D
:10C54800186806F0B1DBA319BB42EFDB164B29686C
:10C558001868012206F0ECDB16E0144E317899B920
:10C568000A980B9C241A06D0224605F0BDDB0A98CF
:10C57800214609F033DD08480D49224605F0DADB8B
:10C5880000232B700123337009F058DC11B0F0BD83
:10C59800FC0300009AFB8800553901001460010073
:10C5A80044040000900400002C0400006C600100AA
:10C5B800521E8900014B1868704700BF945C010047
:10C5C800002070472DE9F04F9DB00AA8FFF73CFF07
:10C5D800FFF7F0FF0446FFF7F3FF0A9B0B9A0F994A
:10C5E800D21A0E9B0D9DC3EB01091199109B6E4E3B
:10C5F800CB1A0C99DFF80082C1EB050B9344326823
:10C60800D8F8001002F50052521A4A44D2185A4477
:10C61800141924180994DFF8E4A1644C644F2268C3
:10C62800DAF800506348AD183A680893C5EB020C75
:10C63800CDF81CC005F07EDB089B09F57E710193DF
:10C6480003F57E7307339B0A07310BF57E72890A5F
:10C65800073202930823920A0091039359464B46E6
:10C66800554805F067DB336820683968DDF81CC079
:10C678000190039300F57E7003F57E730CF57E76CA
:10C6880001F57E7207300733800A9B0A07320736A6
:10C69800B60A920A0290049348486346009605F049
:10C6A80049DB099905F57E7201F57E7307339B0A0C
:10C6B8000732920A00932946099B414805F03ADB64
:10C6C800404B414F1968414805F034DB3968404B0D
:10C6D8000A6846469A4203D03E4805F02BDB25E01F
:10C6E8001A910B4604E015683948131D854203D199
:10C6F8001A461BAB9A42F6D333681AAD00933648F4
:10C708002B461A9205F016DB3B681A9AE91A334849
:10C71800D31A0A46009305F00DDB33681A9A591BA1
:10C728002F489B1A0A46009305F004DB2D4B1B6823
:10C738004BB31A783AB35989DD891A8901FB05F692
:10C7480038354D4306F57E7307339B128DE8280074
:10C7580005F57E7307339B1202932348334605F091
:10C76800E9DA2368DAF80020991B9B185B1B03F5AC
:10C778007E7001F57E720730800A07320090920AB7
:10C788001A4805F0D7DA1A4B1D6809F081DD04460E
:10C7980009F078DD294603462246164805F0CADA2C
:10C7A8001DB0BDE8F08F00BF046001001404000054
:10C7B800F40300008839010097390100D6390100D7
:10C7C8001B3A0100F003000068600100563A0100BE
:10C7D8004B415453713A0100953A0100CC3A01009B
:10C7E800F13A010044040000173B0100443B0100FA
:10C7F800040400006C3B01001060010048040000C4
:10C8080008B57146034805F095DA0120BDE80840EF
:10C8180009F0249E9A3B0100004870471860010007
:10C828002DE9F34107460C4609F032DD10B909F04D
:10C8380035DD3AE0002620460DF106016A46ADF8DE
:10C848000660009607F103080AF072D9009D28F0E7
:10C858000308454440F638039D4226D82DB32846A0
:10C868003146FFF731FD0446F8B13146009A05F02C
:10C878003BDA009BA781ED1AE218C8EB050802EB2A
:10C888000803A3606368013D62F3140363601B0C33
:10C8980065F34F13E380204609F0DEDC0123208096
:10C8A800A370BDF80630E38104E0044B00241A6845
:10C8B80001321A602046BDE8FC8100BF4C0400002C
:10C8C80038B50446E389590621D4A278013AD2B290
:10C8D800A270002A27D1E27862B1134B204653F8A0
:10C8E8002250E9890AF0D4D928462146BDE83840C3
:10C8F80006F0509ADA0516D40C4B2046A36021881E
:10C9080009F0D4DC2046BDE83840FFF765BD074B89
:10C918002046A3602188A56B09F0C8DC2046FFF7F4
:10C928005BFD2C46CEE738BD50610100EFBEADDEA1
:10C93800F8B51F4E01220D463068002102F0AAFF0B
:10C94800002108220746306802F0A4FF022D0146A4
:10C9580010D107EA000414F4806406D0306821F48A
:10C968008061002202F096FF2C46FA041ED544F09E
:10C9780004041BE0052D10D107F40064D4F1010470
:10C9880038BF0024BB0511D5306841F4806100220E
:10C9980002F080FF44F0200408E035B930682946E9
:10C9A8000522BDE8F84002F075BF00242046F8BD16
:10C9B8000004000029B9034B11461868072202F049
:10C9C80069BF7047000400002DE9FF470446FFF7E0
:10C9D80023FF2368C462032B03D1474B18680FF069
:10C9E800EFD92368A3F110020F2A04D804B0BDE8D8
:10C9F800F04709F0CF9B032B0FD1404AE36C22F09C
:10CA08000102934209D1626C06339361636C4FF063
:10CA1800FF321A6004B0BDE8F087656CFFF7CAFD05
:10CA2800374E636CF169C3EB000A3268354805F08C
:10CA380081D9A36C21680093636C22460193A36893
:10CA480031480293E36800270393E36C05F072D939
:10CA5800E36904F110010093236A2C480193636A87
:10CA68004FEA9A0A0293A36AB94603930EC905F0DE
:10CA780061D9A36B04F12C010093E36B2448019363
:10CA8800236CB84602930EC905F054D9EB682148C7
:10CA9800009395E80E0005F04DD9EB6905F11001FA
:10CAA80000931D480EC905F045D918E07A59D307F7
:10CAB8000FD5FF2A0DD9194B9A4204D902F16243C6
:10CAC800B3F5801F05D81648394605F033D909F162
:10CAD80001090437B9F10F0F08F1010801D8D04551
:10CAE800E4D13368002043F4806386E8180004B07A
:10CAF800BDE8F04709F0B29C00040000D1C08000F6
:10CB080070600100C63B0100DC3B0100113C0100E4
:10CB1800443C0100733C0100913C0100F8370100DE
:10CB2800AF3C0100036810B5022B044603D0084B44
:10CB380018680BF0BDDE2046FFF746FF2368022B7E
:10CB480005D0034B1868BDE810400BF0F19E10BDEE
:10CB580000040000014B1868704700BFB460010072
:10CB68002DE9F04104464C200E46154698460AF039
:10CB7800D1D80746A0B100214C2205F0B5D84FF412
:10CB8800F0637B634FF47A73FB631C233B640C23D1
:10CB98007B640423C7F80C803E607D60BC60BB6486
:10CBA8003846BDE8F081704710B515F04BFF15F019
:10CBB80059FF15F0B3F816F005F8044615F06CF8AF
:10CBC80020461BF0D9FCFFF787FC2046BDE8104043
:10CBD80009F0AE9A002301E0013340080028FBD198
:10CBE800C3F120007047C0177047431E23EA0000B6
:10CBF800FFF7F9BF4840FFF7F8BF22EA00020840F4
:10CC08001043704708B5FFF7F8FFC0B208BD2DE91B
:10CC1800F843DDF8208006460D461446994600275D
:10CC280007E0E95DE25D3046FFF7ECFF08F8070032
:10CC380001374F45F5D1BDE8F8830379013BDBB2F5
:10CC4800A3EB511300EB83008068D0F1010038BFDB
:10CC58000020704710F0010130B51AD002230122DC
:10CC6800591E01249DB214FA01F1202D02D09C40D6
:10CC7800013C01E04FF0FF3400FB02F52C40A142DB
:10CC880034BF891811460133212B0A46E8D10846DA
:10CC980030BD084630BD38B5054600F51770FEF3BF
:10CCA800BDF700240AE004F1760005EB8000436834
:10CCB80013B10430FFF304F70134A4B2B5F85831C6
:10CCC800A342F0D838BD2DE9F041061D9AB00446BC
:10CCD8000431304604321D46FEF384F60746002D23
:10CCE80030D0204601210AAA202305F10408FFF3C9
:10CCF800FDF647B920462946FFF368F60028D4BF59
:10CD08000020012000E001200021FFF773FF3146D9
:10CD1800054642463046FFF3FBF4012112AA2023C0
:10CD28002046FFF3E3F602AEE8B20AA912AA2023CE
:10CD38000096FFF76CFF63682046012132469B008E
:10CD480000F0AEDA1AB0BDE8F081F0B5071D9BB06F
:10CD580004460431384604321D46FFF3D9F406462A
:10CD680025B320230AAA01212046FFF3BFF6304647
:10CD78000021FFF73FFF2A1D064639463846FEF3D5
:10CD880031F6012112AA20232046FFF3AFF602ADA7
:10CD9800F0B20AA912AA20230095FFF738FF6368AA
:10CDA800204601212A469B0000F07ADA1BB0F0BD2C
:10CDB8002DE9F041B8B0154606468846FFF3C4F69B
:10CDC8006A68044602329300502B4FD8D8F80430D2
:10CDD80003339B00902B49D824A9FFF379F5074624
:10CDE800002844D06A6805F10801920026A804F0DA
:10CDF800F7DED8F80420204669460332FFF368F5C9
:10CE08000446002833D02846FFF3A2F66D686D016A
:10CE1800451B00E0203515F11F0FFBDB204641467E
:10CE2800FFF306F63DB13846294600F079DA204688
:10CE3800294600F075DA201D391DFFF39FF22046C0
:10CE48003946FFF3C3F5002805DB204621463A465C
:10CE58000023FFF77AFF1DB12046694200F060DA2F
:10CE680030462146FFF3E4F5012000E0002038B009
:10CE7800BDE8F08108B528B1FFF36AF6D0F10100EA
:10CE880038BF002008BD2DE9F0410446ACB00D467E
:10CE98001646FFF359F66B6862682B94B2EB430FA2
:10CEA80001D3201D08E001210022DB00FFF3CAF4B2
:10CEB8002B9000284ED00430291DFFF3DBF23046BA
:10CEC800FFF7D8FF0121FFF795FE20230BAA0121C8
:10CED80080462046FFF30AF62B981BAD201A18BF90
:10CEE80001200121FFF786FE2B9907462046FFF314
:10CEF8009FF5012113AA20232046FFF3F7F5F8B286
:10CF080013A90BAA20230095FFF781FE01212A46C9
:10CF180020232046FFF3EAF5324620462B99FFF7F7
:10CF280047FF0646B8B1012123AA20232046FFF374
:10CF3800DDF503AE5FFA88F023A92A462023009680
:10CF4800FFF765FE3246204601212023FFF3CEF588
:10CF5800012600E006462B9B9C4202D02BA8FFF33B
:10CF6800AFF530462CB0BDE8F0812DE9F74FD2F887
:10CF780004A007795FFA8AF991F80480144600F151
:10CF8800080609F1FF390D4630460021BA005FFA5C
:10CF980089F9083404F0A8DE013F08F1FF3104EBF9
:10CFA800890B6FEA0909C9B24FEA8909FFB2083546
:10CFB8004FEA880805EB8105CDF80490002306EBBD
:10CFC8008706C8F1000900211DE05FFA8AF84FEAD8
:10CFD80088085C46C8EB0608304600270DE03A464C
:10CFE800076854F804C90023D2196F5843F10003A5
:10CFF800E7FB0C2340F804291F464045EFD1019870
:10D0080004393350043E4945DFD10020BDE8FE8F86
:10D018002DE9F04FBDB088464699D0F80C900C1D0C
:10D028008568039400684C6808F10401049109F1CB
:10D03800040105910790114628461A460023FFF778
:10D0480094FF98F8042099F804302E79089200216A
:10D0580009F108009A000835069306F1FF3A04F032
:10D0680043DE039805EB8A0AA50040194FEAC40B72
:10D078000A90CBEB0A0B5146A4460020AE462BE0A3
:10D088000B68079A0A9F53430E46099325460020CA
:10D0980002910EE057F8043931680B9300234218C7
:10D0A8000B98099943F10003E1FB002346F8042992
:10D0B800184615F1FF35EDD20299A5004D1B07E082
:10D0C8001E680023821943F1000345F80429184615
:10D0D800AB452B46F4D304391CF1FF3CD0D2059A5A
:10D0E800069B754602EB8306CBF80000CEEB0A0AD6
:10D0F8002246002303E05AF80310F150043B013A9A
:10D10800971CF8D10021D9F80800FFF773FD05999D
:10D11800039A07460498FFF3FBF202212B46404688
:10D128000CAAFFF3E3F40498089900EB810303E0E9
:10D1380056F8042943F8042914F1FF34F8D20221DF
:10D148001CAA2B464046FFF3D1F42CACF8B21CA91C
:10D158000CAA2B460094FFF75AFD404602212246AE
:10D168002B4600F09DD800203DB0BDE8F08F2DE99A
:10D17800F04F04468BB0184609921F460891FFF3FA
:10D18800E3F47B6804F5AC7206929B00002200254C
:10D198000590A4F8582107932E4668E004EB860909
:10D1A800D9F80410002960D00698FFF3D7F080461C
:10D1B80000285AD101214246079B0598FFF342F304
:10D1C80005F1200A04EB8A0ACAF85C01D9F80400C0
:10D1D80004EB8503C3F85C01FFF7FCFCC0F11F00FA
:10D1E800C0B204900999DAF85C01FFF321F4C14652
:10D1F800DDF810A032E04FF0010B05F1200884F8AB
:10D2080060B204EB8808D8F85C1104F5177C604616
:10D218000A460B46CDF80CC00097FFF7F9FE049AB2
:10D22800DDF80CC053B2C9EB03030BFA03FB04EBA4
:10D2380086035B681BEA030F0AD0002384F8603278
:10D24800D8F85C116046089A0B460097FFF7E0FE95
:10D258000AF1FF3A5FFA8AFA09F101091AF0800F18
:10D26800C9D00135EDB2A4F858510136F6B294F898
:10D278004431B34292D801200BB0BDE8F08F2DE9BC
:10D28800F04F8346ADF52F7D18461C4689469246D9
:10D29800FFF35AF4676801258046BE000021242266
:10D2A800A1A804F021DD2946002233464046A19575
:10D2B800FFF3C8F2294600223346AB904046FFF3FD
:10D2C800C1F2294600223346AC904046FFF3BAF239
:10D2D80002217B198B40AD90A1AA4046FFF3B2F220
:10D2E800AA90AB9800F008D8267904F10805013E09
:10D2F800F6B255F8260010F0010000F09380494678
:10D30800AA9A2346AC98FFF32DF72346AB99AA9A1D
:10D31800AD98FFF327F755F82600FFF79BFC00218F
:10D3280005464FF41E7203A804F0DEDC05236A42AA
:10D3380021469AA88DF80C30FEF37CF4514603A8D8
:10D34800FEF3DEF3234603A8AC99AD9AFFF70FFF6F
:10D358009DF8507107F1FF381FFA88F80FFA88F323
:10D36800002B4FDB03A800EB8303596859A8FEF391
:10D37800BBF61F2846D803A901EB8003D3F8DC11BC
:10D38800AD98FFF355F3C8F1000800252DE0AD99DD
:10D3980001238DF86C329AA80A460B460094FFF7D1
:10D3A80037FEBB1E1BB203A8EA18C3185B1993F813
:10D3B8000431314601369942E9DB00EB82035968B2
:10D3C80091B1002359A88DF86C32FEF38DF61F2811
:10D3D80018D803A901EB8003AD990094D3F8DC2198
:10D3E8009AA80B46FFF714FE013D45454FF000068D
:10D3F800D7D19AA85946AD9AAB9B8DF86C62009428
:10D40800FFF706FE03A8FFF746FCACA8FFF358F3A6
:10D41800ADA8FFF355F3ABA8FFF352F3AAA8FFF3A7
:10D428004FF301200DF52F7DBDE8F08F2DE9F04F6A
:10D43800B3B0039018461C468A469346FFF384F31C
:10D44800D4F80490012509F10107BF0080464FEA8E
:10D45800890600213A4605A804F046DC2946002240
:10D46800334640460595FFF3EDF129460022334641
:10D478002E904046FFF3E6F12946002233462F90CE
:10D488004046FFF3DFF129460022334630904046FC
:10D49800FFF3D8F102213B46319005AA4046FFF33D
:10D4A800D1F12D902E98FFF327F7267904F108057E
:10D4B800013EF6B255F82600DAF8047010F00100C3
:10D4C80000F08B8051462D9A23462F98FFF34AF699
:10D4D8002E992D9A23463098FFF344F655F82600E6
:10D4E800FFF7B8FB7F014242214626A8FEF3A2F3CC
:10D4F800013F01E0A6F12007BEB258463146FFF7CA
:10D508009CFB0028F6D109F1FF393FB20BF1080A5C
:10D51800A9EB67175AF82700FFF75CFB361A3BE0C0
:10D52800309901250A460B4626A88DF89C50009490
:10D53800FFF76EFD294616AA20233098FFF3D6F28E
:10D5480030994FF000080B462F9A26A88DF89C803A
:10D558000094FFF75DFD1EAA294620233098FFF3AB
:10D56800C5F206F01F0015FA00F0A9EB67175AF884
:10D57800273041461840FFF73DFB0EAFC0B216A951
:10D588001EAA20230097FFF742FB309829463A4607
:10D598002023FFF385F6013EB6B237B2002FBFDA7B
:10D5A80000230399309A8DF89C3026A82E9B00946E
:10D5B800FFF72EFD26A8FEF331F32FA8FFF380F224
:10D5C80030A8FFF37DF22EA8FFF37AF22DA8FFF31F
:10D5D80077F231A8FFF374F2012033B0BDE8F08F81
:10D5E8002DE9F04FBFB0039018461D468946924674
:10D5F800FFF3AAF26E6802230124B60000278DF813
:10D60800F7300A233C9321463A46334680463797FB
:10D618003B978DF8F640FFF315F121462D903A46D9
:10D6280033464046FFF30EF121462E903A463346E4
:10D638004046FFF307F102212F903A463346404611
:10D64800FFF300F1214630903A4633464046FFF357
:10D65800F9F0214631903A4633464046FFF3F2F05E
:10D66800214632903A4633464046FFF3EBF02146D6
:10D6780033903A4633464046FFF3E4F0214634906F
:10D688000DF1F60223463398FFF30AF621460DF111
:10D69800F70223463498FFF303F621463A46334609
:10D6A8004046FFF3CFF0214635903A463346404690
:10D6B800FFF3C8F0214636903A4633464046FFF31A
:10D6C800C1F0214638903A4633464046FFF3BAF057
:10D6D800214639903A4633464046FFF3B3F0214697
:10D6E8003A903CAA23463098FFF3DAF530982B4657
:10D6F80002462946FFF729FB03992A462D98FFF78A
:10D70800C2FB2B4630992D9A2E98FFF32BF52E99B4
:10D718002A462F98FFF7B7FB2E982F9A01462B46DB
:10D72800FFF7D1FA2E98FFF7A5FB2146FFF762FA1B
:10D7380029468446349A2F982B46CDF808C0FFF71F
:10D7480004FB2E992F9A2B463198FFF76FFE4A4615
:10D758002B4630992E98FFF305F52E982946024658
:10D76800FFF374F251462E9A2B463598FFF3FAF4DC
:10D7780052462B462E982946FFF7E7FA484629468F
:10D788002F9AFFF363F22E982F9A01462B46FFF348
:10D79800E9F42F983399319A2B46FFF794FA2E998A
:10D7A8002F9A2B463698FFF3DDF4202321461DAA35
:10D7B8003598FFF39BF12023214625AA3698FFF3DD
:10D7C80095F1DDF808C00DF1540B5FFA8CF01DA936
:10D7D80025AA3346CDF800B0FFF719FA334621469B
:10D7E8005A464046FFF32EF02A46014637902E98B7
:10D7F800FFF749FB2E98379A01462B46FFF3B2F400
:10D808004946379A2B462F98FFF3ACF42E982F9A57
:10D8180001462B46FFF757FA524639982E992B4660
:10D82800FFF751FA30992D9A2B462E98FFF39AF468
:10D838002B462E99379A3898FFF394F438992A464C
:10D848002E98FFF720FB2E98389A01462B46FFF3B7
:10D8580089F44946389A2B462F98FFF383F42E987B
:10D868002F9A01462B46FFF72EFA52463A982E99E0
:10D878002B46FFF728FA339A2B462E982946FFF7AE
:10D8880064FA2E982146FFF34BF52E982B46024654
:10D898003999FFF7CBFD2E98FFF7ECFA2146814620
:10D8A8002E98FFF3AFF2214640EA0900FFF7A2F9EC
:10D8B800214681461DAA20233998FFF317F15FFA04
:10D8C80089F92023214625AA3A98FFF30FF1484603
:10D8D8001DA925AA3346CDF800B0FFF798F92146CF
:10D8E8005A4633464046FEF3ADF720233B90214687
:10D8F8001DAA3798FFF3FAF02023214625AA389865
:10D90800FFF3F4F00DF1140A48461DA925AA334681
:10D91800CDF800A0FFF77BF92023284621461DAA51
:10D92800FFF3E4F006F1FF393EAB994419F8843C63
:10D9380003F00303032B03D0444804F0FBD954E05D
:10D948003A46404621463346FEF37CF73B4680463E
:10D958002946339A2E98FFF7B6F92E980221FFF33D
:10D96800DFF42B463B992E9A4046FFF75FFD214690
:10D978001DAA20230398FFF3B9F025AA20232146E6
:10D988004046FFF3B3F019F8840C19F8641C00F052
:10D99800010001F00101FFF72DF929462B46074642
:10D9A80042462E98FFF7D1F921461DAA202340466A
:10D9B800FFF39CF0214625AA20232E98FFF396F02A
:10D9C8000AEB0605F8B21DA925AA33460095FFF70C
:10D9D8001EF92146524633464898FFF361F44998A8
:10D9E80021462A463346FFF35BF42DA8FFF368F07F
:10D9F8002EA8FFF365F02FA8FFF362F031A8FFF31C
:10DA08005FF030A8FFF35CF032A8FFF359F033A8B9
:10DA1800FFF356F034A8FFF353F035A8FFF350F0A6
:10DA280036A8FFF34DF037A8FFF34AF03BA8FFF301
:10DA380047F038A8FFF344F039A8FFF341F03AA8BB
:10DA4800FFF33EF000203FB0BDE8F08FE93C010055
:10DA580000487047883D010000487047103D0100AC
:10DA6800004870474C3D010000487047C43D010024
:10DA7800012801D1FFF7F0BF022801D1FFF7F0BF5D
:10DA8800032801D1FFF7F0BF042801D1FFF7E0BF59
:10DA98000020704700487047DC600100004870476C
:10DAA800305D0100014B43F82010704750610100C0
:10DAB800034B53F82000431A584240EB03007047C9
:10DAC8005061010042893C2928BF3C21034691420C
:10DAD8002CBF0846104698817047000000F13402B8
:10DAE800342A08B5034606D905482021054A04F01A
:10DAF80061D9034808BD044A434252F8230008BDCF
:10DB0800306101007F3E01000CA2880038B5049CFA
:10DB18001D467CB1FF2B0DD002B95BB96B1C207080
:10DB2800A170637025B11146E01C2A4604F058D84C
:10DB380003356419204638BDC0F3804070470000A3
:10DB4800044B00F44032134303420CBF0020012071
:10DB5800704700BFD091540038B50546FFF7F0FF75
:10DB680038B10B4B2B4033B915F4900418BF182467
:10DB780002E0044600E01024284605F0BDDF20B18D
:10DB8800034B2B40002B18BF1024204638BD00BF84
:10DB9800C4D1040000487047685D01000048704720
:10DBA800785201000020704708B5FFF7F3FF41786D
:10DBB8000278012313FA01F113FA02F20A43817879
:10DBC8008B4042EA030008BD2DE9F7434FF00008F7
:10DBD80004460F46164699464546012303FA08F3BC
:10DBE80013EA090F2BD063692046222B0ADDE3696B
:10DBF8005A0607D540F6270100220EF0AFDA014693
:10DC0800204600E000214FF4C4620EF047D9C0F866
:10DC1800008063692046222B0ADDE3695B0607D58D
:10DC280040F6270100220EF099DA0146204600E06E
:10DC3800002140F224620EF031D903681D4308F137
:10DC48000108B8F11F0FC8D19DF828304BB145B174
:10DC58000123009320462B4639463246FFF7B4FF8E
:10DC680005432846BDE8FE83816838B540F63C0385
:10DC78009942044628D1C3680B2B03D84FF0A871EA
:10DC8800994001D40C2B1FD949F218239A4205D088
:10DC980049F640439A4217D10C4D00E00C4D636998
:10DCA8002046222B0ADDE369590607D540F62701ED
:10DCB80000220EF053DA0146204600E0002140F22F
:10DCC800DC620EF0EBD8056038BD00BF9901010099
:10DCD800B601010038B543690446222B0ADDC36941
:10DCE8005D0607D540F6270100220EF037DA014617
:10DCF800204601E0204600214FF4C0620EF0CED845
:10DD08000568204605F07C05AD08FFF747FF03E0EE
:10DD18008378AB4207D00C3010B10388002BF7D1C1
:10DD28002046FFF73FFF03884FF47A70584338BD09
:10DD380070B5044616460D460AF0B0DD94F8602327
:10DD4800094B002818BF0123012A94F8682308BF4B
:10DD5800D4F85C33012A0CBFD4F864236FF0004276
:10DD68002B60326070BD00BF0100820E2DE9FF47B5
:10DD78001D46436990460022222B0446894602929A
:10DD8800039209DDC3695F0606D540F627010EF048
:10DD9800E5D90146204601E0204600214FF4C4623F
:10DDA8000EF07CD80560236A20460C2B636916DDCB
:10DDB800222B0ADDE3695E0607D540F6270100221B
:10DDC8000EF0CCD90146204600E000214FF4C56290
:10DDD8000EF064D807683F0CBF05BF0D14E0222B76
:10DDE8000ADDE369590607D540F6270100220EF03F
:10DDF800B5D90146204600E000214FF4C5620EF077
:10DE08004DD807683F0AFFB20123AB4000262046E1
:10DE1800494642460096FFF7D7FE0546012212FA08
:10DE280006F32B4207D00092204649464246FFF7A8
:10DE3800CBFE25EA000501361F2EEFD1204602A9A8
:10DE480003AAFFF775FF029B002625EA030A354659
:10DE58000123AB4013EA0A0F08D020464946424640
:10DE6800EBB2FFF783FF864238BF064601351F2D08
:10DE7800EED1B81C801904B0BDE8F0872DE9F04157
:10DE8800069E044615461F46FFF78EFE002870D0F2
:10DE980010EA060800EA07072CD063692046222BFF
:10DEA8000ADDE3695A0607D540F6270100220EF07D
:10DEB80055D90146204600E0002140F21C620DF0D1
:10DEC800EDDF63690646222B20460ADDE3695B061F
:10DED80007D540F6270100220EF040D9014620461A
:10DEE80000E0002140F21C620DF0D8DF036843EA2D
:10DEF80008033360002F2BD063692046222B0ADDEC
:10DF0800E3695E0607D540F6270100220EF026D900
:10DF18000146204600E000214FF4C3620DF0BEDF49
:10DF280063690646222B20460ADDE369590607D5B0
:10DF380040F6270100220EF011D90146204600E0E4
:10DF480000214FF4C3620DF0A9DF03681F43376057
:10DF5800079B9A0305D4BDE8F0810A2008F0C8DBC6
:10DF680001E040F2DD54D5F8E0319B0301D4013CD7
:10DF7800F3D1BDE8F081F7B51E4643690446222B6C
:10DF88000F4615460BDDC3695A0608D540F627012A
:10DF980000220EF0E3D800970146204602E00097E1
:10DFA800204600214FF0FF334FF4CA620EF026DC02
:10DFB8006369222B0CDDE3695B0609D540F627016E
:10DFC800204600220EF0CAD800960146204602E0FC
:10DFD80000962046002140F254622B460EF00EDCDB
:10DFE800FEBDF7B51E4643690446222B0F4615466B
:10DFF8000BDDC3695B0608D540F6270100220EF049
:10E00800ADD800970146204602E00097204600213F
:10E018004FF0FF334FF4CB620EF0F0DB6369222B35
:10E028000CDDE369590609D540F627012046002290
:10E038000EF094D800960146204602E0009620464D
:10E04800002140F25C622B460EF0D8DBFEBDF7B52E
:10E058001E4643690446222B0F4615460BDDC3694D
:10E06800590608D540F6270100220EF077D8009708
:10E078000146204602E00097204600214FF0FF337A
:10E088004FF4CC620EF0BADB6369222B0CDDE36936
:10E098005A0609D540F62701204600220EF05ED820
:10E0A80000960146204602E000962046002140F2F4
:10E0B80064622B460EF0A2DBFEBD436913B5222B2A
:10E0C80004460DDDC3695B060AD540F62701002228
:10E0D8000EF044D84FF4806301460093204604E0D4
:10E0E8004FF480630093204600214FF4C0620EF085
:10E0F80085DB1CBD2DE9F04F013AD2B2082A85B064
:10E1080004469A4615D8374B9E5C374B9F5C374B75
:10E1180013F80290364B9B5C0393364B13F802B00E
:10E12800354B9B5C0293354B13F80280344B9D5C56
:10E1380007E00025A8460295AB460395A9462F4659
:10E148002E466369222B0DDDE3695B060AD540F68E
:10E158002701204600220EF001D8CDF80090014694
:10E16800204603E0CDF80090204600214FF0FF3311
:10E178004FF4CB620EF042DB6369222B0FDDE369BB
:10E1880058060CD540F62701204600220DF0E6DFA0
:10E1980007EA0A03B34001460093204605E007EA70
:10E1A8000A03B34020460093002117FA06F340F211
:10E1B8005C620EF023DB039B83B148FA0BF208EA9A
:10E1C8000A0848FA0BFB2046029C2946A2400BFA93
:10E1D80004F305B0BDE8F04FFFF703BF05B0BDE895
:10E1E800F08F00BF5C510100655101006E510100C4
:10E1F8007751010080510100EC530100F8510100F2
:10E20800015201002DE9F843044689460DF040DE2D
:10E218000021064620460EF0EBDB80462046FFF73D
:10E22800B9FC074620460EF055DA494605464246EF
:10E238003B782046FFF79AFD0B2302305843074BE3
:10E248003146EB18B3FBF5F5454320460EF0D0DB1D
:10E258000A23B5FBF3F5A8B2BDE8F8833F420F00E7
:10E2680038B543690446222B0ADDC3695D0607D524
:10E2780040F6270100220DF071DF0146204601E03B
:10E288002046002140F214620DF008DE636905683B
:10E29800222B20460ADDE369590607D540F62701F7
:10E2A80000220DF05BDF0146204600E0002140F22D
:10E2B80014620DF0F3DD03689D4214D063692046B3
:10E2C800222B0ADDE3695A0607D540F6270100220A
:10E2D8000DF044DF0146204600E0002140F21462C0
:10E2E8000DF0DCDD0568284638BD38B51C461D68CC
:10E2F800FFF7B6FF03462360401B38BD2DE9F743FF
:10E30800002504460F46164698469DF82890019524
:10E31800FFF7A6FF019063692046222B0ADDE36917
:10E328005B0607D540F6270100220DF017DF0146EE
:10E33800204600E000214FF4C2620DF0AFDDB9F1D4
:10E34800010F006801D108B90EE050B9B8EB451FBC
:10E3580009D920463946324601ABFFF7C6FF2D18CA
:10E36800D9E7002000E001200B9B6D011D60BDE88E
:10E37800FE832DE9F04F002685B0804689469246F7
:10E388000396012503AF40464946524643F6982373
:10E3980000950197FFF7B2FF044688B98DE8810020
:10E3A8004023404649465246DDF80CB0FFF7A6FF29
:10E3B800039B38B99B445E4443F697239E42E0D9B9
:10E3C800284600E0204605B0BDE8F08F2DE9F84367
:10E3D800994643690446222B0E461546DDF82080EF
:10E3E800099F0ADDC3695A0607D540F627010022AE
:10E3F8000DF0B4DE0146204601E0204600214FF42E
:10E40800C3620DF04BDD03682046C9F8003063692C
:10E41800222B0ADDE3695B0607D540F627010022B7
:10E428000DF09CDE0146204600E0002140F21C620F
:10E438000DF034DD03682046C8F80030D5F8E03127
:10E448003B60FFF7B1FB0746002872D0D5F8E031F2
:10E45800990304D4204631462A46FFF78AFF6369A8
:10E468002046222B0ADDE3695A0607D540F6270124
:10E4780000220DF073DE0146204600E000214FF433
:10E48800C3620DF00BDD63690646222B20460ADDC8
:10E49800E3695B0607D540F6270100220DF05EDE32
:10E4A8000146204600E000214FF4C3620DF0F6DC7F
:10E4B8000368FF433B40336063692046222B0ADD33
:10E4C800E3695E0607D540F6270100220DF046DE17
:10E4D8000146204600E0002140F21C620DF0DEDC1F
:10E4E80063690646222B20460ADDE369590607D5EB
:10E4F80040F6270100220DF031DE0146204600E0FB
:10E50800002140F21C620DF0C9DC036840F2DD54C2
:10E518001F40376002E00A2008F0EAD8D5F8E03159
:10E528009A0301D5013CF6D16420BDE8F84308F010
:10E53800DF98BDE8F88337B5044601AB4FF40061B6
:10E548006A460EF063DA63692046222B0ADDE36926
:10E558005D0607D540F6270100220DF0FFDD0146D4
:10E56800204600E000214FF4CE620DF097DC0568EC
:10E5780015F0005316D063692046222B0ADDE369A3
:10E58800590607D540F6270100220DF0E7DD0146C0
:10E59800204600E000214FF4CE620DF07FDC0560DC
:10E5A800012500E01D4620469DE806000EF04CD9E6
:10E5B80028463EBD70B504460E460DF069DC0021C4
:10E5C800054620460EF014DA314602462046FFF78B
:10E5D80081FB2946064620460EF00ADA304670BD11
:10E5E800014B1860704700BF94610100F8B5484FAF
:10E5F80004463A68002A40F089804369222B09DDE5
:10E60800C3695B0606D540F627010DF0A7DD014674
:10E61800204601E02046002140F214620DF03EDC65
:10E6280063690568222B20460ADDE3695E0607D583
:10E6380040F6270100220DF091DD0146204600E05A
:10E64800002140F214620DF029DC03689D4214D0C9
:10E6580063692046222B0ADDE369590607D540F68F
:10E66800270100220DF07ADD0146204600E0002156
:10E6780040F214620DF012DC056842F2107008F0E6
:10E6880037D863692046222B0ADDE3695A0607D585
:10E6980040F6270100220DF061DD0146204600E02A
:10E6A800002140F214620DF0F9DB63690668222B41
:10E6B80020460ADDE3695B0607D540F627010022FC
:10E6C8000DF04CDD0146204600E0002140F21462C6
:10E6D8000DF0E4DB03689E4214D063692046222BC8
:10E6E8000ADDE3695E0607D540F6270100220DF032
:10E6F80035DD0146204600E0002140F214620DF0AD
:10E70800CDDB0668751B642675433D603868F8BD27
:10E71800946101002DE9F74F0446884691461F464B
:10E728000DF0E8DF8346002840F0D98020460DF040
:10E73800AFDB5946824620460EF05AD96369054632
:10E748002D2B0CD1D0F8F430B9F1000F02D023F002
:10E75800007301E043F00073C5F8F430B8E02046D8
:10E76800FFF718FAC37801269E4000F0B180B9F18E
:10E77800000F5ED063692046222B0ADDE369590643
:10E7880007D540F627015A460DF0E8DC0146204639
:10E7980000E000214FF4C3620DF080DB03684146BE
:10E7A8003B6043EA06070123009320463B462A467E
:10E7B800FFF70AFA63690743222B20460ADDE3695B
:10E7C8005A0607D540F6270100220DF0C7DC01469E
:10E7D800204600E000214FF4C3620DF05FDB4146A4
:10E7E80007602A462046FFF7C4FD4FF47A7007F009
:10E7F8007FDF40F2DD5702E00A2007F079DF636926
:10E808002046222B0ADDE3695B0607D540F627017F
:10E8180000220DF0A3DC0146204600E0002140F272
:10E828000C620DF03BDB0368334242D1013FE3D178
:10E838003FE03A689AB963692046222B09DDE3690B
:10E848005F0606D540F627010DF088DC0146204614
:10E8580000E000214FF4C3620DF020DB026822EAD9
:10E8680006070123009320463B4641462A46FFF708
:10E87800ABF96369074337420CBF00260126222BF8
:10E8880020460ADDE369590607D540F6270100222C
:10E898000DF064DC0146204600E000214FF4C3621D
:10E8A8000DF0FCDA414607602A462046FFF761FD75
:10E8B80000E0012640F22D1702E00A2007F018DFD9
:10E8C8002B6903F48053B3EB063F01D0013FF4D129
:10E8D8002046514603B0BDE8F04F0EF0899803B0CA
:10E8E800BDE8F08FF0B589B004460D4606AA07AB1F
:10E8F8004FF400610EF08AD829462046FFF75AFEE9
:10E908004FF47A760022B0FBF6F613460221204631
:10E91800FFF79DFB00220746134600F00F05032171
:10E928002046FFF794FB4FF680733B40DF094FF416
:10E93800000320F07F42009303A804A9334603F0A4
:10E948009DDE05A80399049A1823774303F0DADEBD
:10E9580005B92D60059A4FF4006300934FF4805376
:10E9680003A804A9BA1893FBF5F303F087DE02A8FD
:10E978000399049A0C2303F0C5DE20460699079AEA
:10E988000DF062DF029809B0F0BD10B504460DF035
:10E99800E7DE01462046BDE81040FFF7A3BF70B58B
:10E9A80004461646FFF7F1FF63690546222B204609
:10E9B8000ADDE3695B0607D540F6270100220DF062
:10E9C800CDDB0146204600E000214FF4CC620DF07B
:10E9D80065DA04230360D6F864364FF47A70DBB244
:10E9E800B5FBF3F5684370BD70B504460E460DF0EF
:10E9F8004FDA0021054620460DF0FADF314602467F
:10EA08002046FFF7CCFF2946064620460DF0F0DFEA
:10EA1800304670BDFFF7E8BF37B50446FFF7B5FFCE
:10EA28004FF400616A4601AB054620460DF0EEDF63
:10EA38000022134620460421FFF709FB00F47F401B
:10EA4800030A00B91B60B5FBF3F520469DE80600F4
:10EA58000DF0FADE28463EBD70B504460E460DF0B0
:10EA680017DA0021054620460DF0C2DF314602467E
:10EA78002046FFF77EFC2046FFF78CF863690646C0
:10EA8800222B20460ADDE3695A0607D540F62701FE
:10EA980000220DF063DB0146204600E0002140F231
:10EAA8000C620DF0FBD9F378012111FA03F3026827
:10EAB80029461A420CBF0026012620460DF098DF91
:10EAC800304670BD70472DE9FF47836E002204462B
:10EAD8000D460292039263B1D0F8CC1000EB81018D
:10EAE800D1F8D400216E884205D1606E98478146DE
:10EAF80002E0994600E0914620460DF0C9D9002170
:10EB0800824620460DF074DF02A9804603AA2046FB
:10EB1800FFF70EF9029F00260396F7B13B46204601
:10EB2800294642460096FFF74FF863693843222B7F
:10EB3800029020460ADDE369590607D540F6270109
:10EB480032460DF00BDB0146204600E000214FF471
:10EB5800C3620DF0A3D9029B0360039EFEB1002798
:10EB680033462046294642460097FFF72DF8636949
:10EB78003043222B039020460ADDE3695A0607D565
:10EB880040F627013A460DF0E9DA0146204600E052
:10EB9800002140F21C620DF081D9039B03602946D5
:10EBA80042462046FFF7E5FB204651460DF020DFA0
:10EBB800E36E5BB1D4F8CC2004EB8202D2F8D41017
:10EBC800226E914202D1606E49469847BDE8FF87A0
:10EBD80010B500220C4608F0B1D8A0B90A4B1B6842
:10EBE8008BB11A787AB1DA8994420CD8184604F0B5
:10EBF800E1D820B1054B1A6801321A6010BD044BE8
:10EC08001A6801321A6010BD4404000098610100BE
:10EC18009C610100037E2BB14069D0F1010038BF2F
:10EC28000020704701207047014B03EBC00070477C
:10EC3800A0610100014B03EBC0007047C0610100F7
:10EC480070B50C46164609F0B3DD80B1002528469C
:10EC5800FFF7F0FF03681BB980E85000184670BD45
:10EC68000135EDB2042DF2D14FF0FF3070BD4FF0F9
:10EC7800FF3070BD6FF01600704770477047000096
:10EC880003682DE9F041C0F8203143680022C0F83C
:10EC980024318368C0F82831C368C0F82C3103696F
:10ECA800C0F830314369C0F834318369C0F838316D
:10ECB800C369C0F83C3100F59073534E1C69DF6995
:10ECC8009559D3F814C07D194FEAB41787EAF42789
:10ECD80087EA7467ED199F6927EA040704EA0C04B8
:10ECE8007C402C198D1811F802C0EF78043247EADD
:10ECF8000C6795F801C0AD7847EA0C4747EA052547
:10ED08006419DD61DD68402A2544DD6093E8A010C0
:10ED180087EA0C0808EA05080CEA070C88EA0C07D9
:10ED28004FEAB50C8CEA753C8CEAB5553D442C4449
:10ED380043F8044DC1D100F1E00306F13C0500F1B0
:10ED480020071A6955F8044FD9695E6961184FEAB6
:10ED5800B21484EAF22484EA726409199C69D3F82B
:10ED68005CC024EA0204324062409E6B5C6A6644DE
:10ED78004FEA744C8A188CEAF44C996D8CEA942406
:10ED880034194FEAF11686EAB14686EAD1016118CC
:10ED98005218D961D9688918D96093E8520084EA71
:10EDA800060C0CEA010C26408CEA06044FEAB10670
:10EDB80086EA713686EAB1516118891843F8041D4C
:10EDC800BB42BED1036842685918436A0160D31830
:10EDD80043608268836AD3188360C268C36AD318A1
:10EDE800C3600269036BD31803614269436BD3188C
:10EDF80043618269836BD3188361C269C36BD3187B
:10EE0800C361BDE8F08100BFC0540100F0B50346FE
:10EE180096100F46002510E057F8044B01354FEACD
:10EE2800146C83F800C04FEA144C83F801C04FEA11
:10EE3800142C83F802C0DC700433B542ECDB26EAFC
:10EE4800E67312F0030200EB83000AD051F8234066
:10EE58001821002334FA01F5C554013308399342C7
:10EE6800F8DBF0BD0048704764540100D0F8B431B5
:10EE780070B5D318934204460E461546C0F8B4310F
:10EE880004D2D0F8B0310133C0F8B031D4F8AC2195
:10EE9800AB183F2B0AD8A21802F5B67031462A469D
:10EEA80002F09EDED4F8AC315D1925E0E2B1A0187D
:10EEB8003146C2F1400200F5B67002F091DED4F896
:10EEC800B831201D04F5B6719847D4F8AC31C3F1B8
:10EED8004002403BB6185D1906E03146D4F8B83117
:10EEE800201D98474036403D3F2DF6DC04F5B670AE
:10EEF80031462A4602F074DEC4F8AC5170BD0000F9
:10EF0800012910B5044640F8041B05D10A4B0B49EA
:10EF1800C4F8B831142204E0094B0A49C4F8B831DE
:10EF2800202202F05DDE0020C4F8AC01C4F8B00174
:10EF3800C4F8B40110BD00BF0D430000C055010066
:10EF480045400000A0540100F8B5044600F5AA7633
:10EF58000D4600F58A7721463046142202F040DE3D
:10EF680030696649726841183068331F01EBF061F7
:10EF7800F06820EA020CB06810408CEA000009181A
:10EF880046F8041C687895F800C0000440EA0C6054
:10EF980095F803C04FEAB20240EA0C0095F802C0A7
:10EFA800043540EA0C2041189F42306146F8041CA1
:10EFB80072601E46D4D304F5827530694F49726871
:10EFC800411853F80409F76801EBF061B06827EAC3
:10EFD8000207104078400918376BF0694FEAB2020F
:10EFE8007840B76C72607840376D78404FEAF070BF
:10EFF8003061081846F8040C043EAB42DDD804F131
:10F00800B4061A4615693E495068691853F80459F8
:10F01800D76801EBF561956845407D404919176B44
:10F02800D5694FEAB0007D40976C50607D40176D00
:10F038007D404FEAF57515614D1942F8045C043AB4
:10F04800B342DFD804F1640C1A4615692D49101D26
:10F05800691853F80459C1C801EBF56186EA070538
:10F068000540374085EA07068919D569166B4FEAC6
:10F07800B0007540966C50607540166D75404FEA4B
:10F08800F57515614D1942F8045C043A6345DCD8FE
:10F0980004F114061D691C49586869181D68DF6861
:10F0A80001EBF5619D681A4645407D4049191F6B83
:10F0B800DD694FEAB0007D409F6C58607D401F6D50
:10F0C8007D404FEAF57549191D6143F8041C043B5E
:10F0D8009E42DFD323685918216013686168CB18F2
:10F0E80063605368A168CB18A360E1689368CB1884
:10F0F800E3602169D368CB182361F8BD9979825AF6
:10F10800A1EBD96EDCBC1B8FD6C162CA30B50346F1
:10F1180085B00C4615466846194607F0B3DE20460A
:10F128006946102DB4BF2A46102202F059DD05B0F9
:10F1380030BD07F0039F08B507F0ECDE002008BDDE
:10F1480038B504460D46FFF78DFE0346E4B10022AC
:10F15800226062600122AA4001680A420AD100F1D5
:10F1680014014069024204D103F128019B6A1A4242
:10F178000DD00B4604F1100063602560A0609B6809
:10F1880029469847002038BD6FF0010038BD6FF060
:10F19800160038BD08B5436813B1DB688068984726
:10F1A80008BD08B5436813B11B698068984708BD56
:10F1B800013806289ABF024B18560020704700BF36
:10F1C800D4550100F8B5044600680E461546FFF709
:10F1D800EFFF00284AD0D4F8AC218021A31883F887
:10F1E8006C11531CA842B8BF0546382BC4F8AC3183
:10F1F80011D9A01800F5B6700021C2F13F02013004
:10F2080002F072DDD4F8B831201D04F5B6719847C4
:10F218000023C4F8AC31D4F8AC210021A01800F5C3
:10F22800B670C2F1380202F05FDDD4F8B021D4F82C
:10F23800B431D20042EA5372DB00C4F8B021C4F8FA
:10F24800B431082204F5D27004F5D871271DFFF7F0
:10F25800DDFD384604F5B671D4F8B8319847304624
:10F2680039462A46BDE8F840FFF7D0BDF8BD072863
:10F278000AD84FF0C243834004D44FF0F053834080
:10F2880004D401E040207047002070478020704778
:10F298002DE9F0470C46B0B090469A46074600283C
:10F2A80046D00846FFF784FF81462046FFF7DFFF78
:10F2B8005045064607F1800513DA21462846FFF730
:10F2C8003FFF414652462846FFF764FF284620A9DB
:10F2D8004A46FFF766FF4E45B4BFB246CA460DF12F
:10F2E8008008002309E018F8032082F0360182F034
:10F2F8005C020DF80310FA5401335345F3DB2AEA94
:10F30800EA7A07E036230DF80A305C2307F80A305A
:10F318000AF1010AB245F5DB21462846FFF710FF3E
:10F32800044638B9284669463246FFF733FF01E0FC
:10F338006FF00104204630B0BDE8F08710B180308E
:10F34800FFF728BF70472DE9F843DDF82080044611
:10F358001546994661B10E46002707E032881AB172
:10F3680020467168FFF7EAFF01370836AF42F5DB40
:10F37800B9F1000F09D0B8F1000F06D02046494670
:10F388004246BDE8F843FFF7D9BFBDE8F8832DE949
:10F39800F0478A4690B09046064600282BD0D0F811
:10F3A800807000F180043846FFF761FF81463846D7
:10F3B800FFF7FEFE05462A4620466946FFF7F1FE9E
:10F3C80039462046FFF7BCFE204631464A46FFF73D
:10F3D800E1FE204669462A46FFF7DCFE20466946DC
:10F3E8002A46FFF7DEFE504669464545B4BF2A4621
:10F3F800424602F0F5DB10B0BDE8F087F0B51446E0
:10F40800ADF5337D07460E461D4602A8234639460C
:10F418003246FFF73DFF044660B9BA9B02A8009345
:10F428002946B89AB99BFFF78EFF02A8BB99BC9AE8
:10F43800FFF7ADFF20460DF5337DF0BD2DE9F04F08
:10F4480093B01E9F81468B4692461C461F9D002FF7
:10F4580068D0002D68D02BB1184602F0F1DC00F11D
:10F46800010800E098464846FFF7A2FE0646002835
:10F478005CD0431EEB1893FBF0F3FF2B079355DC8E
:10F488004FF6FF73984551DC1D9A9A424EDC2B4B80
:10F49800ADF83420002C08BF1C461C9B01220E939B
:10F4A80012AB03F8012D1093032300930023ADF84A
:10F4B8002400ADF83C2001930293A842D4BF0490E5
:10F4C80004955946484652460BAB0C940A97ADF83A
:10F4D8002C800397FFF792FF044600282AD14FF0AB
:10F4E800020819E0AD1B002D0A9723DD04230093C1
:10F4F800002301930293BF1948465946524609AB67
:10F508008DF847800397B542D4BF04950496FFF75A
:10F5180075FF08F1010860B9079A08F1FF339342B3
:10F52800E0DD07E03C4605E02C4603E06FF01604FA
:10F5380000E00446204613B0BDE8F08F05EA8900D4
:10F548000B4B10B51A681C46904204D15A68914278
:10F5580001D1184610BD6369054A984206D19069E1
:10F56800143281420CBF1046002010BD002010BD8F
:10F578006C5D010073B504460CF0F6DE14237422AA
:10F58800204640F60C410CF04FDE204601210422B3
:10F598000DF030D82046022104220DF02BD8012589
:10F5A8000021204640F61C624FF0FF3300950CF016
:10F5B800A7DE112300930021204640F618624FF081
:10F5C800FF330CF09DDE41F2021300930021204628
:10F5D80040F644424FF0FF330CF092DEF32320460E
:10F5E8004FF45E614FF0FF320CF01EDE0023204620
:10F5F80040F6F8514FF0FF320CF016DE002320469B
:10F6080040F6E4514FF0FF320CF00EDE082320469E
:10F6180040F6EC514FF0FF320CF006DE0023204696
:10F6280040F6E8514FF0FF320CF0FEDDDB232046B8
:10F638004FF45D614FF0FF320CF0F6DD0C22002331
:10F64800204640F654410CF0EFDD284B0021009392
:10F65800204640F6BC524FF0FF330CF051DE244BED
:10F6680029460093204640F6BC524FF0FF330CF079
:10F6780047DE204B02210093204640F6BC524FF053
:10F68800FF330CF03DDE2A462B46204640F6246127
:10F698000CF0CADD40F6FF7300930021164E204699
:10F6A80040F6B4524FF0FF330CF02ADE002120461A
:10F6B80040F6B8524FF0FF3300960CF021DE4BF6BF
:10F6C800982300932946204640F6B8524FF0FF335E
:10F6D8000CF016DE20464FF45C614FF0FF323346E3
:10F6E80002B0BDE870400CF09F9D00BF10111213CE
:10F6F8001415161718191A1B1032547613B50C4620
:10F7080002B949B1084913B10B681C4003E00B6802
:10F718001C4324EA0304224000920021702223465D
:10F728000CF0BADB1CBD00BFA404000013B51446DE
:10F7380042690A2A0FDD29B1012905D002290AD117
:10F74800842202E0782200E07C22009300212346F4
:10F758000CF0A2DB01E04FF0FF301CBD2DE9F041B9
:10F7680004460CF07BDF00210A460B46074620467C
:10F77800FFF7C4FF00210A460B4606462046FFF75E
:10F78800D5FF00220546022120461346FFF7CEFF8B
:10F79800D4F8788015E0D8F8083083B198F80420B8
:10F7A800002AD8F80C200CBF2846384600EA020088
:10F7B80012D03240904202D0D8F800109847D8F8BA
:10F7C8001080B8F1000FE6D1204641462A462B4664
:10F7D800BDE8F041FFF7AABF0028EDD1EFE74FF4ED
:10F7E8008030704738B500251D70D1F8CC304FF403
:10F7F800006113602A4604460DF0ECD8054638B17E
:10F80800D0F8E031DA0103D4204601210DF0BCDC48
:10F81800284638BD73B504460DF02AD818B92046D5
:10F828000DF0D2D860B3204621466A460DF1070391
:10F83800FFF7D8FF0646C0B140F22D1502E00A20B6
:10F8480006F056DFD6F8D431180706D4013DF6D1B4
:10F8580003E00A2006F04CDF01E040F22D15D6F84F
:10F86800D431590701D5013DF3D1204600210DF0CF
:10F878008BDC9DF807301BB9204600990DF0B8D8ED
:10F888007CBD10B5044607F0CDD82046FFF7C2FF6F
:10F89800012010BDF0B585B004460D4617460DF0A1
:10F8A80093D8002800F09480A66E6EB1D4F8CC30BE
:10F8B80004EB8303D3F8D420236E9A4203D1606EFD
:10F8C800B047064600E000262046214602AA0DF170
:10F8D8000F03FFF787FF002863D0082F61D8DFE800
:10F8E80007F005141C2735404A550D0000952046A1
:10F8F80000214FF49C724FF0FF334EE0002100913D
:10F9080020464FF49C720B4647E04FF0FF330093BC
:10F91800204600214FF49A723FE0002120464FF420
:10F92800EC720B4600910CF0B7DA00F0010539E0F3
:10F9380025B1202300932046002103E002230093F1
:10F94800204629464FF4E872222326E0002120466B
:10F958004FF49A720B4600910CF09EDAC0F3C02562
:10F9680020E0002120464FF4E0720B4600910CF095
:10F9780093DAC5B216E0002120464FF49A720B467E
:10F9880000910CF089DAC0F340250BE0EDB2009548
:10F99800204600214FF4E072FF230CF07DDA054683
:10F9A80000E001259DF80F301BB9204602990DF0A3
:10F9B8001FD8E36E6BB1D4F8CC2004EB8202D2F8E6
:10F9C800D410226E914204D1606E3146984700E00F
:10F9D8000546284605B0F0BD00487047C05D0100E7
:10F9E8000020704710B50C4641B18B6823B9C06F31
:10F9F80009680EF029DBA060A06810BDC06F10BDBB
:10FA08001FB5084A03460092074A08460192074A6A
:10FA18000749126802921A68064B02F0D5DB05B056
:10FA280000BD00BF1456010040390100906001007C
:10FA3800E55501000856010008B1D0F88800704764
:10FA4800642910DC632921DA4A291FD005DC07293B
:10FA58001FDB08291ADD3C2912E0502916D018DBD3
:10FA68005C39032911E0C32904DCC2290EDAA8395C
:10FA780002290AE0B1F5847F08D003DCB1F5807F64
:10FA880007D103E0A1F58971012902D86FF01600AA
:10FA980070470020704700207047C88810F00800A1
:10FAA80018BF6FF0160070474A6810B593424C882B
:10FAB80029DBE30603D503681B7E002B26D121072B
:10FAC80003D503681B7E002B23D0A20602D5437EF4
:10FAD800002B21D0630722D414F0030322D002990B
:10FAE8004CF05EDE00281FD0E10702D58379002B99
:10FAF8001DD114F002041DD08379002B0CBF6FF0C8
:10FB08000500002010BD6FF0010010BD6FF004006B
:10FB180010BD6FF0030010BD6FF00A0010BD6FF04C
:10FB2800160010BD184610BD6FF01D0010BD6FF017
:10FB3800060010BD204610BD37B50546900723D5F1
:10FB48008C6A0CB3A168226963680905C3F3004392
:10FB5800117A44BF43F00203DBB211B1D2F80801B5
:10FB680001E0D2F804017F228DE80C000022383031
:10FB780004F13C01134675F081DB2846214603B0A9
:10FB8800BDE830407CF0E69F03B030BD2DE9F04F72
:10FB980087B000230F4610AC15990493059380464F
:10FBA800934694E87002DDF850A04CF0F9DDB7F9FF
:10FBB8000630002B1ADA1BF0010FB9883A890CD0ED
:10FBC8004900CDF800900196CDF80890CDF80CA02A
:10FBD800D8F810000131334605E08DE86006D8F802
:10FBE80010004900234607F0B3FD0FE0032D0BD9A1
:10FBF800042204A8214601F0F3DF072D04D905A843
:10FC0800211D042201F0ECDF6FF0160007B0BDE8FB
:10FC1800F08F000038B50C4605460846484902F002
:10FC2800D3DA4849204602F0CFDA4749204602F0A5
:10FC3800CBDA4649204602F0C7DA4549204602F0A9
:10FC4800C3DA4449204602F0BFDA2046424902F0AE
:10FC5800BBDAD5F8340137F043DA20B9D5F83801E2
:10FC680039F0DEDA18B120463C4902F0ADDAD5F8B1
:10FC7800340137F035DA18B12046394902F0A4DAF0
:10FC8800D5F8380139F0CCDA18B12046354902F0F8
:10FC98009BDAD5F830013AF001DC18B12046324938
:10FCA80002F092DAD5F8300105F0ACF918B1204627
:10FCB8002E4902F089DA20462D4902F085DAD5F876
:10FCC8004C0165F04FDF18B120462A4902F07CDA72
:10FCD8002B6893F83B301BB12046274902F074DAB1
:10FCE8002649204602F070DA2549204602F06CDAEF
:10FCF8002B6A186909F020FC820707D5214920469C
:10FD080002F062DA2046204902F05EDA20461F49F6
:10FD180002F05ADA20461E4902F056DA20461D49FA
:10FD280002F052DA20461C4902F04EDA20461B49FE
:10FD380002F04ADA1A492046BDE8384002F0449AEF
:10FD48001D56010021560100265601002B560100C0
:10FD5800345601003D560100415601004656010047
:10FD68004D56010057560100615601006A560100C0
:10FD78007356010082560100875601008E56010015
:10FD880095560100A1560100AA560100B756010078
:10FD9800BC560100C6560100CB560100D0560100E2
:10FDA800D856010030B585B0054668460C4602F0C5
:10FDB800F5D928466946FFF72DFF204605B030BD26
:10FDC8002DE9F04F03F00103A9B004461493D4F8C9
:10FDD8007C3410691B680E46C358D0F858131B783A
:10FDE80091460F93D4F88034B2681B681991C358B0
:10FDF80008901B7809921593138860680B9303F099
:10FE08000C039B08022B08BF0B9913930B9A0CBF8A
:10FE1800C1F3C0130023DBB21A9302F44073A3F5B5
:10FE280040756B4243EB050331461C93379F03F043
:10FE38008DDA369B04300E9083B11B7A0B2B07D1D9
:10FE4800236893F8AD304BB136988379072B05D8E2
:10FE580036990E9A91F90F30D2180E92D4F8B03123
:10FE6800002B2DDA369B03B31B7A022B1FD194F893
:10FE7800B022F2B90898036D13F008031CD1369923
:10FE88008A792168D1F8B8108A4217D2032A15D97D
:10FE98000B2A13D8B269900010D4339A012A0FD1D3
:10FEA8000E9B012008330E9304E0369A04E00023E9
:10FEB80004E000200C9005E00C9203E00C9301E0B4
:10FEC80000210C91B568B389AA1F7633A5F1760095
:10FED8001D92B38100217022B060189001F004DFF8
:10FEE800B38BD90402D4B269520502D51B051B0D88
:10FEF80020E0D9F80420A04B1340BBB10B9901F0C6
:10FF0800FC03882B12D1099A1379D8070ED4339899
:10FF1800F289411E02F007023298583209EB420278
:10FF28008842D38806D1591CD18003E0139901294E
:10FF380006D111E0139801280ED00021079102E0A4
:10FF480010220792002332981B019BB200F00F0287
:10FF580009991343CB8201E000220792099BA0680C
:10FF6800DA8AB38B23F47E6323F01F0343EA121368
:10FF7800B38314F003DA010703D5B38B43F40053BA
:10FF8800B3833498042808D12046089935F82A2CD8
:10FF980014F080DEADF8980019E03299339801F03A
:10FFA8000F02B4F85A33411E329842EA03128842CB
:10FFB80092B202D10133A4F85A333499520147F668
:10FFC800E073134001F007021343ADF8983099F835
:10FFD800D7303BB90B9A02F0FC03802B02D008986B
:10FFE80083791BB9079941F020010791634B3B4086
:08FFF800002B40F0828007F0AD
:020000041002E8
:100000004072B2F1807F00F08180139A012A30D9CA
:10001000B369DA062DD4002B2BDB96F91F30002BA9
:1000200027DB226A574BD2F8488008EA030323B93A
:1000300008F04073B3F1807F03D109980379DF079B
:1000400066D4D2F844804F4B08EA030323B908F082
:100050004073B3F1807F04D109990B7913F0010348
:1000600059D0099A1379D80703D4D9F80830190759
:1000700005D599F8407007F07F07B84649E002239C
:100080008DF8863027AB0093D4F85C011FAB49464E
:1000900026AA7CF053DD0B98DDF87C8000F0FC0391
:1000A000482B209F01D0C82B0BD141460898002235
:1000B0002AF0F4DE99F84070804607F07F070023AD
:1000C00008E0B369329943F00063B361D1F10103F1
:1000D00038BF0023BDF89C20D20703D5B26942F493
:1000E0000052B261226892F8E120BAB1D4F8F80661
:1000F0004946BDF8982005937CF0D4DA059B129010
:100100000DE00022B8461292134608E0B84603E01C
:100110004746002300E04746129300E0129222680F
:10012000D4F8840492F84F2090F80CB012F0030237
:1001300000F09C818278012A09D9216A91F94D1039
:10014000A1F1010EDEF1000141EB0E0100E0002102
:10015000012A5FFA81FA17D9226A92F94D200132F9
:1001600012D1D9F8042012F080420ED00E300221B4
:10017000059302F0E7DC021C18BF0122059B04E096
:1001800040000100FF0000C0002218F0407FD0B204
:100190005FFA88F207D01F2A02D9202A07D0553AE1
:1001A000072A04D91CE0A0498A56002A18DAB8F1B7
:1001B000000F15DB28F4801828F4407818F04072FE
:1001C00009D0BAF1000F03D1B2F1807F03D110B191
:1001D00048F4801804E0BBF1010F08BF48F48078B0
:1001E00017F0407FFAB207D01F2A02D9202A07D081
:1001F000553A072A04D91BE08B498A56002A17DA98
:10020000002F15DB27F4801727F4407717F0407292
:1002100009D0BAF1000F03D1B2F1807F03D110B140
:1002200047F4801704E0BBF1010F08BF47F4807763
:10023000B4F8582402F46052B2F5C05F2CD118F41F
:10024000E0221FD118F0407F17D0D9F80420120304
:1002500013D5226892F83B2092B1089882797AB13E
:10026000D0F80821528E02F46052B2F5C05F0CBF84
:100270004FF400324FF4803204E04FF4803201E05A
:100280004FF4003218F0407F13D05FFA88F1202934
:1002900008BF4FF400320CE05FFA88F2F9B2202A6E
:1002A00008BF4FF08078202908BF4FF080774FF4C7
:1002B000803227F4E02A17F0407F28F4E02848EA4B
:1002C000020818BF4AEA020A226A08BF4AF4803AC2
:1002D000516C564A0A40002A53D101F04071B1F1E5
:1002E000807F4ED018F0407F94F81C2204D0012A61
:1002F00002D148F4000802E00AB928F400081AF014
:10030000407F94F81C2205D0012A03D14AF4000A48
:1003100000F009BE002A40F006862AF4000A00F028
:1003200002BED9F80410C8032BD5D9F80810090665
:1003300027D5013225D118F0407F0FD05FFA88F21F
:10034000A2F15701012909D9632A07D0642A05D0EF
:10035000652A03D0662A18BF48F480081AF0407F47
:100360000FD05FFA8AF2A2F15701012909D9632A55
:1003700007D0642A05D0652A03D0662A18BF4AF43C
:10038000800A2046494605931AF060DC18F0407256
:10039000059B45D01599022908D108F4E02BABF54F
:1003A0000032D2F1000B4BEB020B01E04FF0000BDF
:1003B0005FFA88F21F2A04D8072A94BF002101217E
:1003C0000AE0202A06D0A2F15501072994BF002196
:1003D000012100E00021C9B239B199F8FE1021B124
:1003E00099F8FF10003118BF012118F4000F119186
:1003F0001ED01F2A04D8072A8CBF0022012209E040
:10040000202A05D0553A072A8CBF0022012200E09D
:100410000122D2B2002A0CBF024604220D9208E04B
:100420000D929346119204E058168900FF0000C017
:100430000D901AF0407226D01AF4000F25D05FFA02
:100440008AF21F2A04D8072A8CBF0022012209E061
:10045000202A05D0553A072A8CBF0022012200E04D
:100460000122D2B2002A18BF04200EE028F4E028AE
:1004700027F4E02A48F480384AF4803A10920D922A
:100480009346119202E0109200E0109093B1089A06
:100490003398D2F8301102EBC103C2B2C3F838214D
:1004A0000131089A01F03F01C3F83481C2F83011DC
:1004B000C9F820A218F0407703D15FFA88F31B93A4
:1004C00003E0404674F058DE1B901398022800D0D9
:1004D00088B9B4F868340E99994202DCB3695B01BB
:1004E0000CD5099A1198137903F00103002B08BF6A
:1004F0000120179004E01199179101E0119A1792C9
:10050000236A597D41B10F9B33B12FB9884A5FFAF5
:1005100088F3D356002B07DB236893F84F309807F6
:1005200027D037B3159820B3339A012A0ED90F9BE1
:10053000002B0CBF4FF0300A4FF0160AB3694AF493
:10054000803A23F00063B361D04612E089B10F987E
:1005500078B167B908F07F03022B0AD0042B08D0CA
:100560000B2B06D0162B18BF4FF0010B01E04FF0FC
:10057000010B18F040710F911AD108F07F03162B70
:1005800016D86C4A9A4013D5149A62B15FFA88F370
:10059000022B0BD0D9F8103093F92C3113F1FF3323
:1005A00018BF012300E0149B0D9301E00F980D90FC
:1005B0001AF0407116911BD10AF07F03162B17D841
:1005C0005C4A9A4014D5149A6AB15FFA8AF3022BF6
:1005D0000CD0D9F8103093F92C2112F1FF3218BF4A
:1005E0000122109204E0169B109301E016981090DF
:1005F0001399D9F80430022908BFC9F8588113F4B7
:1006000080334AD094F80D32002B46D094F8113242
:10061000002B42D0159A032A30D00F9B4BB908F01B
:100620007F03022B2CD0042B2CD00B2B2DD0162B80
:100630002ED00998037913F001032BD10B9901F007
:10064000FC02882A29D1349A032A26D8B3691C9837
:1006500043F48053B361079B099900280CBF18220B
:100660001E2243F4A04307938B5A23F060031B041C
:100670001B0C43F020038B52012207E000230CE007
:100680000F9808E00F990A9108E00F9A0A9205E086
:100690000F9B02E000200A9000E00A931D9920467B
:1006A00000910E9A41460B9B20F08CD922AF204638
:1006B00051460E9A0B9B009720F084D90622A5F193
:1006C0004000394601F090DA169A62B90AF07F03C9
:1006D000162B08D8174A9A4005D50E9B05F83C3CC6
:1006E0001B0A05F83B3CB3690F995A0512D591B125
:1006F000369A22B1127A042A01D00B2A1CD143F473
:100700000063B361179894F8DA32002B18BF012008
:10071000179011E081B9064A5FFA88F3D356002B8F
:100720000ADA15F8063C03F00F03149307E000BF44
:10073000581689000002102815F8062C14920B9BFD
:10074000A42B14D009980379DB0710D40A9981B936
:10075000B36920465F05414602D517F021DD03E06D
:100760000D9A359B20F008D9099A508014E00A9B15
:1007700053B1414620460D9A40F62A131FF0DCDEA5
:10078000099980B2023048800B9AA42A04D10998B2
:10079000438825F83A3C19E009990B79D90701D427
:1007A0000A9A2AB1002305F83A3C05F8393C0DE0D5
:1007B000B36920465A05514602D517F0F1DC03E033
:1007C000109A359B20F0D8D825F83A0CB2699305D9
:1007D00009D5B38C25F8343CF38C25F8323C079BC3
:1007E00043F400530793329818B9079941F0080170
:1007F000079109980379DF0712D4D00410D494F834
:1008000010320BB151060BD4520505D41A9919B107
:10081000199A92F828301BB9079B43F001030793FC
:10082000924B34981399185C022915901CD1349A74
:10083000032A19D894F80D32B3B11B9B042B13D99A
:10084000D4F8340136F062DA70B91998159900EBD2
:1008500041039B8B13B1B3695B0505D5119A1AB996
:10086000079B43F480530793236A186966F018DCEA
:1008700000F46050B0F5C05F03D1079840F4807079
:1008800007900C9919B1079A42F400420792079B0E
:1008900025F8763C369810B394F8B03213BB08991B
:1008A0000A6D12F0080221D1037A0B2B06D12368BE
:1008B00093F8AD30D3B18379072B14D8369A937956
:1008C0002268D2F8B82093420FD2B26997000FD4B1
:1008D0003698027B02F0070242EA031203E03699DF
:1008E000079107E00022079204E00023079301E04C
:1008F0000020079010994B1EDBB2012B04D8079AF9
:1009000042F400539BB20793A5F1720009990222A9
:1009100001F06AD9002305F8703C05F86F3C05F832
:100920004A3C05F8493C369B002B2FD094F8B03256
:10093000002B2BD10898036D180727D436990B7A12
:100940000B2B06D1236893F8AD30FBB18B79072BC5
:100950001CD8369B9A792368D3F8B8309A4215D2BE
:10096000B369990012D41C9818B9099901F11802B9
:1009700002E0099B03F11E021A9800B10232002323
:10098000009320461899369B2EF078DC09990622B0
:100990000431A5F15000139101F026D9BDF898302B
:1009A00025F82A3CD4F84401089960F0E7DC35F8D2
:1009B000303C80B243EA002325F8303C002305F8A0
:1009C000283C05F8273C05F8263C05F8253C05F8A9
:1009D000243C05F8233C05F8223C05F8213C05F8A9
:1009E000203C05F81F3C179A1AB9BBF1000F01D142
:1009F000E1E09B460022414608982AF04FDA0022A7
:100A00000690514608982AF049DA069B089013F0A0
:100A10004073189306D10699154BC8B21B56002B8C
:100A200003DA14E0069874F0A7DB023818BF01203F
:100A300070B1D9F8103093F92C31012B0AD0079AF4
:100A400042F480439BB2079301230C9304E018986F
:100A50000C9001E000210C91089B13F0407209D129
:100A6000D8B2034B1B56002B07DA1DE06CE188005F
:100A700058168900089874F07FDB023818BF0120EF
:100A800078B1D9F8103093F92C31012B0BD007989D
:100A900001216FEA40436FEA53439BB207931191E0
:100AA00003E0119001E00022119235F8763CBBF191
:100AB000000F02D043F4006301E043F0060325F881
:100AC000763CBBF1000F0CBF4FF0140C4FF00E0C36
:100AD000A5F11E0362460093204606990B9BCDF8B4
:100AE00014C01FF06FDFDDF814C024AF62460B9B0B
:100AF0002046089900971FF065DF39460622A5F1C8
:100B0000480001F071D80C980D990E9AA5F11803C0
:100B10000B9300900191029200275946069A434692
:100B2000204603971FF06CDF25F8160C119B1098D8
:100B30000E9900930190029120465946089A534617
:100B400003971FF05DDF25F8420CA5F11400BBF1FF
:100B5000000F09D06FF03B0305F8183C05F8177C2F
:100B6000099A02F10A010EE06FF04B0305F8183CF8
:100B700005F817BC1399062201F036D8099BA5F198
:100B80000E0003F10A01062201F02ED81498189ADB
:100B900081B252B906989F4AC3B2D356002B04DAE9
:100BA00015F81E3C03F00F0301E015F81E3C1B0274
:100BB000194314911FE059460622A5F11E0001F0C9
:100BC00097D859461022A5F1180001F091D8A5F147
:100BD00048005946062201F08BD805F842BC05F8BA
:100BE00041BCCDF820B0CDF818B0CDF82CB0CDF880
:100BF00044B0CDF830B0B3695A050FD50F9969B13B
:100C000028AB002223F8022D0093D4F83401494682
:100C100042460E9B36F096D805F8430C079B25F804
:100C2000743C149825F8640C1699B1F1807F0BD0B0
:100C300031B90AF07F03162B02D8774A9A4001D4C3
:100C4000012002E0169800E00220069A80B202F02D
:100C50004073B3F1807F0BD033B902F07F02162AC4
:100C600002D86D49914000D401239B009BB200E063
:100C700008230899184301F04073B3F1807F0BD02B
:100C800033B901F07F02162A02D86349914000D49B
:100C900001231B019FB200E02027236A0743186944
:100CA00066F0FED9C0B247EA002725F8627C0F9AA9
:100CB000B2F1807F0CD032B908F07F03162B02D836
:100CC000554A9A4001D4012300E00F9B9BB200E0FB
:100CD00002230D98ADF89A30421ED2B2012A09D8EB
:100CE00043F01003ADF89A302368D3F888309A693E
:100CF00001329A6141462046BDF89A707EF080DC50
:100D0000B3690743B9B21B01ADF89A100ED5236839
:100D100093F8E13053B1236A186967F099DB236ACD
:100D20000DF19A011869129A67F0ACDBBDF89A30A0
:100D3000414625F86E3CB4F85824204627F09AD94D
:100D400025F86C0C51462046B4F8582427F092D967
:100D500025F86A0C179911B9BBF1000F0FD006994D
:100D6000B4F85824204627F085D925F8680C08994E
:100D70002046B4F8582427F07DD925F8660C0F9A40
:100D80004AB10D9B042B06D1204641460E9A1FF016
:100D900077DC25F8380C169848B11099042906D14B
:100DA000204651460E9A1FF06BDC25F8360CD9F818
:100DB0000430580640F1AE801A9A002A00F0AA804A
:100DC0001998159900EB41039B8B002B7BD0B369DD
:100DD000590500F19F80329A002A40F09B800E9BBB
:100DE000204641460D9A1FF0A7DB0B9B0990ABB143
:100DF00006990C9A204617F041D808990746119A8F
:100E0000204617F03BD80B99B1F802B0BB4435F837
:100E1000427C1BE058168900000210280A9ABAB9D1
:100E200041460D9A0A9B20461FF0A6DD099B5146BC
:100E300000EB030B109A0E9B20461FF07DDB514602
:100E40000746109A20460A9B1FF096DDC71902E05C
:100E5000DDF824B00B9F1FFA8BF225F8702C25F8D3
:100E60004A7C1998159900EB41039B8B0998C3188C
:100E70009B1A9BB21A0419D4204641460D9A16F0CB
:100E8000FFDFFF2805D9B4F85A24904238BF024644
:100E900001E04FF48072349992B204EB4103B3F84D
:100EA0005C34934202D0204618F076D8236893F839
:100EB0004430002B2ED0349A032A2BD8D4F860016A
:100EC00015995A4623E0236893F8443013B3349BB2
:100ED000032B1FD81A480B99C75C204639B10C9ACE
:100EE000069916F0CBDF0B9B5A8882180CE041461E
:100EF0000D9A0E9B1FF020DB0D9A054641462046B9
:100F00000B9B1FF039DD4219D4F8600139464B467E
:100F100050F0F0D8B369BDF8980043F08403B36192
:100F200029B0BDE8F08FD4F8842428F4800892F921
:100F300013202AF4800A012A7FF4F3A9FFF7FBB9F2
:100F40006CE1880070B50B6912B15478032C01D89C
:100F5000002212E04D6845F480744C605679012EF1
:100F60008DBF24F4806445F4A0654D604C605478D6
:100F7000052C2FD9062C03D1012283F8A42370BDA0
:100F8000147A14F0040F4C6814BF44F0806424F009
:100F900080644C60147A04F00804D4F1010438BF72
:100FA000002483F8A4438B6823F004038B605478F7
:100FB000062C0FD9127AD2060CD5026843F004032E
:100FC0008B6092F80C21D00704D592075CBF23F008
:100FD00004038B6070BD00002DE9F04FB5B09A4658
:100FE0003F9B05460B2B894616463E9F409C40F290
:100FF000E6800C3B04931AF07DDE0021C8220590A8
:10100000204600F075DE31460622204600F0ECDD79
:10101000FA7ABB7A494643EA022303F00302012A23
:10102000A4F86230E38808BF84F83420BAF1000FD6
:1010300014BF4FF4807200221343E38028465BF014
:101040009BDF60857A7A3B7A07F10C0B43EA022337
:1010500007AFE385002128220DF14408384600F04F
:1010600047DE2DAE00212822404600F041DE4FF041
:10107000FF3300210C223046ADF8CE3000F038DED0
:101080000DF1CE032F93049BBAF1000F0CBF4FF06C
:10109000600A4FF0700A8DE8480028460021524649
:1010A0005B462D97CDF8B8801CF0D6DA002840F0CA
:1010B0008680059B4246DEB2284604F13803394655
:1010C0001FF0D0DBBDF8CE304FF6FF72934217D041
:1010D0005A1E92B2DE2A75D843F480520E2B8CBF72
:1010E0004FF440430023D5F8580143EA020152F07F
:1010F00043D858B9D5F864319B889B0506D461E084
:10110000731E9BB2DE2BADF8CE605BD8BDF8CE303F
:101110009E4203D1E28842F00202E280EB1893F88B
:101120003C20494684F86120284652B25BF0C8DE74
:10113000BDF8CE30A08543F480520E2B8CBF4FF407
:10114000404300231343638600210C2230A800F0A3
:10115000CFDD1F4B0DF16C0830931E4B0021282270
:101160004046319325AF329500F0C2DDBDF8CE3058
:101170000021202238468DF872301B9400F0B8DD33
:10118000049BD5F8940602930021524630ABCDF86B
:10119000B080CDF894908DF8A4608DE8800857F069
:1011A00011D988B9608E431EDBB2DE2B0AD802F05B
:1011B00059DA00280CBF00206FF0130004E04FF054
:1011C000FF3001E06FF0130035B0BDE8F08F00BFD5
:1011D000112A8200812B82002DE9F04FA5B0044630
:1011E000D2F808A18B4615460021282205A898466A
:1011F00000F07EDD0FA80021282200F079DDD4F870
:101200006C3313B104F55B7008E0236893F82F305A
:1012100073B9236A5B7D052B04D1694805A973F076
:10122000EFDF05E0042B03D1204605A91FF066DDA2
:1012300005AF3B460FAE204629460AF138020DF1B4
:101240006409009628F090DA00212422484600F034
:101250004FDD0021082222A81A971B9600F048DDD6
:1012600094F84135CDF88C90DA0702D52A6DD7076E
:1012700008D49E0708D52B6D03F00603023B18BF68
:10128000012302E0002300E00123226892F84F20AE
:1012900012F003020BD0D5F8EC2012F4805205D1E5
:1012A0009DF8BC10002908BF1A4600E0002224ABBC
:1012B00003F8082D1FFA8BF6009332460023D4F86A
:1012C0009406294657F056D82E9A00F10C09136857
:1012D0000746994571D8404600210C2200F008DDF0
:1012E000BAF82E30A8F80830AB7923B1012388F87A
:1012F0000A30002306E0D5F8EC2012F4803204D046
:1013000088F80A3088F80B3004E0022388F80A30A5
:1013100088F80B202A6D40F23713134043B195F83B
:1013200058302BB1B8F80A3043F01003A8F80A304F
:10133000236893F830306BB9236A1B68022B09D1FC
:10134000BAF86230980605D5B8F80A3043F02003A1
:10135000A8F80A30236A5B7D43B194F872342BB14C
:10136000B8F80A3043F48063A8F80A30236893F889
:10137000A9305BB1D5F8EC30590407D4AB792BB167
:10138000B8F80A3043F48073A8F80A3022AB00930F
:1013900008F10C030193D4F8940600232946324641
:1013A000029756F055DFBBF1800F03D1D5F890308E
:1013B0001C9A5A612E9BC3F8009025B0BDE8F08FAF
:1013C000D40D89002DE9F04F4E688FB01746C6F353
:1013D000C0420C46D1F808A002920546002104A89C
:1013E0002822994600F084DC2369C6F3004B26F0DE
:1013F0008646039326F4EA162AF083036660A36008
:10140000002F00F0BF803B7897F8018043EA08285E
:10141000A4F80081BB7884F8023146F4803363601D
:101420002B6893F84120B2B193F842309BB146F457
:10143000A026D4F82431666093F85D307BB91AF4A5
:10144000007F03D094F82430D90608D528462146D9
:1014500036F04EDC03E02846214636F03BDC06221F
:10146000284621462DF05EDFA26812F0006222D1EC
:1014700008F00C039B10012B94F8FE0094F8FF1069
:1014800006D0032B09D043B9012284F8FE2001E0E5
:1014900084F8FE3084F8FF3003E084F8FE2084F8FE
:1014A000FF2094F8FE30834207D194F8FF60761A4B
:1014B00018BF012602E0002600E0012618F4407F54
:1014C00003D0636843F08043636018F0010F03D0DA
:1014D000A36843F08003A36018F0200F03D0A36833
:1014E00043F00103A36018F0400F03D0A36843F05A
:1014F0000203A360A3680AF0030A03F003039A45FA
:1015000018BF012618F0100F03D1636843F480134D
:10151000636018F4804F03D0636843F00073636026
:10152000C8F34008B9F1000F38D005F53E7003301C
:101530004946162200F058DBB8F1000F03D099F8A5
:101540000180C8F3800899F801301A0703D5636851
:1015500043F08073636099F8023013F008030ED0F3
:10156000039A41F61001D2F8083140F608425B8E2A
:1015700003F44043B3F5404F14BF0B461346A5F8A0
:10158000DC320BE02846214606222DF0CBDE284631
:10159000214636F09FDB3E46B84619E01022F91C82
:1015A0000DF1250000F020DBD5F8843404A89978EB
:1015B00073F0E4DED5F86812284624F095DEFF23A8
:1015C0000190002204A800930146134673F05ADEEE
:1015D000BBF1000F11D0636813F4803310D009AA57
:1015E0000023E11812F8010F91F85110884206D13A
:1015F0000133102BF5D1002302E05B4600E001230C
:10160000626802F48031C2F30042934500D163B1B5
:1016100004F1510029B10DF12501102200F0E4DAA6
:1016200002E0102200F064DB0126B8F1000F03D0C5
:10163000636843F400236360029B434500D146B1D5
:10164000D5F8843493F87B301BB9284621467BF0CB
:1016500085DA0FB0BDE8F08F00F506612DE9F041A5
:10166000093104464AF0D6DF94F872380546002B5B
:1016700074D0002872D06A21206948F0CFDC46007F
:1016800006F114084146206948F0C8DC00220746EC
:101690004146206949F004DB380406D4304831491A
:1016A0003A46BDE8F04100F0499BD4F88484012318
:1016B00088F86D3198F828313BB1A068D8F830111E
:1016C00011F044DE002388F82831204629460CF02A
:1016D000C2F998F81D3153B1012388F82831A06868
:1016E000D8F83011D8F82421002311F009DE206940
:1016F00006F1160148F092DCB4F8703883422DD11F
:101700000022134679B22846D5F810615BF094DCCC
:1017100028465BF0D7DBAB798BB9D5F81421D5F827
:101720000831128A5A852B7C4BB1D5F8EC309904DC
:1017300005D473791BB92846012144F0E5DA00236A
:10174000B37194F80C22D6F8F0309A4206D02846AD
:1017500084F80C32BDE8F04124F04A9ABDE8F081EB
:101760001B5A8900F14D89002DE9FF4104460D46C1
:1017700016461F460A994BF017D82046294632468E
:101780003B46FEF761F9B0F10008C0F2A180236882
:101790005B7E4BB9206956F02BDC28B1A06811F0B4
:1017A000DBDD4FF0FF3893E03EB1032F05D903A8EE
:1017B0003146042200F018DA01E000230393342DAF
:1017C00018D008DC022D11DB032D13DDA5F11B035E
:1017D000012B0BD80EE0D62D0CD001DCA32D04E09C
:1017E000FB2D07D040F20B139D4203D0002E65D095
:1017F000002F63DD3E2D02D0402D62D135E02368FD
:101800001B7E002B60D0D4F88424039992F81C31FD
:101810008BB1CBB282F84631D4F884241172D4F85B
:101820008424206992F8AC100122009201920022D7
:1018300049F0C0DB3FE0204649B27DF095DEB0F1D3
:10184000000845DBD4F88434039A20461A722CF041
:1018500095DF20467DF028DF2046D4F8B0141EF036
:1018600051DA204624F038DA32E0039B5A1C042A6D
:101870002CD8013301D103230393D4F88434039982
:1018800093F81C2172B1C9B283F8AD10D4F8843436
:10189000002293F84531206900920122019249F01B
:1018A00089DB04E0236AC9B2186965F07BDAD4F8F1
:1018B0008434039ADA714FF0000809E06FF00108F0
:1018C00006E06FF0160803E0984601E06FF01C0890
:1018D000404604B0BDE8F0812DE9F341089C07467D
:1018E0000E46154698460094FFF73EFF10F12F0F65
:1018F0000CD010F1170F0BD1384631462A4643461B
:10190000089402B0BDE8F04118F0B09B6FF01600EB
:1019100002B0BDE8F08113B504462CF011D8204682
:101920001CF0B8DBD4F88434012293F8AD102069A0
:1019300093F846310092019249F03CDB206902B0F5
:10194000BDE8104056F0669B37B5036804465B7EE1
:10195000002B40F01A81006956F04ADB002840F065
:101960001481236893F8203033B9206947F072DE80
:101970002368012283F82020206905F012FE2368E5
:1019800093F8693113B120464BF042DCD4F884342B
:10199000032293F8513000928022002B14BF13468B
:1019A00000232046042126F04FDA2368DB6EE3B9DA
:1019B000206948F0CFDF093017D12268D36E13F0C9
:1019C000020512D143F00203D366D4F864325959A8
:1019D00041B18B7933B94B7923B10B7C13B12046DC
:1019E0004AF05EDC0435202DEFD12368DB6E1BB19D
:1019F000204619F087D9C6E0206948F0F7DC206955
:101A000090F934114D1C03D1012148F0EDDC01E0C7
:101A100048F042DC01236376204627F0ABDD2368E3
:101A20002046596B0323009321B14FF480720021AB
:101A3000134602E04FF480720B4626F005DAA068E8
:101A400011F006DD236801221A7694F8CF3173B1C4
:101A500020462CF093DED4F854332046598E2BF0D8
:101A6000BFD9002384F8CF31204624F035D9D4F8EB
:101A700044260321204624F033D9204616F0E8DB23
:101A8000B4F83415204629F095D9206948F04EDF86
:101A900003232022009320461346012126F0D4D9A7
:101AA000236893F82F301BB1D4F818053BF0AADF58
:101AB00020461DF08BD820467AF0D0DD01254FF46A
:101AC0007A72D4F8E8110123A06811F019DCD4F877
:101AD0009C0184F82A5280F001DE20467DF0E4DD8E
:101AE000D4F88434204693F9121017F0F1DD204623
:101AF0002DF034DD20462DF01DDD204629462DF049
:101B0000BFDDE36884F86056D3F82421294642F00B
:101B10004002C3F82421236A0022186965F048D9DD
:101B2000236884F88C5693F8693113B120464BF042
:101B3000AFDB6A21206948F071DA003018BF01205C
:101B400084F873087E21206948F068DA421E92B258
:101B50004FF6FD739A4206D8430001304000A4F8C6
:101B60005038A4F85208B4F8501821B12046B4F8FF
:101B700070272DF065DFB4F8521849B12046B4F84B
:101B800054282DF05DDF002003E06FF0080000E036
:101B900008463EBD2DE9F04FB5B0DDF8FC800D9351
:101BA000B8F80A700D46ADF858701146BFB29146AC
:101BB000129704461AF09ED8B9F81670C0B21A9758
:101BC000B9F8047010900D9948461B9773F056DCD5
:101BD000419F4FF0000A87F800A008F10C07159705
:101BE000409F0F900C3F1897109FDDF860B00C9746
:101BF000159ECDF844A0CDF824A0CDF864A0CDF872
:101C000028A0CDF838A0CDF82CA0CDF850A0CDF864
:101C10004CA0CDF820A0CDF81CA02F464FE0337883
:101C2000951C2D2B21D007D8012B13D043D3032B88
:101C300012D02A2B40D114E03D2B1DD005D8089995
:101C4000322B08BF3146089136E04A2B1BD0DD2BE2
:101C500032D11FE007962FE0B2784FF0010A0C92C4
:101C60002AE0B31C1393149226E0204631462A46FC
:101C700058F03ADA0A901FE0204631462A4658F0DA
:101C800009DA0E9018E0204631462A4657F09CD9D2
:101C9000199011E0032A0FD9B01C04229149FFF3D7
:101CA0008FF7119B002808BF2B461193099B08BF93
:101CB0003346099300E00B967619C5EB0B0BBBF18D
:101CC000010F03DD7278531C5B45A8DB3D46099F7D
:101CD0003FB10A9F2FB920460999119A58F0B8D9F7
:101CE0000A90002D7AD1129FBE0740F1DA830B9B38
:101CF000002B00F0D6832046991C5A784AF00EDD5E
:101D00003190002800F0CD83037C002B40F0C98384
:101D1000037A002B00F0C583D0F80831588E01F00B
:101D20006FDC0C9F874240F0BC83319F20463946D0
:101D300017F054DD002847D0384649460D9A4346EF
:101D40001DF09ADF00283FD040993E9BD7F80461F0
:101D500003F110020191204649460123CDF800808D
:101D60000296FFF739F9002830D1B6F830B0BBF150
:101D7000000F2ED1216AD4F8843450315A469B7812
:101D800006F1380073F052D94099384600910D9A07
:101D90004946434643F034D9CDF800B0CDF804B0FD
:101DA0003B7C2046D3F1010338BF002302937D2200
:101DB000394607F1DC03CDF80CB0CDF810B01EF0B9
:101DC0008DD901220B9206E00B9504E000230B93C2
:101DD00001E000210B914FB33D4601E000270B9736
:101DE0001A9F3E9917F4404F0CBF4FF0000B4FF075
:101DF000010B01F10A07204629463A465B467AF074
:101E00004DDB064600BB2B7C002B40F04D8320466B
:101E100029463A465B467AF043DC0646002800F045
:101E20004383204631467AF0ABDA0DE094F88E32E7
:101E3000002B00F039833E9F204607F10A0131AAAA
:101E40007AF0D6DA064610B17368D80720D4089F16
:101E500027B17878B91C27F07BDD58B9079F67B1A7
:101E6000B91C787827F074DD10F1000B18BF4FF023
:101E7000010B04E04FF0010B01E0DDF81CB066B18E
:101E8000BBF1000F07D1736843F00103736004E0F6
:101E90004FF0000B01E04FF0010BCDB1AB79DBB996
:101EA0002B7A0BB3D5F808315B8E079303F460539C
:101EB000A3F5C052534243EB02030798089301F085
:101EC0009FDB0C9FC11B484240EB010009900EE0D4
:101ED0000895079509950AE000270897079709973D
:101EE00005E000BFFE370100089307930993B4F89B
:101EF0008E32002B7FD0236A5B7DC3B10C9FD4F858
:101F00007C040E2F8CBF4FF44042002247F48051D6
:101F1000129F114307F02003D3F1010338BF0023C0
:101F20000193139A149BCDF800B071F0CDDE2368B5
:101F300093F84F309B0712D00C9FD4F880040E2FDB
:101F40008CBF4FF44043002347F48051089F19434E
:101F50000E9A0A9BCDF800B0019772F0D9DB94F885
:101F60008E32002B47D000210C222EA8FFF3C0F6A2
:101F7000944B1CAF2E93944B3846002128222F936C
:101F80003094FFF3B5F6BDF858100DF1980CDDF85C
:101F900030E0ADF87610604600212022CDF818C060
:101FA0001C968DF874E08DF878B0FFF3A1F62D97AC
:101FB0000D9F236827973E9F93F84F302897109FD7
:101FC00003F003038DF8A8700F9FDDF818C02B975E
:101FD000159F8DF8B0300197189FD4F89406002112
:101FE00090222EABCDF89890CDF8A480CDF800C00B
:101FF000029756F0E7D994F88C32002B00F0568205
:10200000099F002F00F05282236893F84F20970712
:1020100000F08A800E9F002F00F086800A9F002F1C
:1020200000F0828093F8A93033B1D4F878012946C2
:1020300053F0F2DC002877D10E9F20467A78397869
:1020400024F0ACDC079F034617F4404F0CBF00227E
:1020500001220A3254F822201192D5F8082162B1E7
:10206000D28812F0200208D00A9F3A7812F00202B9
:1020700003D00E9F7A78C2F380020992BAF1000F62
:102080000BD1109FDAB2BA4207D01846069301F07E
:10209000B7DAB842069B40F00982D5F80821002A39
:1020A0002DD01846069301F0ABDA0746079801F0E9
:1020B000A7DA8742069B22D1D5F80821528E9A4290
:1020C00032D0002E30D02A7A002A2DD02046119905
:1020D0002A4625F055DEFF28074600F0E781DDF8A7
:1020E00024E0204629463A465FFA8EF315F088DE52
:1020F000D0B1204629463A462DF0C6D914E0BAF1AF
:10210000000F11D01846069301F07ADA0C9F069B57
:10211000B84200F0CB8103F46053B3F5805F03D085
:10212000B3F5C05F40F0C281419F01233B7023683B
:10213000D5F818A193F84F30980716D0AEB10A9F82
:1021400037B1199F2046009731460A9A0E9B0AE044
:102150002B7C53B97368D90307D50A9F2046009793
:1021600031463A463B4617F075D92B7C002B00F0E0
:10217000BF803E9F0D9B204629464A468DE8800140
:1021800015F02ADF236893F83B3043B10D9F2046BA
:10219000294632464B468DE880015EF013DA9AF804
:1021A00009301BB1284600212BF028D99AF80D30B0
:1021B000DBB1D4F830371A680AB11F7A37B1284634
:1021C000002110E0F1CF8100F5CF810004F020D98B
:1021D000D4F830371A69821AB2F57A7F05D901220C
:1021E0001A72284639462BF001DCD4F830371B68C8
:1021F000002B48D01B9F0123C7F3C0120F99204624
:102200001EF08EDB98F8023098F801101B0443EAA8
:10221000012398F80010B8F808700B4398F80310E1
:10222000024643EA0163329398F8063098F80510A5
:102230001B0443EA012398F8041034A80B4398F8D0
:102240000710002F08BF642743EA016340F8043DEC
:1022500032A900F0E7D93846329A339980F05ADA39
:10226000D4F83037BF021A68BA1A90420BD95A68AC
:10227000BA1A904207D23F1A5F60D4F84401294647
:1022800001225FF0CFDC236A5B7D2BB1129F2046D9
:10229000C7F380212CF076DAD4F85801079950F072
:1022A000B7DD80B1D4F85801079950F0A7D9236A57
:1022B000186964F0F5DE079FB84204D1002120467A
:1022C0000A4625F079DE4A460D9BD4F8440129469A
:1022D000CDF800805FF06ED8D5F8EC309A0458D570
:1022E000D4F84C0129464246409B63F0F7DF50E0AA
:1022F000BBF1000F03D1129FC7F3401300E001238D
:10230000DBB23EB1726813B142F0040201E022F088
:1023100004027260226A527D4AB10193D4F87C04AF
:102320002946139A149BCDF800B071F025DD23687F
:1023300093F84F309B070AD0089FD4F880042946B1
:102340000E9A0A9BCDF800B0019772F039DA0B9F14
:10235000FFB9D4F868329D420CD0284649460D9A00
:1023600043461DF089DC28B1284649460D9A43466C
:102370002CF0BEDA94F88E325BB9D4F868329D4204
:1023800007D1284615F090DE18B1204641461BF0D3
:102390002BD800210C222EA8FFF3AAF4454B1CAF2A
:1023A0002E93454B0021282238462F933094FFF37B
:1023B0009FF4BDF85810DDF830E01C9626AE2022C0
:1023C000ADF87610304600218DF874E08DF878B0C5
:1023D000FFF38EF42D970D9F236827973E9F93F868
:1023E0004F302897109F03F003038DF8A8700F9FBC
:1023F0008DF8B0302B97159F80220197189F2EAB38
:10240000D4F894062946CDF89890CDF8A48000968B
:10241000029755F0D7DF9AF80230013BDBB2012B6F
:1024200013D8AB798BB92A7C7AB1D5F8182192F8F8
:102430006C20022A09D14FF0FF3201922046294632
:1024400005F1DC02009329F07DDD0F9F17F0407F3E
:1024500001D1384602E00F9872F08EDE00F07F0066
:1024600002280AD0042808D00B2806D0A0F1160CA8
:10247000DCF1000040EB0C0000E001200190B9F815
:102480000400B9F80610800B02900120002203908E
:1024900099F91C302046090A009204950BF00DFBB7
:1024A00004E000270B97C1E40026D0E435B0BDE876
:1024B000F08F00BFF1CF8100F5CF81002DE9F04F03
:1024C00091F91530A1B0002504468A461E951F9546
:1024D00073B11BF0D7DD58B12368BAF81C20D3F8CC
:1024E0008830D3F8C8118A18C3F8C82100F0A3BCFB
:1024F000BAF80230606803F00703052B0B900A93CB
:1025000000F2A48463690A9953F82100002800F0BE
:102510009D849AF81820022A089200F08984714B51
:102520000221DB6B9847814638B920460A9914F09E
:10253000BDDE8146002800F089842046494611AA64
:1025400023F0FEDF236893F89C30012B06D0BAF805
:102550000220BDF848309A4240F07384B9F80E303A
:10256000614E03F007030993604DF35C4946EB5C51
:1025700011AA0C93189B0D9318881EAB0E90009314
:1025800020461FAB18F094D9236893F84F309B076F
:1025900017D011A81BF0A4DC38B12368D3F8883019
:1025A000D3F8A4220132C3F8A42211A81BF0AADC9C
:1025B00038B12368D3F88830D3F8AC220132C3F89D
:1025C000AC22D9F818305D056CD511AD20462946EE
:1025D0002CF040DE08BB5346D4F834011E994A461D
:1025E000009534F05DDB236893F8E130002B59D07F
:1025F0001E99002956D0BDF85000BAF8022000906C
:10260000BDF84E30D4F8F8067AF086D8D4F85C01DC
:102610001E990C9A7AF0D2DB44E01F99A1B1089A76
:10262000072A11D1D1F8EC3098030DD4D4F84C011D
:1026300063F0C0DC28B9D4F84C011F9963F01CDDAD
:1026400010B11F984AF0F2DA11AB0093D4F83401BC
:1026500053461E994A4634F085DA2368054693F8B6
:10266000E13093B11E9981B1BDF85000BAF8022053
:102670000090BDF84E30D4F8F8067AF04DD8D4F872
:102680005C011E990C9A7AF099DB1F98002800F0E3
:10269000D2838379002B40F0CE830AF108016FF0DA
:1026A000B9DBC8E3204611A9D9F834701BF040DC2F
:1026B000BAF81C60FF0E07F001070F90BAF81A80F5
:1026C000E6B12368D3F88830DA68013A9219DA6003
:1026D0001E9B9BB167B1D3F82C22013A9219C3F823
:1026E0002C220BE010A78800BAD588006CE1880086
:1026F000D3F83822013A9219C3F83822B8F1000F02
:1027000006D02368D3F88830DA68013A4244DA60A8
:102710000E98494600F48063D3F1010338BF0023CB
:102720000B98079300F016DED9F818509AF9193073
:10273000C5F3C06B002B00F0868023681E98D3F889
:102740008830D3F8A8210132C3F8A821D3F8C821D2
:10275000013A9219C3F8C82128B103691BB1DB689B
:10276000DA6B0132DA63012E05DDD4F88C54013DB9
:10277000AD19C4F88C54079900294DD02368D3F8BB
:102780008830D3F8D8210132C3F8D82128B10369A1
:102790001BB1DB685A6B01325A630123099900228D
:1027A00008F065F8D4F88C347BB12368D3F888300E
:1027B000D3F8B4210132C3F8B4211E9B2BB11B699D
:1027C0001BB1DB68DA6A0132DA62D4F88C34012B8F
:1027D00014D923681E98D3F88830D3F8B821013271
:1027E000C3F8B82128B103691BB1DB681A6B013249
:1027F0001A6309990C22012308F039F81E9B5BB17A
:102800002FB1D3F828220132C3F8282204E0D3F8EC
:1028100034220132C3F834221E9B13B12268926A1B
:102820009A621F9B002B00F015829A79002A40F0D3
:102830001482197C002900F01482D3F8103101258C
:102840009A7190460FE215F4825543D023681E9882
:10285000D3F88830D3F8A8210132C3F8A82128B1D1
:1028600003691BB1DB68DA6B0132DA63079A0AB3DA
:102870002368D3F88830D3F8D8210132C3F8D8219F
:1028800028B103691BB1DB685A6B01325A6301231B
:102890000999002207F0EBFF1E9B5BB12FB1D3F823
:1028A00028220132C3F8282204E0D3F8342201326E
:1028B000C3F834221E9A002A00F0D8811F9B002BF7
:1028C00000F0DA819D79002D40F0DC8123689B6A5D
:1028D0009362D8E1089B032B09D0042B0CD1236809
:1028E000D3F88830D3F810220132C3F81022A8465A
:1028F0002F460126AB46DDE10898052829D123683B
:102900005A6BD3F88C103AB1B9F80E20954802F002
:102910000702825C9448825C143201EBC2014A686F
:10292000D3F8883001324A60D3F8A0221E980132D1
:10293000C3F8A02209990422012307F098FFB4F8F4
:102940003455002D00F0A381204623F0DFDA002566
:102950009DE10899012916D11F9B93B19B7983B101
:102960001E9B73B11A7DD20704D493F824309B07C1
:1029700040F16582204649465246079B3CF09ADC6E
:102980004BE0089E4DE0089A062AB0D0072A51D1A4
:102990001F99002900F05382D1F8EC309F0040F1DC
:1029A0004E829E030DD4D4F84C0163F003DB28B9AA
:1029B000D4F84C011F9963F05FDB10B11F984AF007
:1029C00035D91E99002900F03A821F9B9B795BB193
:1029D00091F824309D0707D58B68580604D501224D
:1029E000204613463CF0B4DBD9F81830590544BFF3
:1029F00043F48073C9F81830D9F8183023F4004331
:102A0000C9F818301F9BD3F8EC309A0340F11782B5
:102A100020461E994A4625F0BBDB0646002800F0FA
:102A20003A81002520460AF114011BF021DBA8465B
:102A30002F465FE7BAF8063033B12368D3F8883001
:102A40009A6B01329A6352E71B9B1B78DB0741D5D7
:102A50007EB12368D3F88830D3F8A8210132C3F8B7
:102A6000A8211E9B2BB11B691BB1DB68DA6B0132FD
:102A7000DA63079B002B00F0138123681E98D3F8BC
:102A80008830D3F8D8210132C3F8D82128B103699E
:102A90001BB1DB685A6B01325A630999002201238A
:102AA00007F0E5FE002E00F0FD8023681E9DD3F8A0
:102AB0008830D3F8AC210132C3F8AC21002D00F0EE
:102AC000CD812D69002D00F0C981EB689A6B013230
:102AD0009A63C2E11F9B002B48D09A79002A45D106
:102AE0001B7C002B42D00D98037CDD073ED53EB108
:102AF0002368D3F88830D3F8A8210132C3F8A8217D
:102B00000799002900F0CC8023681E98D3F88830FC
:102B1000D3F8D8210132C3F8D82128B103691BB1F9
:102B2000DB685A6B01325A6309990022012307F0CE
:102B30009EFE002E00F0B68023681E9DD3F88830DC
:102B4000D3F8AC210132C3F8AC21002D00F086810E
:102B50002B69002B00F07C81DB689A6B01329A6351
:102B600076E100BFBAD588006CE188000F9AB4F80E
:102B70006A341AB1984503DAB4F86C349E4261DBCA
:102B800022680798D2F88830D3F8C851AD19C3F835
:102B9000C851002800F08980D3F8B0110131C3F882
:102BA000B011D4F8843493F81D1109B3D4F8681225
:102BB0008979E9B992F8642122B193F86D210AB1BB
:102BC00083F86D11D4F88414204601F582710BF05E
:102BD00048F9D4F88434012283F82821D4F88434C5
:102BE000A068D3F83011D3F82421002310F088DB3B
:102BF0001E9860B12FB1D0F830320133C0F83032B6
:102C000030E1D0F83C320133C0F83C322AE10123F4
:102C10000999082207F02BFE1E9B2BB11B691BB1E3
:102C2000DB689A6A01329A62002502238DE8280047
:102C300020461F9914221B9B0295039504951DF0B5
:102C40004DDA33E023680025D3F88830DA690132A1
:102C5000DA614CE60125984605E001254FF00008B1
:102C600001E0012588462F462E4623E00127154620
:102C700090463E4693461DE001271D4698463E4637
:102C80009B4617E000250127A8463E4632E6A846A7
:102C90002F4601260EE0054680460746834609E09A
:102CA000079DDBE03546B046D9E0079D4FF00108AF
:102CB0002F464646B4F8343543B1D4F838352BB1F5
:102CC0000899052902D0204623F00ED9BBF1000F48
:102CD0004ED01E9B002B4BD011A81BF001D99DF8A4
:102CE0004E30834603F00303023BDBB2012B04D8D2
:102CF000204611A92CF0B6DA00E0FF200A9A032A38
:102D00000AD85B498B5C04EB4303B3F83622130902
:102D100003F00F03120B03E0B4F86E34B4F8702420
:102D2000009200220392BDF84C200190C2F30032C1
:102D30000492D4F85C011E995246CDF808B07AF09E
:102D4000BFD8236893F8E13093B11E9981B1BDF8E3
:102D50005000BAF802200090BDF84E30D4F8F806C2
:102D600079F0DADCD4F85C011E990C9A7AF026D856
:102D700020460A9901222CF0E7D81E9860B15EB176
:102D8000E368D3F88021D9F830309A4204D91DB1D4
:102D90000999D21A07F079FD1F9DB5B10AF1140106
:102DA00020462CF03DDB014628462CF0EFDB0E9A46
:102DB00002F0FC03082B01D0882B06D1079B23B11E
:102DC0001F980AF108016FF025D81E99C9B10B7D33
:102DD000D80716D41F9BA3B19A7992B91A7C82B1F5
:102DE0001A7A72B1D3F8EC2092040AD4D3F81031D5
:102DF0005B7933B9204652463B46CDF8008043F01C
:102E000075D97EB10AF1140120462CF009DB494640
:102E10000246D4F8880463F01DDE0B98494601226F
:102E200003F0B2DF079828B10025C4F88C5402E003
:102E3000002500E0079D284621B0BDE8F08F01265F
:102E4000EFE50B984946012203F09EDF0125F2E7EA
:102E5000D5F868310133C5F868310025A846012747
:102E60003E4627E7D0F84C310133C0F84C31CEE66E
:102E70006CE188002DE9F04F002BB5B007930CBF33
:102E800004230A230993079B15690DF12C0918BF28
:102E90002023044615AF8846934600212822484641
:102EA0000693D5F80C610DF1B80AFEF321F7002165
:102EB00028223846FEF31CF700210C225046FEF370
:102EC00017F7336B20468DE808042946069AF36A03
:102ED000CDF8B8902F9714F0F3DD002840F0F8807B
:102EE000B8F80630D80715D5216A4B7D93B10A6D25
:102EF0000CA854310B92FEF377F6D5F8EC30990418
:102F000005D5D4F84C0129464A4663F08BD90023F5
:102F1000159308E015AB00932046294608F13802C6
:102F20000BAB26F021DCF36A83B128A8002118221C
:102F3000FEF3DEF6F36A2D942893336B2993674BE7
:102F40002B93674B2A93674B2C9328AB1FAF002121
:102F5000242238460893FEF3CBF60BAB002108225F
:102F6000219331A815AB2293CDF87CB0CDF88080A9
:102F7000FEF3BEF62368294693F84F2034AB12F0D7
:102F8000030218BFDBF80420D4F8940618BFC2F37C
:102F9000004203F80C2D0093069A089B329755F0D7
:102FA000E9D9099B069900EB030A33AB029320464B
:102FB000424605F1E2038DE8000523F03FD80746BD
:102FC00030B920463946B5F82E2140F015DB80E0B7
:102FD000204629464246DDF8CC901CF05BDBA9F880
:102FE0000000738CA9F80230339B04333393079BA2
:102FF00013B9AAF1040A13E006F124094846FFF3C5
:10300000E3F410B93398494602E0339805F1F8012A
:103010000622FEF3E9F5339BAAF10A0A063333933D
:1030200031AB0093339BD4F8940601932946069A5A
:10303000089BCDF808A055F00BD9814628B16068EF
:103040003946012203F0A0DE42E0339B009001905C
:10305000029003932046294657224B46CDF810A0F4
:103060001DF03CD8706B18B103F06ADEC6F83490DE
:10307000079B23B1339B0AF1060A063B3393339B2C
:103080000AF1040A043B3393079B504686F83C3010
:1030900003F044DE706308B9B06305E0339952462B
:1030A000FEF3A2F5C6F838A0B8F862300095C3F375
:1030B0004013019300230293039339462046D4F82A
:1030C000BC255B4626F09AD9002808BF002700E0FF
:1030D0000027384635B0BDE8F08F00BFCDCE810067
:1030E000DDCE8100FDCE81002DE9F04F95B0064682
:1030F00006910792209C219DD0F800909B46002BC2
:1031000000F0B380ECB91E9A012A1CD11F9A931EBD
:10311000012B18D8032A16D1002D40F0AB80C36EC6
:103120005A1C05D01C3350F82350002D40F0A280CB
:1031300048460021B6F82E2140F0D6DD4FF00008B9
:1031400094E0002500E025464FF0B00806270DF179
:10315000200A002124225046FEF3CAF51E9B1F9A26
:103160000893229B099211A800210822CDF828B0CB
:103170000B930594ADF83040FEF3BAF5CDF848A0B6
:1031800044B1089B032B0FD14C2C0DDB4D2C01DDE2
:103190007E2C09D111AB0093D9F894063146B022A8
:1031A000002355F0E7D83F18079B41468DE888007B
:1031B00013AB02934846069A06F1E20322F03EDF83
:1031C0008046002852D075B10023009301932A460F
:1031D000139B4846314658F00DDC95F90E30139A92
:1031E000FF1AD21813921E9BDDF84CA09AB2AAF8CF
:1031F00000201F9BAAF80230059BAAF804300AF1B0
:10320000060313933CB1032A17D14C2C15DB4D2C2C
:1032100001DD7E2C11D111AA8DE80C00063F02972A
:10322000D9F894063146B022002355F011D824B9BC
:10323000BDF830300BB1AAF80430B37913B1F3689C
:10324000DA6801E0D9F8BC259DF88C30414601933D
:103250000023039348465B460096029526F0CED89D
:10326000002808BF4FF0000800E09846404615B01F
:10327000BDE8F08F95F90E7044F2B008063766E7A6
:103280002DE9F0470446A4B090469A460D46002921
:103290006DD0D1F86433002B69D004AF0EAE334645
:1032A0003A460DF1600923F01BD90021242248463B
:1032B000FEF31EF5236A00216533082221A8189326
:1032C000CDF864808DF868A01B971C96FEF310F56E
:1032D0002368CDF8889093F84F3013F0030307D09C
:1032E000D5F8EC3003F48053D3F1010338BF002349
:1032F00024AF07F80C3D294640220023D4F8940659
:10330000009755F037D82D9B0190009323AB029383
:103310008046402120462C9A05F1E20322F08EDE01
:10332000064620B3239BD4F89406019329464022F5
:1033300000230097CDF8088054F08ADF28B1606838
:103340003146012203F020DD11E0D5F8EC3013F412
:10335000005306D0D4F84C012946324663F0D8D940
:1033600005E020463146D4F8BC2528F0DDDD24B048
:10337000BDE8F0872DE9F04390F8A03787B0044608
:103380002BB1002380F8A0374FF0010800E09846E9
:1033900023681A7E32B9B8F1000F00F03B82204654
:1033A000022135E2206954F023DE18B1A0680FF045
:1033B000D3DF27E220461BF05DDB236A20461F692E
:1033C000D4F86832D3F814219D79167C1CF0FCD90E
:1033D000031C18BF0123384671B22A4663F094DCFF
:1033E00094F88C36ABB12369D3F88830D3F82451E4
:1033F00015F040050DD120462BF0C0D9236A84F882
:103400008C56186929462A4663F0D2DC204622F001
:1034100063DC236820469A6A01329A621CF0D4D990
:1034200018B9D4F8843483F8290120460AF0B7FD8E
:10343000236A186965F05AD80146204659F028DDFC
:10344000236A186965F00CD90146204659F0D8DC8A
:10345000236893F93D307BB1D4F8240103A90022FD
:1034600078F098DB01E00023C361D4F8240103A9BC
:1034700078F0A6DB0028F6D194F8D4314BB1204681
:1034800016F03EDB28B194F8E43113B1013B84F827
:10349000E431204626F082D8204617F01DDC204675
:1034A00026F0D6D894F8D43113B1204624F068DA47
:1034B0002368DA6E002A40F0A58193F8693113B1D0
:1034C00020464BF023D9204647F030DB236893F8A1
:1034D0002F20CAB193F83030B3B120461CF09CD8ED
:1034E00090B1D4F864120023CA582AB1907918B167
:1034F000507908B112791AB10433202BF4D103E0CA
:10350000D4F818053AF07EDAD4F828351B68A3B150
:1035100020462AF0CFDCD4F828355A681B68B2FB65
:10352000F3F103FB112313B9204615F089D8D4F821
:1035300028355A6801325A600AE023689A6A1E23C5
:10354000B2FBF3F103FB112313B920462AF0B2DCDE
:1035500094F88C3243B194F8F034013BDBB2022B87
:1035600002D8204615F048DE0025D4F864325F59B1
:103570001FB3BB790BBB3B7AFBB1D7F818319B7AF1
:10358000DBB1384625F090DEB8B13B7CABB1D7F863
:1035900018319B7A8BB13B7A7BB107F1DC06304660
:1035A000FFF312F2034640B94FF0FF320090019250
:1035B00020463946324628F0C5DC0435202DD4D1CA
:1035C000204616F003DB236A5B7DB3B123689A6A59
:1035D0003C23B2FBF3F503FB152575B9D4F864322F
:1035E000585938B183792BB9037A1BB1037C0BB9D5
:1035F00017F028DC0435202DF0D120462AF038DCE5
:1036000020B9D4F8180539F0A9DF38B1236A202190
:103610001869002264F03ADD002604E0236A2021C4
:1036200018690122F6E7D4F864329D59FDB1D5F846
:10363000A83013B1013BC5F8A830D5F8AC701FB164
:10364000013FC5F8AC7012E0AB7983B12B6D9907DF
:103650000DD595F8A43053B102F0DADED5F8B010EC
:1036600040F052DE18B1C5F8A87085F8A470043691
:10367000202ED8D1B4F850371BB1013BA4F85037F5
:1036800002E0204622F076DD002635460BE0D4F835
:10369000C4329B195B6A23B1D4F8C82252F82500C2
:1036A000984701353836236893F8B4209542EEDB0D
:1036B00093F83B5045B193F83C502DB194F8FC552C
:1036C00015B1E368D3F880510026D4F8643253F87A
:1036D0000690B9F1000F40D099F80630002B3CD18C
:1036E00099F80830002B38D099F85633DA0704D50A
:1036F0002046494699F8542305E0980705D599F8DE
:1037000055232046494624F0A7DB94F8FC3523B323
:1037100099F804300BB3D9F818314A461978204685
:1037200029F02CDE236893F83B20B2B193F83C30AB
:103730009BB194F88E3283B9D9F80831D4F850018E
:10374000DF8D93F86030BF0201335F4399F8441076
:103750002B463A465CF066DFED190436202EB4D1D4
:10376000236893F83B206AB193F83C3053B194F846
:103770008E223AB994F8FC3523B1D4F850010121D6
:103780005CF07ADF002384F8FC352268D4F88434B6
:10379000926AB3F89E30B2FBF3F103FB112313B925
:1037A000204609F095FAD4F8683223B1D3F81821ED
:1037B0000AB112781AB1D4F86402002202E01B7A2E
:1037C000CBB9F8E7835893B19D79D3F8EC1015B1D4
:1037D000890405D40BE011F4005F08D0C90306D4B6
:1037E000197A21B1D3F818310BB11B781BB104320F
:1037F000202AE7D103E0A06802210FF027DE20464F
:1038000019F0ECDFB8F1000F04D0204602210022AD
:103810002BF050DF07B0BDE8F08300002DE9F04F3A
:1038200092F82A301446B2F81CB08DB006460D4608
:10383000D0F804A00F6952692BB1936894F82280E4
:1038400003F11A0903E09268984602F11809A36887
:10385000072B0DD93046494613F0E8DC40B1B9F8E2
:1038600006304FEA132949EA03291FFA89F901E0D2
:10387000B4F8089095F8243003F01203022B0DD110
:1038800048F68E03994509D12068D7F80811103001
:103890000622FEF395F1002840F0C88394F82C30FE
:1038A000EBB9A38B1B051AD53368D3F88830D3F84E
:1038B0004C230132C3F84C23D5F824220132C5F839
:1038C000242205EB4802B2F8A410B4F87E209142FD
:1038D00005D1D3F8BC210132C3F8BC21A6E3BB79E2
:1038E000CBF3802B002B32D1D7F818311A7B92B151
:1038F00094F82C207AB9BBF1000F0CD195F8CA10BE
:10390000626A51FA02F2D00705D43846A18B0293BD
:1039100017F05CDB029B3268526BC2B11B7FB3B104
:1039200094F82A309BB194F8283083B100213846AE
:1039300029F008DAD7F8EC30990408D5A28B12F4F4
:10394000005204D1D6F84C01394662F003D9238CD9
:103950005A0700F16B83A38B03F4804363633BB985
:103960003A6D40F237131340EBB197F85830D3B1AA
:103970000023A3633046234651462A46CDF80080F3
:103980007AF042DB636B40B9002B00F04F83D5F82F
:1039900064310133C5F8643148E323B1D5F86031AF
:1039A0000133C5F8603194F82C3043B908F1500365
:1039B000B4F87E0005EB43039A88988000E000226B
:1039C00094F82C3043B3636994F82A209B680AB1B9
:1039D0001A3300E01833B9F5006F40F06E81A26829
:1039E000072A40F26A811A7A1209042A40F0658196
:1039F0009A6912BA002A00F060815B7C012B40F0CA
:103A00005C8102F07043B3F1604F00F05681D2B296
:103A1000FF2A40F00B8350E1B4F87E0008F118094A
:103A200010F00F0340F0A38005EB8909D9F80410CA
:103A300079B11A465046029303F0A6D9029B05EBD2
:103A40008802C2F8843008F14A02C9F8043045F807
:103A50002230BBF1000F00F03081E368626903930C
:103A600005EB88035A66A16B31B105F51C70053072
:103A700014311022FEF3B8F063699A685868510D4A
:103A8000C0F3140E9889DB8849058E44C3F34A13AA
:103A90003168013302EB000C7344C969CCEB0303BA
:103AA000CEEB020E896803EB0E021018884234DA5E
:103AB0005046FBF791F808F1180905EB8909C9F898
:103AC0000400002800F0B28262698068916853683F
:103AD00021F07F4E2EF4600E9289C3F31403C3EBE2
:103AE0000E03C91A9A18FEF37FF061698B684A6861
:103AF00023F07F4323F46003C2F314029A1AD9F827
:103B000004309868801898609889821A9A81888908
:103B100000229881504603F037D9D6F8E015039B70
:103B200005EB880259186FF005035B1A3168A1484C
:103B3000C96989685B18C2F8843061680822FEF39D
:103B40003FF06B6810B943F0080301E023F008036D
:103B50006B60994861680822FEF332F0AB6810B9D7
:103B600043F0200301E023F02003AB60A5E005EB68
:103B70008901496800293ED0504020F00F0020B94B
:103B800002F00F02013293420FD00022504603F0A0
:103B9000FBD808F1180205EB82020023536008F1FC
:103BA000200205EB8202536021E0A16B49B105F5CB
:103BB0001C70053014311022FEF302F0002840F092
:103BC000358208F1200905EB8909A368D9F804209A
:103BD00008F1180C93421DD905EB8C075046796803
:103BE000002203F0D1D800237B60C9F8043008F12B
:103BF0004A0845F828303368D3F888301A6E013205
:103C00001A662B69002B00F01182DB685A6D0132B5
:103C10005A650BE28DE8080405EB8C0CDCF8041007
:103C2000304609F104026368CDF808C013F036DFAE
:103C300050466169002203F0A7D8DDF808C0BBF147
:103C4000000F3AD1DCF8042008F14A036261CCF895
:103C500004B045F823B09368928903F11801C9F8BC
:103C600004B06160A2F11801A16094F829102360EA
:103C7000E26021B103F11E011E3A6160A26094F876
:103C80002A203AB1626884F8228002326260A26817
:103C9000023AA2601A785B7842EA0323A383636B3B
:103CA0005BB1A36B4BB193F90E2061688A18626017
:103CB00093F90E30A268D31AA360A36B63B11B7A89
:103CC000042B04D1304621467AF02ADA04E00B2B8B
:103CD00002D120461AF0ACDBBBF1000F40F0C481EA
:103CE000626993695B0613D5BB792BB9D4F8801050
:103CF000384618316EF08ED863699B69180640F11A
:103D00009581D6F830012946224601F0B5F9ABE19C
:103D100023689888D988ADF81000ADF8121018897A
:103D20005989ADF81400ADF818109889D989ADF803
:103D30001A00ADF81C10188A598AADF82000ADF8A9
:103D40002210988A94F82910ADF8240041B1198BFB
:103D5000588B9B8BADF82810ADF82A00ADF82C30AD
:103D6000A38B13F4807F03F4007304D104A961676B
:103D700023B108AB05E008A961670BB906AB00E009
:103D80000AAB6168236793683046C3EB010813F000
:103D90004DDA6369998988B1072940F247819A68A9
:103DA000A8F106084244C8EB01089A60A3F80C8009
:103DB000E26615E02C1D8900033801000D2940F250
:103DC00035819A68A8F10E084244C8EB01089A6050
:103DD000A3F80C802389E266190A41EA0323938140
:103DE000A36B6BB11B7A012B0AD0032B08D0304692
:103DF00051462A46234679F0C7DE002800F0168196
:103E0000A36B33B11B7A022B03D1304621467AF0E3
:103E100087D997F85C339BB1E36E9B891A0A42EA13
:103E20000323934A1BB293420AD1304661690622AA
:103E3000002315F0BBDD18B13046394649F006D9EC
:103E4000626FE36E1188198050885880918899803C
:103E5000216F0888D88048881881898859816169CC
:103E600094F822E0C8890EF0070E20F007004EEA11
:103E70000000C8811178C9070BD53168D1F88810C6
:103E8000D1F8D0010130C1F8D001F968886D013056
:103E9000886597F8591061B195F82410C80608D4C0
:103EA0009989080A40EA0121714809B2814240F02B
:103EB000BD80D6F89811795C79B195F82410C906BF
:103EC0000BD49B89190A41EA03236A491BB28B422E
:103ED00003D026398B4240F0A980BB79EBB992F828
:103EE000008018F0010818D1D7F81831384693F837
:103EF0007420013283F87420D4F8801018316DF0EA
:103F000089DF61695046FFF325F2012103464246ED
:103F10003846CDF800806DF0FDDFD6F8D0361B684E
:103F2000FB58002B35D01B68002B32D0D4F86C80A6
:103F3000B8F80C301A0A42EA03234D4A1BB29342E6
:103F400027D197F8A73313B197F8F6330BB3504640
:103F50006169424612232BF0C1DB00283BD0B8F840
:103F6000103050461A0A42EA0323616908F112022E
:103F70009BB22BF0B3DB00282DD0636BD6F8D006B4
:103F8000003318BF0123394642467DF077D9002817
:103F90004CD17B69002B2FD0D4F86C80B8F80C3052
:103FA0001A0A42EA0323324A1BB2934224D15046F2
:103FB0006169424612232BF091DB60B1B8F81030F2
:103FC00050461A0A42EA0323616908F112029BB2C1
:103FD0002BF084DB30B93368D3F888305A6E013265
:103FE0005A6623E0626B7869003218BF01224146AD
:103FF0002B4643F0B3DAC8B9D5F89431DB070BD5BB
:1040000094F8293043B9E36E9B891A0A42EA0323E4
:10401000174A1BB2934209D1636994F8292000938F
:1040200030462946636F26F045DC1DE033685A6B45
:10403000AAB161691048CA89D3F88C3002F007022E
:10404000825C0E48855C50460C3503EBC5056B68F9
:10405000AE6801336B60FFF37DF18019A8605046B4
:104060006169002202F090DE0DB0BDE8F08F00BF64
:104070008E88FFFFB488FFFFBAD588006CE1880006
:104080002DE9F04F4FF0000AAFB0CDF8B0A0CDF859
:10409000B4A0D68A984610939B890446212B0F46DC
:1040A0001546CDF864A08DF84EA0CDF850A08DF83F
:1040B00057A08DF854A08DF88CA08DF858A01192BF
:1040C0002B92CDF888A001D803684AE0D8F8089070
:1040D0001046494671F0D2D909F106030890C8F894
:1040E0002C000B93B9F806301946ADF8483001F0B2
:1040F0000C02184601F0F00301F44071A1F5407E76
:1041000092081B09DEF1000141EB0E01022A08BFF3
:104110004FEAD30AADF84A205FFA8AF2ADF84C3084
:104120008DF855108DF85620B5F804E00EF0030E0A
:10413000BEF1020F04D100B2002801DADB0800E072
:104140000023D8B28DF85700002914BF282322235A
:1041500002B1023300B1043310988089984206D22C
:104160002368D3F888305A6E01325A667EE399F894
:104170000A3003F001038DF8583009F11E030C9347
:1041800011B109F124030C9300238DF859304AB181
:104190000C9B5A781B7843EA0222DB0907928DF8C0
:1041A000593000E0079241463846FFF3D3F01099AA
:1041B00009908B68384606338B608B89063B8B8170
:1041C0009DF859301BB1FEF365F5014638460422CF
:1041D00002F084DD16F4404F9DF855200CBF4FF0DF
:1041E000000B4FF0010B00232D9302BBBDF84830AC
:1041F0000B9913F4407F09D101F1100620460A31D2
:104200005A462DAB78F00CDA2C9005E0D80501D594
:104210000E1D01E001F10A062D9B23B9204631460F
:1042200048F0F8D92D902D9B003318BF01238DF84D
:104230005C302D9B13F1000A9DF8583018BF4FF0E9
:10424000010A43B90B992046043148F009DA061CEB
:1042500018BF012600E00026D4F804321BB92368F9
:1042600093F82C306BB3236893F83E20002A08BFE4
:104270004FF0000A7EBBBDF84820D20506D49DF859
:1042800058201AB1BAF1000F40F0F6829DF855207F
:1042900012B19DF858203ABB93F82C30002B00F057
:1042A000C982BAF1000F04D12046294658F064DED5
:1042B000C0E22D9B9B79002B40F0BC824FF0010A9D
:1042C00014E09DF858301BB9002E00F0B38202E0D4
:1042D000002E00F0D1829DF855302BB9BAF1000FB5
:1042E00000F0A8829A4601E04FF0000A9DF856308F
:1042F0000BB39DF859304BB194F80E32002B00F0FF
:104300009982109B9A6942F040029A6107999E4AED
:1043100001F00703D25C9D498DF84E308A5C079905
:10432000149201F0100212118DF854200C9A8DF89D
:104330008C3002320C92109BD989988911F400526A
:1043400018BFB3F850200C999B688218CB1A0E92B4
:104350004146D21A38460D920693FEF3FBF7069BB0
:104360000B9AC31A0F93937DD17D43EA0123ADF8D5
:10437000AA30BAF1000F2FD12CAB00930E9B204630
:1043800001932DA92B4618F0ABDE002840F0528295
:1043900074E22D99002900F04D820B9A20460A32D2
:1043A0005B4678F07BD82C90002840F06D820B9A09
:1043B0002D9920460A325B4678F072D901462C903E
:1043C00030B92368D3F88830DA6E0132DA6631E228
:1043D000204677F0D5DF57E2BDF8483013F4407F30
:1043E00004D12D9B1B7C002B3AD106E09DF8553063
:1043F0001BB92D9B1B7C002B32D020462D990A32F5
:104400005B4678F04DD92C9018B913E22C9B1B69B0
:104410002D931EB123689A6A2C9B9A622D9BD3F828
:1044200010210792BAF1000F21D19DF85520F2B961
:104430009DF858201AB1BDF84820D00510D49979BC
:10444000BDF8482011B1D1050AD510E01B7C02F45B
:104450004072002B14BF4FF4007300239A4206D021
:104460002368D3F888309A6D01329A65E2E12046DC
:10447000294658F081DD002388F8230083462D98D3
:1044800088F822308379ABB9BBF1000F12D05946BE
:1044900095F91D20334658F0CFDD2946D4F8C426BF
:1044A000204658F00DDD3246014688F822002D984E
:1044B00058F010DE2C9B93F8922112B9D3F8F42017
:1044C00052B3BBF1000F27D0D3F8F010D3F8EC2093
:1044D00042F821B0D4F88424517911F00100D3F8C6
:1044E000F01018BF95F91F0003EB8101C1F89C0182
:1044F0005279521012F00101D3F8F02018BF95F94B
:10450000201003EB8202C2F8BC11D3F8F020013274
:1045100002F00702C3F8F0209DF855202D9B0AB148
:10452000DB6D3CE09A792C99002A31D04B6B2593B6
:104530004B685A061BD59DF85620C2B1BDF8AA207B
:10454000100714D191F8D7208AB10A7DD2070ED472
:10455000BDF84820D0040AD59A0308D5149A91F8DA
:10456000C9301341DB0702D520463AF00FD9BDF818
:10457000483013F4805F2C9B5A6814BF42F4003219
:1045800022F400325A600BE0BAD588006CE1880052
:104590004A6B25921A7C1AB9DB6DD80700D5259392
:1045A0002D988379A3B9037C93B19DF858307BB9DA
:1045B000BAF1000F0CD1079B83F806A094F80C22E7
:1045C000D3F8F0309A4203D084F80C3221F010DB9B
:1045D0009DF85830FBB12D998B79002B40F02A8142
:1045E0000B7C43B10B98E23110300622FDF3E8F268
:1045F000002800F01F810B980430FEF3D9F150B968
:104600002D9890F8453033B90B99043148F076D99C
:10461000002840F00F81BDF8AA30089AA8F81C3095
:104620000B9BC8F82C201B7C2C9913F0010F099EC2
:104630004FF0000707D0D1F854310133C1F854319D
:10464000F1E9622306E0D1F850310133C1F850316D
:10465000F1E96023921943EB0703C1E900239DF8B8
:1046600058309BB999F8003099F801201A4399F80D
:10467000023013430AD0D8F82C10D4F85C016A8AAF
:1046800078F0C6DB2C9B0899C3F85C1199F90330CC
:10469000002B07DA2368D3F88830D3F8A822013238
:1046A000C3F8A82299F8033013F0300F07D023681D
:1046B000D3F88830D3F8B0220132C3F8B0229DF885
:1046C0005830002B71D1D8F82C00236810F0407FAF
:1046D000D3F8886001D1C0B201E070F04DDD16283A
:1046E0003AD00CD80B2825D004D8022816D004289C
:1046F0005BD119E00C2823D0122856D126E03028AF
:104700003CD004D818282DD024284ED130E0602881
:1047100040D06C2844D0482847D135E0D6F838320C
:104720000133C6F8383240E0D6F83C320133C6F8DF
:104730003C323AE0D6F840320133C6F8403234E039
:10474000D6F844320133C6F844322EE0D6F8483267
:104750000133C6F8483228E0D6F84C320133C6F8A7
:104760004C3222E0D6F850320133C6F850321CE009
:10477000D6F854320133C6F8543216E0D6F858321F
:104780000133C6F8583210E0D6F85C320133C6F86F
:104790005C320AE0D6F860320133C6F8603204E0D9
:1047A000D6F864320133C6F864329DF858301BB134
:1047B0002D980BA91AF01ED99DF858302BBBD8F8AC
:1047C0002C0010F0407F01D070F0D6DC00F07F00AC
:1047D000022809D0042807D00B2805D0A0F1160123
:1047E000484240EB010000E001200022E98895F9F1
:1047F0001C3000920190A888090A800B02902D9825
:1048000003920490204609F058F92C994B685A03FA
:104810000BD59DF8583043B9BAF1000F05D1D4F843
:1048200038010BAA33F038DE33E020460BAAFEF73E
:10483000F5FF2EE023685A6BC2B19DF85820AAB943
:1048400010991548CA89D3F88C3002F00702825CAF
:104850001248845C38460C3403EBC4046368A568D2
:1048600001336360FEF376F54019A0603846109975
:10487000002202F089DA0CE0B24637E5BDF8483094
:1048800013F4407F3FF485AD2D9B002B7FF4C1AD29
:10489000BCE52FB0BDE8F08FBAD588006CE1880088
:1048A0000B68C968DB691A6889B14B78012B0ED196
:1048B000B2F8BE3023F040031B041B0CA2F8BE303C
:1048C0008978890644BF43F04003A2F8BE30002037
:1048D0007047F8B591E88800DC6903680D461A68EE
:1048E00092F8626126B1D3F8600806F073FF0646BD
:1048F000F86DF9F725F958B156B1E86858B1437821
:10490000012B04D00C23A3804FF0FF30F8BDA06131
:104910000023A3800020F8BD38B503684C681A68EE
:1049200092F8625125B1D3F8600806F053FF0546AE
:10493000E06DF9F705F950B145B9D4F8A00300F0DE
:104940002000002814BF0320002038BD032038BDFC
:104950002DE9F84391E808020568DC692B680E46EA
:1049600093F86271D4F8008027B1D5F8600806F09A
:1049700031FF0746D9F85C00F9F7E2F888B187B152
:10498000F06888B14278012A05D00C2323844FF0C7
:10499000FF30BDE8F8836062D5F86008414607F053
:1049A000D9FC002323840020BDE8F8832DE9F04FD3
:1049B0001C4692F801909B68D1F85CC089B0002732
:1049C00023F4C063B9F1010F80460E461546CDF8B9
:1049D00010C005970697A36040F23C81D278AB786F
:1049E00043EA0223012B40F03581A9F10203DBB237
:1049F000032B0ED81CF0400F00F02C8104222DF068
:104A0000F5DC002800F02681402363630423A363C0
:104A100029E12F1D384696490322FDF3D1F0824645
:104A2000002840F0178140463146EA792DF0DEDC5F
:104A3000002800F00F8104F1380B38465946FFF387
:104A40001DF0A9F10603DBB2012B11D8049B5F0610
:104A500040F100814046314604222DF0C7DC002899
:104A600000F0F880402363630423A3635746FAE011
:104A70006A7A2B7A43EA0223012B40F0EB8005F19E
:104A80000A0738467A490322FDF39AF0002840F0DD
:104A9000E180404631466A7B2DF0A8DC002800F01A
:104AA000D98038465946FEF3E9F7A9F10C03DBB289
:104AB000012B06D8049B580640F1CC804023636349
:104AC000CEE0EA7BAB7B43EA0223012B40F0C080BF
:104AD00005F1100066490322FDF372F0002840F052
:104AE000B780EB7C012B01D0052B02D1049A510633
:104AF00017D4062B02D1049A120612D4D8F800203B
:104B000092F862212AB1082B03D1049A12F4802F63
:104B100005E0022B40F09C80049A12F0800F00F018
:104B200097805A1FD2B2012A01D9082B0BD1336DBD
:104B30005B0504D4049B13F4922F00F08F80A368CC
:104B400043F48063A360336D5F0503D5A368580504
:104B500040F1848005F1100004A90022FEF31AF749
:104B6000002877D0049BA9F11202D2B2012A636314
:104B70008CBF2A7D0022B3F5802F01D151066BD561
:104B8000D8F87C06316D0DF11F0304F05FFA0028A0
:104B900064D09DF81F301BB1A36843F40073A36079
:104BA000A9F11407FFB2002F4AD095F801A0A9F18E
:104BB0001609C7EB0A0A05EB0A0393F803C003F1D1
:104BC000020B9B785FFA89F943EA0C2C4FEA19191A
:104BD000002723E00BEB0713023305931023ADF8F6
:104BE0001C3004F114030093636B3046019306A953
:104BF00005AA07ABCDF80CC057F09ED90137202885
:104C0000DDF80CC00AD1059A62B1069B53B10121AF
:104C100000914046214638F033D903E0674501D082
:104C20004F45D7D15544EA78AB7853EA022317D0E1
:104C3000059BBBB1069F002F0CBF3527002712E054
:104C4000404621463A463B46009738F019D90AE0DB
:104C50002B2708E00C2706E02D2704E01F2702E0A1
:104C6000002700E03527384609B0BDE8F08F00BFC7
:104C700022380100F8B591E8280007685B681E68D3
:104C80003B6893F862415CB1D7F8600806F0A2FD7A
:104C900031460446D7F8600806F0A0FD064600E05D
:104CA0002646E86DF8F74CFF30B124B1002E14BF52
:104CB00003200020F8BD2046F8BD2DE9F34191E81E
:104CC000480007685B680C46D3F800803B6893F89F
:104CD00062315BB1D7F8600806F07CFD41460546BD
:104CE000D7F8600806F07AFD074601E01F461D462A
:104CF000F06DF8F725FFA0B19DB197B10122002119
:104D000001A8FCF3F5F701A80521FEF3C9F3012280
:104D1000A369F42001A9FDF30FF52368A2695B687C
:104D20001A620020BDE8FC8173B503680C461A685E
:104D30004D6892F8626126B1D3F8600806F04AFD2A
:104D40000646E86DF8F7FCFEB8B11EB9D5F8A033F9
:104D5000980612D50122002101A8FCF3C9F701A889
:104D60000521FEF39DF30122A369F42001A9FDF3BF
:104D7000E3F42368A2695B685A6100207CBD73B5C7
:104D800003680C461A684D6892F8626126B1D3F840
:104D9000600806F01FFD0646E86DF8F7D1FE98B1F1
:104DA0001EB9D5F8A0339B060ED50122002101A81B
:104DB000FCF39EF701A80521FEF372F3F42001A98C
:104DC0000122A369FDF3B8F400207CBD2DE9F3476F
:104DD0001746027A04460E46D0F80090D1F80080BB
:104DE0000AB1002B6AD0E3199D7A002D67D098F89C
:104DF000023194F8272003F01C039B08934238BF2C
:104E000013463371304630F093DD98F802314FF499
:104E1000005203F0030312FA03F3F36098F802312F
:104E2000204603F003030D3386F83D31414607F178
:104E3000360A2FF00BD856F82A5045B94FF4417076
:104E400001F06CDF0546002839D046F82A002846D4
:104E500000214FF44172FCF34BF702232B70002327
:104E6000AF7085F8ED30D9F80030C5F8F48093F8CC
:104E700069318BB1484649F041DC38B1E37C984256
:104E800028BF184684F80434E07405E094F804342C
:104E900013B1E37484F80404A27CE37C009294F8D8
:104EA0002F2048460192D5F8F4103A4632F036DF0A
:104EB000D4F850321A6D01321A6500E01D462846BA
:104EC000BDE8FC872DE9F041D0F8E822002507462F
:104ED0000E46A8462B46D2F8B0100432002918BF5F
:104EE00098460133182B0D44F5D128F007083046B9
:104EF000184908F10708FDF36BF105BB22E0D7F86C
:104F0000E83204F12C0253F8222064235343304644
:104F1000B3FBF5F31049FDF35BF1104B2340002B7D
:104F200003DA013B63F007030133072B05D1444546
:104F300003D030460A49FDF34BF1013400E0002470
:104F40004445DCDD30460749FDF342F10020BDE871
:104F5000F08100BF225701002C570100070000809C
:104F6000375701001A2D890037B500230193079B9D
:104F70000546032B144604D901A806990422FCF324
:104F800033F60E2C2B6806D11B68002093F8D12035
:104F9000089B1A6001E06FF016003EBDF8B5C269CB
:104FA000002307460D461E46D1580433602B0E449D
:104FB000FAD128461149FDF30BF1C6B10024FB6973
:104FC000284653F82420642353430D49B3FBF6F3DA
:104FD000FDF3FEF004F00703072B05D1172C03D0D7
:104FE00028460849FDF3F4F00134182CE7D128468F
:104FF0000549FDF3EDF00020F8BD00BF5C5701004E
:105000002C570100375701001A2D890000207047E6
:1050100010B51C4603699B794BB9880501D5101D55
:1050200003E0C90510D502F10A00214608E0CB05CE
:1050300002D502F10A0002E0880505D5101DA11D68
:105040000622FCF3BDF580B9204602990622FCF346
:10505000B7F568B1204603990622FCF3B1F50028A4
:105060000CBF4FF0FF30002010BD4FF0FF3010BDDF
:105070004FF0FF3010BD00002DE9F04F5D4B0746AB
:105080001868EFB06A9015469A886C69ADF8AC2143
:1050900053F8060FA2686C909B880491ADF8B43168
:1050A0007B68A98BD3F814B06B6805919B1A9BB2EF
:1050B000D218A260A289D5F81090D31AA381002635
:1050C000B84664E0642E64D0A368E28903F10E0759
:1050D00012F4005218BFB4F85020BF07A089998974
:1050E00005D04746FB6E1A6C01321A645BE0121859
:1050F000DFF808A10F0A92B247EA01270392A18ABA
:10510000DAF800200E3752F82120BFB21AB13A4A1D
:10511000F91C0A4000E03A460399914205D04746FF
:10512000FB6EDA6B0132DA633DE06AAA00926CAA88
:105130000192049805992A68FFF76AFF002832D186
:10514000E3899B0407D5B4F8503023B1A389FF1A33
:10515000A4F8507000E0A7812246D8F80000594614
:1051600019F0BCDEE38995F8222023F0070302F052
:1051700007021343E38106AB43F82640A28ADAF81C
:105180000030013653F82240039BC3EB0909002C81
:1051900098D14746B9F1000F01D105AB0FE0FB6E86
:1051A0005A6C01325A6458466969002201F0ECDDFC
:1051B0001DE053F8042F0021918209F10109B14546
:1051C000F7D124B158462146002201F0DDDD00244C
:1051D0000BE006AB53F8243095F82920009338688B
:1051E00004999B6825F066DB0134B442F1D16FB0BD
:1051F000BDE8F08F2B380100FCFF0100E803000040
:105200002DE9F04FB1B0DDF8F480079300230F9241
:105210002F9308F138023A9B0B92D1F808215B8852
:105220000C92079A0E931388814603F0FC03A3F1B6
:1052300020077B4243EB07030C463C9E856908939D
:105240002BB13A9B4FF0300B04330A9303E0089ADA
:105250004FF0100B0A920021282210A8FCF348F509
:105260001AA800212822FCF343F5D5F86C332BB1A2
:1052700010A805F55B712822FCF3B6F40C9B0DF128
:10528000400A03F138070DF1680C3A4653462846A8
:105290002146CDF800C0CDF818C024F065DAD5F865
:1052A000843439469B7824AF00220B986FF0BEDE21
:1052B000384600212422FCF31BF508F14D03DDF8EC
:1052C00018C02593CDF898A0B8F868300DF1B40A4D
:1052D000504600210822CDF89CC028932496FCF368
:1052E00007F57368CDF800A0C3F300438DF8B43020
:1052F00021465A460023D5F894062E9753F03AD803
:1053000004F1DC0300F1060A079A0D938DE8080406
:105310002FAB0A32029307465946284604F1E203AE
:10532000099220F08BDE844618B91122A8F8682073
:10533000E9E02F9B0022012119705A702A6A126835
:10534000022A04D194F92C210AB921221A70216D64
:1053500040F237120A4032B194F858201AB11A8834
:1053600042F010021A8095F8722432B12A6A527DF6
:105370001AB11A8842F480621A80B8F8682021466F
:105380005A80B8F820209A802F9B2DAA06338DE8EA
:105390008C002F93D5F894065A460023CDF818C0F8
:1053A00052F056DFDDF818C0002840F099800094D4
:1053B00098F81820E368029003900192DA68284672
:1053C0003346614624F01AD8B8F8683023B1304625
:1053D000022176F0A5DB83E02F9B063B2F93B36879
:1053E00098050CD596F8243003F00303032B06D15F
:1053F000D5F87C06214632465DF0C6DA83E0B8F87F
:1054000020303146A6F8CC30284676F0B9DF0C9A29
:10541000022192F860300E9A3046934238BF13460C
:10542000A6F8FA3076F004DED4F8EC30190309D58A
:10543000284621461AF038DD012803D128462146A6
:1054400046F0F2DE2B689B6AF362089B53B10D981D
:105450000A990622FCF3B4F320B148460999E268A0
:1054600036F0A6DF0999E268484636F0C5DC2A68BE
:10547000D4F8EC1092F84F2011F4005318BF022317
:1054800012F0030205D0CA045ABF7268C2F3004288
:1054900000227F218DE806000B9806F13C010022D6
:1054A0006FF0F0DE2846314677F058DB606920B1B6
:1054B00006F11401012201F0D9FFD4F8EC309B046D
:1054C00004D5D5F84C01214660F064DB2B6893F8D5
:1054D000693133B128462146012202F0BDFF00E0C8
:1054E000BA463B9B3A9A01932F9B009202934846FF
:1054F00021460F9A079BCDF80CA00496CDF8148096
:1055000036F054D905E048462146079A434635F01F
:1055100029D931B0BDE8F08F2DE9F04F8569E3B0AE
:10552000924698469DF8B421D5F864310C4607920E
:105530001BB19B79002B40F06A812B6893F82F30C8
:10554000ABB1236D990712D594F8A4307BB100F06C
:105550005FDFD4F8B0103EF0D7DE002800F06C8199
:105560000023C4F8A830C4F8AC3084F8A430A37980
:105570001BB12379002B00F04A81BAF800B01BF46C
:10558000804B65D00AF10A03284621461A46069345
:1055900076F080DF0746002800F03981D0F8D0305F
:1055A000002B00F0348198F803909DF8B8314FEA51
:1055B00099190BB3D5F89C3253F82960E6B13369D9
:1055C000D3B1337AC3B1414603225BA8FCF30CF399
:1055D0005BA806F1140132690330FCF305F331696D
:1055E0005BA8033108AA02F0AFDA6C9A08F1040054
:1055F000111F08AA02F0CADA09F11C0954F829306F
:1056000093B11A696C984146143308F0F5DCC0B9BF
:1056100001230090019302900390049021462846B4
:105620001722069B1AF05ADDD7F8D00001F088DB6C
:105630000023C7F8D03003230F2606934FF001094B
:10564000D2E06C9A08F10408083A6C920F2601E047
:105650005E465F46B8F80230B8F8009006932B68B3
:1056600093F8623173B1B9F1030F0BD16C9A079BB8
:1056700000920193D5F8600821465246434674F0E3
:1056800057D8C4E0069A032A00F2C180BBF1000F8C
:1056900067D1012A40F0CC80B5F8AA0122F014D9D4
:1056A0000AF10A0B031C214618BF012328465A465B
:1056B00076F0F4DE014610B1284676F0F1DE284699
:1056C00021465A4676F0E8DF0746002800F0B2800F
:1056D0004368DA0408D52A6892F83020002A40F09E
:1056E000A98023F4805343602846394625F0B2DD73
:1056F000B9F1000F03D0B9F1010F2BD112E0B4F9C9
:10570000543094F94420384601211BB916B976F07B
:10571000B9DC01E076F01EDA97F8243013F00103CB
:105720001DD118E0B4F95430012B18D03846494641
:1057300094F9442076F00EDA00238DE808020293F3
:10574000039304932846214617225B461AF0C6DCD1
:105750000D2649E00023012200930192EFE7002E7D
:1057600042D100210C225FA8FCF3C2F2344B0DF5AC
:10577000927B5F93334B00212822584660936195BA
:10578000FCF3B6F2069BADF8346153AE304600210F
:1057900020224A93CDF824914B97FCF3A9F26C9AFE
:1057A00008F106030193931F00960293D5F894061F
:1057B0002146B0225FABCDF868B152F003DEBDF8F0
:1057C00034618EB987B197F82430D8070CD52846B4
:1057D000214604220AF10A0300960196CDF80890AA
:1057E000039604961AF07ADC069A2046531C01931D
:1057F000002303930493079B0AF10A01059304F124
:10580000DC023B46CDF800900296FDF76DFC284681
:1058100021460AF10A0276F03DDE68B1A3795BB158
:1058200090F82430D90707D52B689B6A836203E080
:105830000E26D9E70126D7E763B0BDE8F08F00BF99
:1058400011148400151484002DE9F04F9A46836EDC
:10585000ADF5077D81468669CB58D1F80C01919C46
:105860000D460D92DDF8408212930C90002C00F052
:10587000AA82002131A86C22FCF33AF29DF848324A
:105880000D998DF8DC30B4F8CC303391CDF8D0A040
:10589000CDF8C4903295CDF8D480369423B92069E0
:1058A00047F04AD8A4F8CC00B4F8CC20D5F8083199
:1058B0000021ADF8E4204CA828221093FCF318F244
:1058C0000D98BAF800200388ADF82C2003F0FC03F3
:1058D000A3F12000434243EB0003D9B28DF84730D7
:1058E00093B20A934B010E9394F824300F9103F076
:1058F0000303032B03D1A368990500F13F82D6F877
:1059000064311BB19B79002B40F05782336893F8C8
:105910002F30ABB12B6D9A0712D595F8A4307BB11F
:1059200000F076DDD5F8B0103EF0EEDC002800F097
:105930004A820023C5F8A830C5F8AC3085F8A430F9
:105940000F9820B1B8F1090F40F2378209E0B8F1A1
:10595000030F40F23282A8F104010AF1040B09910D
:1059600004E0A8F10A020AF10A0B09920027676312
:10597000A763304621463A4676F0B4D9099BCDF864
:10598000F4B0012B3E93CDF8ECB040F316829BF8B7
:105990000130099802339842C0F20F8239460C2236
:1059A00083A8FCF3A5F1704B394683936F4B2822F3
:1059B00084936AAB184608938596FCF399F156AA2E
:1059C0000DF5E87C6B9260AA6C9260463946202205
:1059D000CDF81CC06A94ADF8C871FCF389F1089B3E
:1059E00009997B933368DDF81CC093F84F3002911E
:1059F00003F00303CDF800C0CDF804B08DF8E83112
:105A00000E9AD6F89406294683AB52F0DBDCBDF83B
:105A1000C8210E9208B11746BFE1BDF82C30D4F86A
:105A2000E000A4F8F83038B141780231FDF322F7F4
:105A3000D0F1010038BF00200B900B98EB6D8DF872
:105A4000E60023B12A6D40F23713134013B92B6DD2
:105A50005B060BD5D4F8E03043B9AB79002B00F0EE
:105A60008F81D5F8EC30980440F18A81304656A9F0
:105A700060AA4CAB1AF0F6DE002840F0858196F85B
:105A80001C259DF844319A4240F07E8194F82430E0
:105A900099070BD594F8D73023B13046214601221F
:105AA00039F0C0D92046FE2176F03AD895F9443035
:105AB000002BC0F2718194F82430DA0740F16C8138
:105AC000336893F8A9304BB1D6F870012AF04EDD57
:105AD000022803D10A99CB0540F154816D2215A803
:105AE0000021FCF305F10023DDF830E11A4612E055
:105AF00086A8C11811F8E41C01F07F016C2909D8AF
:105B00001B48405C30B115AF40B2795432EA2002F4
:105B100028BF012201337345EAD16168336A21F05D
:105B200007016160587D12F1000C18BF4FF0010CA5
:105B300018B112B941F0010161605B7D33B10A997E
:105B4000480503D4636843F0020363600A9A12F0C5
:105B50002002139203D0636843F004036360109B38
:105B6000986B002314E000BFB1118400CD138400B2
:105B7000581689001099CA1892F83C20110606D5CB
:105B800002F07F0215A98A5C002A00F0FD80013333
:105B90008342EFD1336893F84F309A072AD06D993A
:105BA00041B34A7830460232CDF81CC054F09CDA3A
:105BB000002207460092304621463A460023FBF772
:105BC00001FCDDF81CC0AFB151A810220130F91C56
:105BD000FCF30AF051AA0023F11891F8011312F80E
:105BE000010F0840884240F0CF800133102BF3D1E1
:105BF0004FF0020C129B9C45C0F0C680EA6D22B1AA
:105C0000296D40F237130B4013B92B6D5B060BD592
:105C1000636B23B1A16B40F237130B4023B92B6D9B
:105C200013F0410F00F0B8800A98C00618D5296D0E
:105C300040F237130B409BB9490601D50B9979B156
:105C400030460D9E0023012200930192029303939C
:105C500004932946172206F10A031AF03FDA9BE063
:105C6000E2B12A6D40F237131340BBB1D30715D50B
:105C700094F8D630012B11D1636B7BB105F1DC03B5
:105C8000009305F1E203019302273046294622469C
:105C900004F11403029726F097D87EE0336893F856
:105CA00030304BB9336A1B68022B05D195F92C3182
:105CB00013B91398002869D0336A1B68022B05D1E9
:105CC00099F8003013B10A99480561D5304619F0AA
:105CD0007BDDD9F8283098425CD2304629461AF04C
:105CE000E3D8D5F88430984254D2D5F8EC309904F2
:105CF00008D5D6F84C0121465A46099B60F016DAC1
:105D0000002849D10E9A4CA9ADF82C213FA8282291
:105D1000FBF36AF70C99486B08B101F011D80F9AA0
:105D20001AB1AAF1060A08F106089DF847000C9B73
:105D300083F83C00404600F0F1DF0C99486308B955
:105D4000886306E042465146FBF34EF70C9AC2F8D0
:105D5000388001238DF8F03104F11401002306226C
:105D60007DA8ADF8F231FBF33FF731AB009330463D
:105D700029467CAA234635F051DD24E01E270CE09D
:105D80000D270AE0162708E0122706E0132704E093
:105D9000192702E0112700E00C2731AB0393484696
:105DA00029467CAA0D9BADF82C71CDF800A0CDF84A
:105DB00004800294FFF724FA05E0484629460D9A2C
:105DC00031AB34F0CFDC0DF5077DBDE8F08F00BFBF
:105DD000D1F80C0130B5446B4CB1816B39B190F8FE
:105DE0003C50002D0CBF04250A25A94203D20021F6
:105DF0001160196030BD251D1560196090F83C00D8
:105E000018B106390A34196014601A68043A1A6025
:105E100030BD0000024B00F00F0053F82000704727
:105E2000746501002DE9F04FCB88D0F810218BB0BC
:105E30009B0605460E460468D0F80C710892D0F80F
:105E400004A11DD5036D9A0712D558070BD501F192
:105E50006F0004217CF0BADC90B906F183000421C4
:105E60007CF0B4DC60B994F8413513F0020F05E022
:105E7000DA0705D594F8413513F0010F40F02B8374
:105E800020462946728E16233CF0D6D8002840F0D2
:105E90004083738E204613F4404F0CBF0022012232
:105EA0000A3254F822902A46494621F069DFFF2839
:105EB000804600F02E8394F8903243F0040384F877
:105EC0009032236893F83B303BB120462946424646
:105ED0005AF000D9002840F01C83236A186961F049
:105EE000DFD840454DD0236A186961F0D9D8FDF359
:105EF00087F383464046FDF383F3834509D1236A44
:105F0000186961F0CDD808F4605300F460509842ED
:105F100037DC7B68022B0AD1BAF8BE30DB0706D526
:105F2000BB68182B03D0089A536B042B29D1D4F8E3
:105F3000580141464CF062DB204628F01FDC7B68AC
:105F4000022B08D1B5F954302BB9D4F8D406294620
:105F5000324651F0B5DA2046414626F041DF23684B
:105F600093F83B304BB1D5F83C335968D4F8C03581
:105F7000994202D0204623F0ABD820461FF0ACDE79
:105F80000FE0D4F8580141464CF042DF48B1D4F854
:105F9000580141464CF032DB002120460A4622F0EF
:105FA0000BD8236893F83B3093B1D5F83C335A684B
:105FB000D4F8C0359A420BD0204628F0DFDBD5F864
:105FC0003C332046596823F083D820461FF084DEF6
:105FD00009F15003C822504631460993FBF304F6F9
:105FE000D9F80030AAF83280022B07D199F8158031
:105FF000D8F1010838BF4FF0000801E04FF0000869
:10600000F38813F020030DD0236893F84F3013F07A
:10601000030307D0D5F8EC3003F48053D3F1010328
:1060200038BF0023DBB20AF1380B0793FF22B8F127
:10603000000F18BF00238DE80C0058465946002277
:1060400043466FF01FD9D4F8843458460999012289
:106050009B786EF0EBDF00282ED1B9F80820D9F834
:106060000090B8F1000F05D120464146069220F07D
:106070003BD9069ABAF8323003F46053B3F5205F87
:1060800008D0B3F5C05F07D0B3F5805F14BF0A2313
:10609000142302E0A02300E02823FF2101910290B5
:1060A000CDF800800393D4F8843458461B790999BD
:1060B00004934B466FF0AAD8D5F8EC3098040CD571
:1060C0002946204620F010D9FF230093019059461D
:1060D0005846002202236FF0D5D82046594623F0B7
:1060E000D9DA96F9342020460032294618BF012219
:1060F00046F0F2DC96F93430E3B9D5F808310122E4
:1061000083F86020D4F8440129465BF097D92846EB
:1061100031463BF023DA28460E213DF05BD8294674
:10612000204646F051DE204629467A68BB6845F095
:1061300007D8CCE1D5F8EC30990405D5D4F84C015A
:10614000294652465FF0BADC20462946324676F0B0
:10615000A3DA804638B9204629463A460BB0BDE856
:10616000F04F3BF09D9F079AF2B1DAF86830BAF829
:106170006C900C33A9F10C0919464A462046069347
:1061800053F0CCDF069B844619464A462046CDF89C
:1061900018C053F099DFDDF818C0002203460092C2
:1061A0002046414662460AE04368DA0309D5F3888F
:1061B0009B0606D4079B2046009341461A46FBF7F0
:1061C00001F9D8F80430D5F8EC2043F48053C8F82E
:1061D000043012F400524FF07F0308F13C010093A9
:1061E00005D0079A584601920223002203E0079B3C
:1061F0005846019313466FF045D82046414676F045
:10620000ADDC204629463AF0C1DD236893F86231BF
:106210005BB1EB6D580308D5BAF8BE20D4F860081E
:106220004146C2F3801206F095F898F8243013F036
:106230000C0F40F04681B5F954A02368C5F800A1C1
:1062400093F86231002B7DD0EB6D190605D5D4F89B
:106250006008294673F054DB10B9EB6D5A033CD546
:1062600000232946C5F80031D4F8600873F032DA0B
:1062700029468246D4F8600873F040DA88B14FF4BA
:10628000802920462946324608238DE800063DF045
:1062900019D830B10323C5F80031C5F85C909A468F
:1062A0001BE0D4F86008294673F02ADBA0B14FF058
:1062B000800B4FF000092046294632460223CDF8D4
:1062C00000B0CDF804903CF0FDDF28B1C5F8009196
:1062D000C5F85CB0CA4600E08246D5F80031032B11
:1062E0000BD1D4F8DC0629463246EB6D6CF002D8AF
:1062F00018B10023C5F800319A46D5F80031032BB8
:1063000020D1D4F8600805F065FA50B1D4F86008DF
:10631000414605F063FA20B1D4F86008294605F03B
:106320001FF9D4F8600829464246334673F092DAE2
:1063300030B1284608210BB0BDE8F04F3CF04A9F31
:10634000C5F800A1D7F80490B9F1020F1DD1BAF138
:10635000000F1AD1D4F8D4062946324651F0C8D8D5
:1063600098B1D5F80801FCF32FF370B9D4F8D00632
:1063700029463246C5F800917BF00EDAD4F8D406EF
:106380002946324651F016DBCA460C21404675F0CC
:106390004FDE7B68022B23D1089A536B093B012BFC
:1063A0001ED893464FF00009134616E00A2000FB62
:1063B0000930D5F80811623006220693FBF300F489
:1063C000069B30B94FF49672ABF86820012283F82F
:1063D000502009F101090BF10A0BDA6C9145E5D364
:1063E0007B68022B33D12B7A002B30D0BAF1020F0D
:1063F0002DD1B6F8BE30DB0729D5089A536B042B94
:1064000025D0BB68182B22D0284622F04DDF18B1CA
:106410002846002127F058D8284618213CF0DADE1B
:10642000D8F80C30D4F8D406D5F808211BB1196976
:10643000002908BF00230093B6F862302946C3F351
:1064400040130193434651F013DA064629E02846EB
:1064500008213CF0BFDE4FF001090023CDF800A079
:10646000CDF80490029303930493B6F86230324659
:10647000C3F3401305932846434608F11401FCF783
:1064800033FE2368064693F869311BB1204649461E
:1064900048F0D2D8A06839684FF4967200230CF007
:1064A0002FDF46B1D4F888041B49B5F82E213346B6
:1064B00060F0F8DA0BE0A06839684FF49B7233465D
:1064C00003E00022A068396813460CF019DFBB7F97
:1064D0000133BB771DE0F388708E23F46663F3808D
:1064E000FDF38EF040F480501FFA80F8708EFDF3BB
:1064F00087F0B6F8BE300E288CBF4FF44040002025
:1065000048EA000823F00A03A6F83280A6F8BE3055
:10651000B6E40BB0BDE8F08FA59084002DE9F04FF4
:106520009A461388D0F80C61A3B003F0FC030993DA
:10653000B36894460B3BBAF80220012B04468B4605
:10654000DDF8B0900568D0F80471ADF828201FFA86
:1065500082F80BD80CF1100039460622CDF818C08D
:10656000FBF32EF3DDF818C0034660B1099A20460C
:10657000B2F1100318BF01230093002301930621F9
:106580000CF10A0248E0306C20B1069300F0D8DB31
:10659000069B7364484600F0C1DB306428B1C6F83E
:1065A000449051464A46FBF31FF32B6893F844305E
:1065B0003BB1D5F86001BAF802104AF037DCAAF80E
:1065C0000200B8F10B0F10D17368012B13D0B36820
:1065D0000C2B10D000230093214628465A463B46F8
:1065E0003BF0C6D820460C2177E0B8F1000F16D05A
:1065F000B8F11E0F13D07368204613F1FF3318BF94
:106600000123009397F934303A46D3F1010338BFA0
:10661000002301930121434639F0AEDBC1E02B6832
:106620004FF000089B6AA9F10602CBF82C300AF162
:106630000603079308920393049243462846214693
:106640005822CDF80080CDF80480CDF8088019F0EC
:1066500045DD41460C221FA8FBF34AF3524B41464D
:106660001F93524B282220930DAB18460693219579
:10667000FBF33EF3BDF828200DF15C094146ADF86F
:10668000382048462022CDF834B0FBF331F3069B86
:10669000089A1E93079B02920193CDF80090D5F8BB
:1066A00094062146099A1FAB51F08CDE80460028E3
:1066B00077D1BDF83890B9F11E0F11D1129B284641
:1066C000F36421463AF062DBF26CA86831681E324E
:1066D00043460CF015DE204619213CF07BDD60E0DE
:1066E000D4F8EC309B0406D5D5F84C015946079AEE
:1066F000089B5FF07BDDBAF80420A4F8F62095F83B
:106700007338A5F8582383B192042869C421920CE8
:1067100044F0C6DA05F50660093039460622FBF377
:1067200063F297F83230A5F870387368204613F199
:10673000FF3318BF0123009397F934303A46D3F161
:10674000010338BF0023019300214B4639F014DBCD
:10675000204659463AF026DAD5F868329C4220D0D5
:10676000E36DF3B9236DD8071BD5E36E591C18D020
:106770001C3354F82320A2B1117A012901D0032936
:106780000FD15089D3798DE8030002F114010291F1
:10679000002104910591039728462146126954F07F
:1067A000C3DD23B0BDE8F08FD5548400616184005F
:1067B0002DE9F04FA5B092460C939DF8B820D0F883
:1067C0000C310D920993BAF80220D0F8043101F18E
:1067D0000A07BAF8049004460B91056808923846F7
:1067E00019460622BAF800B01FFA89F80A93FBF39B
:1067F000E7F100282ED1284621463A4675F04ADEB8
:106800000646002826D0099A9368082B01D00A2B47
:1068100020D1726842F4805272602A6892F8622134
:1068200072B1BBF1030F0BD10C9B0D9A0093019237
:10683000D5F8600821460B9A534672F079DF92E052
:10684000082B02D1089B022B03E00A2B07D1089AE0
:10685000042A04D0002300932046062180E0B8F1EA
:10686000000F06D0CDF800B0204601213A4643463D
:1068700077E041460C2221A8FBF33AF23B4B41461C
:1068800021933B4B282222930FAB18460793239565
:10689000FBF32EF2089AADF84C900DF164091092BA
:1068A000414620224846CDF83CB01196FBF320F239
:1068B000079B0C9A20930AF106030193931F0293FE
:1068C000CDF80090D5F894062146B02221AB51F0C6
:1068D00079DD002847D1BDF84C30002B3AD1BBF10F
:1068E000010F37D1089A022A34D10A2120463CF000
:1068F00071DCF368129A06F114011BB118690028C3
:1069000008BF002303930D9B01204FF0030C4FF0B1
:10691000000E8DE8015004920593204633460A9AF2
:10692000FCF7E2FB2146064628463AF02FDA46B14C
:10693000D5F888040F49B4F82E21334660F0B2D858
:1069400011E0099AA868116833464FF49B720CF065
:10695000D7DC08E0191CCDF800B0204618BF012193
:106960003A463DF025D825B0BDE8F08F6D61840032
:1069700071618400A59084002DE9F0418768064686
:106980007D68B86851F805800C46FAF3D1F2C8F872
:106990000400002830D0635900215868E422FBF33A
:1069A000A7F1F86854F80580FAF3C2F2C8F80800B5
:1069B00010B3635900219868E822FBF399F16359F9
:1069C0002949D3F8088033683246C8F800309868FF
:1069D00000230CF03FDDC8F8680068B16359234913
:1069E000D3F8088033682246986800230CF032DD23
:1069F000C8F8C00000282FD163599B68FBB1996E7D
:106A000039B1336898680CF00DDD635900229B683A
:106A10009A6663599B68D3F8C01041B1336898688F
:106A20000CF000DD635900229B68C3F8C020635955
:106A3000F8689968FAF3A2F2635900229A606359E0
:106A4000596861B1B868FAF399F2635900225A6043
:106A50006FF01A00BDE8F0810020BDE8F0816FF012
:106A60001A00BDE8F08100BF55BE84009DBC8400C3
:106A70002DE9F04F9FB006468B461446D0F80090A3
:106A80000493002B00F0DE828368049A5B68114651
:106A9000D35848465D689B681CAA05931BAB36F02B
:106AA00043D860B15CB9059C202204F148001B99D1
:106AB000FBF39AF02022E2804FF0870C0DE0062CC9
:106AC00000F2C382DFE814F00700C1026F00C102C8
:106AD0006C01C102E4014FF0710C049C634648460E
:106AE000716804F11402CDF80CC07DF03DDBDDF8D7
:106AF0000CC08046002800F0AC82BBF1030F06D129
:106B0000D5F8D030B3F5802F08BF4FF0000BD8F880
:106B10000840ACF112039BB21B0204F1120A23825B
:106B200000215F225046CDF80CC0FBF3E1F04BF0A2
:106B300088039BB21A0AE27423752B8B05F11C079C
:106B40001A0AA37562754846394620221FF048DDAF
:106B500004F11F0039462022FBF346F0DDF80CC09B
:106B6000ACF1710C1FFA8CF3BBB11A02A4F86F20C0
:106B7000023BDD2284F8712084F8723087490322B9
:106B800004F17300FBF330F0042384F8763004F151
:106B900077001C991022FBF327F00B235F462B6034
:106BA0004FF0000B5AE2BBF1030F07D1D5F8D070BC
:106BB000B7F5802F14BF0327002700E05F46D5F804
:106BC000D000802802D0B0F5802F04D147F49E5722
:106BD00047F0080703E0042802D147F4E477BFB286
:106BE000D9F8003093F8624154B1F6F7A9FF40B1EB
:106BF000D9F8600804F0EEFD18B1B5F8D40000E053
:106C00002046AC88D5F8D0300419A4B2802BADF85A
:106C1000764002D0B3F5802F25D117F4805323D0CE
:106C2000B6F8108018F0010808D130463FF03EDD7C
:106C300030463FF05FDD013000F00B823368716851
:106C4000D3F87C065BF062DDB6F87C30BDF87620C8
:106C50002633C31812F007029BB205D0C2F1080216
:106C60009B189BB200E0002371341B19049C48461A
:106C7000716804F114029BB27DF076DA8046002838
:106C800000F0E781846800215F2204F1120A227477
:106C900061745046FBF32CF03B0AE37427752B8B91
:106CA00005F11C011A0AA375627504F11F00202268
:106CB000FAF39AF7AA8804F17100A968FAF394F735
:106CC000BDF876301A0A42EA0323A4F86F30D9F8E7
:106CD000003093F86231B3B1D5F8D000F6F730FF49
:106CE00088B1D9F8600804F075FD60B1AB68002B7D
:106CF00000F0B381A888D5F8D81050445F30B5F8BB
:106D0000D420FAF371F7D5F8D030802B02D0B3F548
:106D1000802F33D1F80431D521460DF1760230466B
:106D20003FF074DCBDF876301A0A42EA0323A4F877
:106D30006F30049A936899050FD533682246D3F8CB
:106D40007C0671680DF176035BF02CDDBDF87630C2
:106D50001A0A42EA0323A4F86F30A37B304600935B
:106D6000294652465B463FF0ABDA013006D1D9F8EE
:106D700004004146002200F007D866E194F86F2035
:106D800094F8703043EA0223228AD3189BB21A0A7D
:106D900042EA032323820C2316E100BF37380100A7
:106DA00096F87A704BF4607B3F0107F030074BEAAE
:106DB0000707B6F87CC0BFB20023BA0754BF0CF176
:106DC000710C0CF1790C049C1FFA8CFCADF8763038
:106DD00048466346716804F11402CDF80CC07DF09A
:106DE000C3D9DDF80CC08046002800F032818468E9
:106DF0005F234FF0000B04F1120AACF1120223746E
:106E0000594684F811B05046FAF372F73B0AE3741E
:106E10002775B6F87C3006F1BE011A0AA3756275B3
:106E200004F11F002022FAF3DFF6102206F18E0192
:106E300004F13F00FAF3D8F6082206F1FE0104F14E
:106E40004F00FAF3D1F6B6F87C2006F15A0104F1AE
:106E50007100ADF87620FAF3C7F6BDF8763030460B
:106E60001A0A42EA0323A4F86F30A37B2946009351
:106E7000524607F003033FF023DA013040F09680DA
:106E80004146D9F804005A46FFF37EF7D846E0E0C1
:106E9000D5F8D030802B03D0B3F5802F40F0D580CB
:106EA0003368AC88D3F87C067168ADF876405BF047
:106EB0002DDCB6F87C30BDF8762026337134C3184B
:106EC00012F00702A4B29BB203D0C2F108029B18D1
:106ED0009BB2E318049C4846716804F114029BB20B
:106EE0007DF042D98046002800F0B38084684FF0DE
:106EF000000C5F224BF49C5704F1120A84F811C075
:106F00006146BFB222745046CDF80CC0FAF3F0F6D9
:106F10003B0AE37427752B8B05F11C011A0AA37534
:106F2000627504F11F002022FAF35EF60DF1780B72
:106F3000A968AA8804F17100FAF356F63BF8023DFD
:106F400021461A0A42EA0323A4F86F305A46304613
:106F50003FF05CDBBDF876301A0A42EA0323A4F85E
:106F60006F3033687168D3F87C0622465B465BF06D
:106F700019DCBDF8763030461A0A42EA0323A4F839
:106F80006F30A37B2946009352463B463FF098D989
:106F90000130DDF80CC009D141466246D9F8040041
:106FA000FFF3F2F6DDF80CC0E04652E094F86F20F3
:106FB00094F8703043EA0223228AD3189BB21A0A4B
:106FC00042EA032323820D232B604FF0010B45E09F
:106FD000B3F5802F14BFFE23022300E002235046A6
:106FE00005F15C01082200F8053BFAF3FDF517F006
:106FF000030104D1D5F8D000FDF38EF10146BBF1B9
:10700000000F0CD0204605F18C0207ABFDF394F184
:10701000F0B10AF14D0007A91022FAF3E5F5736803
:107020004146DA68484624F093DF059CD9F8080009
:10703000D4F8C0104FF47A7200230CF061D94FF0ED
:10704000010806E0DDF8108003E04FF0000800E0E2
:10705000804640461FB0BDE8F08F9B460323E37394
:10706000D5F8D030802BB3D1B8E700BF2DE9F04F71
:10707000054689B00E46D0F800A01F46002B00F050
:10708000878183685B68FB585C68D3F80880D4F814
:10709000D000F6F765FD002800F07C81B8F1000F04
:1070A00000F07A81BB68580507D4BB6B03F002037C
:1070B000002B14BF0123022300E00323D4F8D000E7
:1070C0000793802805D0B0F5802F02D0042840F027
:1070D0006581337D96F8139043EA092919F003037B
:1070E000069302D1FDF318F1069004F15C0B012028
:1070F000082306F117015A46FCF3F0F5834500F02A
:107100004F8123680C2B00F0B7800D2B00F0188105
:107110000B2B40F0458109F4DC73B3F5847F40F01C
:107120003F8104F13C032022184606F11F0104931D
:10713000FAF35AF5BA68049B12F4806F09D12A68F1
:10714000126892F86221C2B1D4F8D020B2F5802F33
:1071500013D108F148020092B8F80620696801923C
:1071600004F18C020292A28A07F114000392E23128
:1071700004F11C02FCF346F522E0696807F1140CE7
:107180006046E23106220493CDF814C0FAF318F5F4
:10719000049BDDF814C0002800F0028108F14802C9
:1071A0000092B8F806206968019204F18C020292FC
:1071B000A28A60460392E23104F11C02FCF322F73A
:1071C00019F4807F10D0338A1A0A42EA03239BB253
:1071D0005C2B40F2BF803046069904F18C02FCF330
:1071E00077F7002800F0DC80338A1A0A42EA03238A
:1071F0009BB25E2B40F2AE8096F86F1096F870202E
:1072000042EA012202F15F018B42C0F0A380C2B1C9
:10721000E188B4F8DC30CB189A4212D106F1710043
:10722000E16806F11209FAF3CBF488B1E388D4F8E7
:10723000E010994409F15F00B4F8DC20FAF3C0F4DF
:1072400030B1686807F1140111227DF025D9A7E05B
:10725000002384F8CD302B68D8F8C01098680CF063
:1072600075D858460821FDF35DF02846079902229B
:107270003B46FFF7FDFB93E009F4D873B3F5807F3D
:1072800040F08E8019F4807F08D03046069904F1D2
:107290008C02FCF31DF7002800F08280002384F8A4
:1072A000CD302B68D8F8C01098680CF04FD8228ADF
:1072B00007F11406238B50468DE84400696804F1F9
:1072C000AC027DF089D8D4F8D030802B02D0B3F551
:1072D000802F02D11023236018E0042B16D10D2338
:1072E00023602B8AD90707D428463FF0DFD92846E8
:1072F0003FF000DA013053D058460821FDF312F078
:107300002846079904223B46FFF7B2FBD4F8D03059
:10731000802B04D0B3F5802F01D0042B08D16B68EB
:107320005046DB687921009332460623FAF7D4FAF7
:10733000D4F8D030802B27D0B3F5802F30D123E084
:1073400019F4807F15D0338A1A0A42EA03239BB2CC
:107350005C2B07D8DAF80030D3F888305A6E013247
:107360005A661DE03046069904F18C02FCF3B0F633
:10737000B0B1002384F8CD302B68D8F8C0109868DD
:107380000BF0E4DF1023236028463EF0F3DF07E034
:10739000184606E0E92004E0404602E0002000E054
:1073A000012009B0BDE8F08F2DE9FF470D9C06468E
:1073B00017469A468946002952D0002C52D083683D
:1073C00000685B68E3585D68D3F80880294606F0DA
:1073D0001DFF09232B60484639463022FBF382F01B
:1073E000736848B1626BDB6DB2F5802F0CBF03F49C
:1073F000802303F0800302E0DB6D03F00403C5F893
:10740000D0300C9B3068029321462A464B468DE8CB
:10741000800406F018FF30B37369012B02D1B8F86D
:10742000060000B3002385F8CD303368D8F8C010CB
:1074300098680BF08BDF0A232B60A3685B0507D4E9
:10744000A16B01F00201002914BF0121022100E01B
:107450000321304600222346FFF70AFB012002E009
:10746000084600E0204604B0BDE8F0872DE9F0436F
:1074700090E86000D6F808318E465B8E174603F41C
:1074800040437246A3F5404EDEF1000389B0044646
:107490003146284643EB0E0375F000D8804600289D
:1074A0007CD047B1E368002B78D120464146FFF7F6
:1074B00063FA002872D1A3685B6858F803309F68AC
:1074C000238AD90702D420463FF04CD82B68C4F851
:1074D0000C8093F86231ABB198F8D630032B0BD106
:1074E000D8F83430B3F5802F0CD12846414607F147
:1074F000480270F01BDC0FE023B9D8F83430B3F544
:10750000802F09D0238A9A0708D507F1480004F193
:107510001A012022FAF368F32023FB80FB88202B3A
:1075200035D12B684FF00009D3F8E800CDF818905A
:10753000CDF81C900590FFF3F1F3074600282DD0FD
:1075400005AB8DE8080228465021D8F810203B46AC
:10755000F9F742FED5F81805314606AA07ABFEF743
:1075600037FC07F10C030093059B20460C3B01936D
:10757000E36801210293069A079B40F0D9D92B6852
:107580003846D3F8E8300593FFF3DAF306E0706984
:1075900006F11901327E43463FF054DA09B0BDE8E6
:1075A000F0834FF0FF30704770B50446D0F8880084
:1075B00000220A21D4F8D8300D0A33F81230CEB2A6
:1075C000CB189BB2013B46EA032605F0030503F402
:1075D00040731D436FEA42636FEA5343A0F840359E
:1075E000A0F82065A0F82C55A0F84035D4F8D83084
:1075F00033F8125001324919062A89B2DAD12046ED
:1076000098215A8843F04CDBD4F8D83020469A2190
:107610009A8843F045DBD4F8D8302046DA881B88B6
:107620009C2143EA022292B243F03ADBD4F8D830EC
:1076300020465A891B899E2143EA022292B243F0D6
:107640002FDB2046BDE8704040F0EE9CF8B50368A3
:107650008E210446D3F8845442F0E0DC23684000D5
:107660001B6886B293F8643106F1500106F1940765
:1076700089B2BFB213B1002385F86D31D5F820313E
:10768000012B1CD002D3022B30D122E095F8E82048
:10769000012010FA02F295F8583192B2FF2B03D074
:1076A00010FA03F31A4392B2204643F0F9DA95F840
:1076B000E83001229A402046394692B214E0204632
:1076C000B5F82A2143F0ECDA20463946B5F82C21EA
:1076D0000AE095F8E83001229A40204692B243F041
:1076E000DFDA20463946002243F0DADA95F81C2129
:1076F00042B94C364FF6FE7120463140BDE8F840A5
:1077000043F0CE9AF8BD0000D0F8941010B50831BF
:10771000044641F0F3D803492046BDE8104041F04B
:10772000D59800BF6C4F010038B5437C04468B42AE
:107730000D4606D039B142F005DB38B94FF0FF30C5
:1077400038BD002038BD4FF0FF3038BD002084F830
:107750007600657438BD00002DE9F0438BB0129FB0
:1077600098460023032F04460D46139EDDF85090E3
:10777000089309930CD9042208A84146FAF334F27D
:10778000072F05D909A808F104010422FAF32CF205
:107790005A2D089900F0B38032D8212D00F0D08006
:1077A00016D80E2D00F0A78008D8052D5BD00C2D23
:1077B00000F09D80042D40F09B817CE0142DC0F0F2
:1077C0009781172D40F2A081202D40F09181C5E0D6
:1077D0003F2D00F0F88009D8272D00F0CE803E2DF7
:1077E00000F0EC80262D40F08381D4E0522D00F093
:1077F0002A81542D00F02A81442D40F07981E7E060
:107800006A2D00F0618116D8642D00F0408109D8FE
:107810005D2D00F08680632D00F01B815C2D40F013
:1078200067817BE0682D00F0398100F23A81662D96
:1078300040F05E812FE1792D00F0528109D8712D41
:1078400000F04681782D00F04E81702D40F050817F
:107850005AE17C2DC0F04C817D2D40F255818C2D5C
:1078600040F0468163E0E06F98E8A000C66916F03A
:1078700004060ED0002335FA03F2D607D9B203D49A
:1078800001330F2BF7D119462A463B4604F0DADCC8
:107890002CE129463246022304F0CADE29462A4654
:1078A0000223E06F04F000DFE06F29463A4602232E
:1078B00004F0E0DE2DE1B9F10B0F40F31C81002153
:1078C0000A460223E06F04F0B3DE00210A460746B1
:1078D0000223E06F04F0CEDE002105460A46E06F89
:1078E000022304F0E1DE37607560B060FEE0E06F17
:1078F00004F0B8DE3FE0D4F88000884902E0D4F814
:1079000080008749FBF390F020B100210A46FAF38A
:1079100027F630E04FF0FF333360E9E094F81C3194
:10792000E3E0003118BF012184F81C11DEE0099A60
:107930004A4500F3E0802046334640F069D845E0F0
:10794000072F40F2D8800029C0F2D880022300938C
:10795000E06F0122099B04F01DDFC7E0032F40F216
:10796000CA800029C0F2CA80022300930022E06F7F
:10797000134604F00FDF3060B8E00B2F40F2BB80FD
:107980000029C0F2BB80099B002BACBF6FF016062C
:107990006FF00106BDE0072F40F2AD800029C0F274
:1079A000AD80099A002AC0F2A98000250095E06FF9
:1079B0002B4604F0FBDE30602E46AAE0E06F314635
:1079C00004F034DE02E0E06F05F006D80646A0E0E1
:1079D000236898680BF046DD0746E06F04F09ADEF6
:1079E00010B3E06F04F0B2DE054618B9E06F012174
:1079F00005F004D83368E06F00937368083601938C
:107A00000023029603934168D4F88820A368FAF310
:107A1000A1F0002814BF4FF0FF3600266DB9E06FCB
:107A2000294604F0EBDF08E0E06F04F067DE002891
:107A300014BF6FF01D066FF016062368394698686C
:107A40000BF018DD65E0D4F860314EE0D4F8643115
:107A50004BE03146102204A8FAF3C6F0059D0C3520
:107A60002846FFF35BF1044600284AD031462A46F7
:107A7000FAF3BAF0238820461B0B012B04D0FFF346
:107A80005FF14FF0FF3644E0FFF35AF13CE023682A
:107A900093F8183629E04FF4B06326E0B4F81E31AD
:107AA00023E089B201292FD80323A4F81E11204610
:107AB000009319B120220221134602E00221202264
:107AC000002342F083D811E0204640F08BD952E7E2
:107AD0004B1C022B1BD8204649B242F0DDDB75E778
:107AE000C4F8381102E0D4F838313360002610E0D1
:107AF0006FF01D060DE06FF00D060AE06FF0010655
:107B000007E06FF01A0604E06FF0160601E06FF070
:107B10001C0630460BB0BDE8F08300BFFA6C89004C
:107B2000026D8900F0B587B004460668D0F8885029
:107B300000210C2202A8FAF3DBF0002320464FF0CC
:107B4000FF31704A059342F031D823681B6893F8DF
:107B5000693113B1204640F08BD8204643F014D849
:107B60004FF40037204640F039DC00970423306999
:107B7000242105AA41F0AADA00210A46E06F04F0A8
:107B800081D96149204640F0A1DE2046FFF70CFD77
:107B900002A9204640F05EDB20468021082243F007
:107BA0007FD80A2220465C2143F07AD82046D4F8B8
:107BB000201140F0EDD9554A2046554941F0F6DFF5
:107BC0004FF00043C5F888314FF00073C5F88C3191
:107BD0004FF48043C5F828314FF480336B620121A4
:107BE000204641F0D9DFE06F04F0F0D8A4F812018C
:107BF000A5F8A80616212046B4F8482043F050D82E
:107C00002046C021B4F86C2043F04AD82046C22157
:107C1000B4F86E2043F044D82046182104F1A402A1
:107C20000223009741F09EDA022320461C2104F132
:107C3000A602009741F096DA96F858361BB1002359
:107C400086F8583606E000973069242105AA0423F7
:107C500041F088DA20464421B4F8A82043F020D827
:107C600020464621B4F8AA2043F01AD8B5F8883641
:107C70001B051B0DA5F888360123A5F89C360025A9
:107C8000B5636319586910B1224B5B689847043596
:107C9000182DF6D11F4D6069AB6D98476B6F606909
:107CA00098472046002142F0BDDC23681B6893F80A
:107CB000693113B1204640F00DD8A36F2046598B8F
:107CC0004FF48072CC3142F0EBDF637C03220092F0
:107CD0001022002B14BF134600232046042141F03C
:107CE00075DF2046AE2142F099D94FF4D8634000A9
:107CF000C4F82401C4F82831304640F091DC07B0C4
:107D0000F0BD00BF04040004943E010000000240E6
:107D10000000064010A7880070B5036804461B6881
:107D200093F86931002B00F08180836F598B3631D5
:107D300042F074D9236D0646D80777D5636D1906CE
:107D400074D4E36F9A69920002D5DA69D00704D53A
:107D5000DB69D90701D45A0768D5E36E9B0065D566
:107D6000D4F888304FF49675B3F8B42692B242F046
:107D70000302A3F8B426D4F88820B2F8B83623F06A
:107D8000C0031B041B0CA2F8B836236DD80719D505
:107D9000636D190616D4E36FDB695A0712D5E36EDB
:107DA0009B000FD5D4F888300121A3F8F016D4F841
:107DB0008830B3F8F22692B2130A03F00F0302F0F0
:107DC0003F0213E0D4F888300022A3F8F026D4F85C
:107DD00088300121B3F8F226A3F8F016D4F88830E1
:107DE000C2F30512B3F8F236C3F30313042A02D127
:107DF0000BB1042E02D04FF4FB750AE06420FEF3B1
:107E00007BF4013DC1D1F6E7013D08D00A20FEF325
:107E100073F4D4F88830B3F8B626D007F4D4B3F8A6
:107E2000B82692B242F0C002A3F8B82670BD38B5A9
:107E30008B7905460C463BB190F88E22002A21D161
:107E400090F88F22002A20D10122627193B12B6811
:107E500093F8623173B1E36D58030BD5D5F8600820
:107E600003F0B8FC30B1637923B1D5F8600821463E
:107E700003F076FBA07950B128462146BDE8384092
:107E800044F0A29F4FF0FF3038BD4FF0FF3038BDB7
:107E900043690BB90223436183690BB914238361DE
:107EA000C36913B94FF41673C361836813B94FF4F0
:107EB0007A73836003690BB9034B0361C3680BB921
:107EC000024BC360704700BF00350C00804F1200AA
:107ED0002DE9FF4703680446D3F80090D9F8103025
:107EE0009B6FB3F81AA099F81930002B5AD040F2C2
:107EF000A47600253146D9F8100042F08FD8B11C85
:107F00000746D9F8100042F089D86B08023504AA58
:107F1000EDB202EB830347EA00400436062D43F836
:107F20000C0CE7D10AF1A40A5146D9F81000019FC0
:107F3000039E029D42F072D851468046D9F8100047
:107F400042F06CD84BF6FF7202405146D9F810004F
:107F500042F0A6DE236A9F4202D2DB43D81900E03A
:107F6000F81A636A9E4202D2DB43991900E0F11AC3
:107F7000A36A9D4202D2DB435A1900E0EA1AA368C1
:107F8000276298426662A56203D3032384F83830DF
:107F90000AE02369994207D2E3689A4204D2C8F3FF
:107FA000803002E0F52000E0012004B0BDE8F08759
:107FB000F7B5099D0023032D06461746089C00933C
:107FC00001930BD9042268462146F9F30DF6072DDB
:107FD00004D901A8211D0422F9F306F61C2F07D1AC
:107FE000D6F88030002093F838200A9B1A6001E010
:107FF0006FF01600FEBD2DE9F041044616461F46FF
:108000000D46002900F09D8030F0C4D8D4F8A0318E
:10801000804693F8661093F86C20002940F0888021
:10802000002A40F08580998842F20E72013989B2A7
:1080300091422DD8206940F2EA3140F0D3DD90B171
:1080400020694FF47B7140F0CDDDD4F8A0319A88DF
:1080500041F64B539A4204D9206940F2ED3140F089
:10806000C1DDC5B200E00546206940F2EB3140F0C9
:10807000B9DD012330B13B70D4F8A031002283F880
:108080006E2033E03870D4F8A02182F86E302DE0F5
:108090005A8D910706D5206940F2EE3140F0A2DDFD
:1080A000C5B223E012F0010214D0B3F87B1000290E
:1080B00073D0B3F87920002A6FD00A20414391FB96
:1080C000F2F2062A69DDB3F87130012B67D0022B7A
:1080D0000DD166E032703A70D4F8A021012382F805
:1080E0006C30D4F8A02182F86E3000E03DB9002356
:1080F0003370D4F8A031012283F86C201BE0D4F84F
:10810000A03193F86D20022A07D9012283F8662056
:10811000D4F8A03183F8675002E0002333703B703D
:10812000D4F8A03193F86D20013283F86D2002E07D
:108130000AB100233370D4F8A031C3F86880BDE8D9
:10814000F081D0F8A03193F866202AB9DB6E13F0E5
:10815000FF1F13D1BDE8F081022213462FF03EDC51
:1081600001232046294602222FF038DCD4F8A03122
:1081700083F86650D4F8A03183F86750D4F8A02172
:10818000002382F86C30D4F8A02182F86E30D4F845
:10819000A02182F86D30BDE8F0810625AFE7022509
:1081A000ADE70825ABE770B5036886B00C46054619
:1081B000002103A80A221E68F9F39AF5BDF80C30D5
:1081C00043F01003ADF80C3094F8AC30A3B1D4F800
:1081D0008830D3F82031D8070ED5204642F0B8D9E0
:1081E000022200922046BDF80C300021102241F0FE
:1081F000EDDC204641F064D9012185F83910336A5D
:10820000186901F0C4FA06B070BDF0B5036887B014
:108210000C460746002103A80A221D68F9F368F5F9
:10822000BDF80C3023F01003ADF80C302B699B6FB8
:108230005E8B94F8AC30002B3CD0D4F88830D3F867
:108240002031DB0736D5204642F082D90222BDF824
:108250000C30009220460021102241F0B7DC236D43
:10826000D80724D5636D190621D4E36F9A6992006B
:1082700002D5DA69D00704D5DB69D90701D45A07DA
:1082800015D5E36E9B0012D5D4F88830B3F8B82624
:1082900092B242F04002A3F8B826D4F88820B2F88F
:1082A000B83623F080031B041B0CA2F8B836204616
:1082B00041F006D9002487F8394006F136012869D3
:1082C000224642F0EDDC06F108012869224642F020
:1082D000E7DC06F1F80122462869A43642F0E0DC2A
:1082E0003146286941F09ADE4BF6FF720240314672
:1082F000286942F0D5DC2B6A97F83910186901F02B
:1083000046FA6B7E43B1286940F2A47122460C23E1
:1083100042F0DAD8204601E06FF00A0007B0F0BD65
:108320007FB551F8383B00221868D0F868320092C7
:108330000192029201220391049219469822DC33A1
:1083400017F0CCDE07B000BD38B50446FFF7A0FD3E
:1083500094F83830032B04D02046FFF7B9FD0546CA
:1083600000E0002594F83830013B032B73D8DFE898
:1083700003F00213304C01202146FFF7D1FF012DFD
:1083800008D1E36A626901339342E36263D3022353
:1083900084F83830002351E002202146FFF7C0FF67
:1083A000012D4FF000030BD1226BA16901328A42EB
:1083B0002263E3624FD3032284F83820236338BD5D
:1083C000E26A616901328A42E262236343D3012295
:1083D00032E003202146FFF7A3FF94F83930012B48
:1083E00007D120466168FFF710FF00232362636214
:1083F000A362636BE2690133934263632BD300236F
:108400006363042384F8383038BD04202146FFF725
:1084100087FF94F839301BB920466168FFF7C3FE27
:10842000012D4FF000030BD1E26A616901328A42EB
:108430002363E2620FD3032284F83820E36238BD5D
:10844000226BA16901328A42E362226303D30122D3
:1084500084F83820236338BDF7B50368044693F8E1
:108460003C20002A40F0AC8093F86931002B00F0EA
:10847000A78044F06BDF022840F3A280204644F03E
:1084800003DF002800F09C80206940F059DA23685F
:108490000646DA6ED4F86872002A40F091801B7E9E
:1084A000002B00F08D8094F8D4312BB120461FF0C2
:1084B00067DA002840F08480D4F8A0315A6B5278F3
:1084C000D1070CD4DD795DB1D4F86832D3F814311A
:1084D0001B695B42AB42CCBF0825002500E00025AC
:1084E00006F00403002B18BF0825BB7916F0100610
:1084F00018BF4FF4007623BBD7F8083193F9343016
:10850000FBB13B7AEBB13B7C23B107F1DC00FAF322
:108510005BF2B0B994F88D32012B12D194F88E32FF
:1085200023B1D4F8180535F019D850B9FB6DA3B1B3
:108530003A6D40F2371313407BB197F86030D3B1F6
:108540000BE094F88D325BB1D4F88C221D4B1340B4
:10855000B3F5807F10D13B7C73B13543ADB20BE0F6
:1085600094F88E323BB1D4F8180534F0F7DF0028C8
:1085700008BF002500E01D46022120464FF402728C
:108580002B4600911FF060DC354219D00023D4F84F
:108590006422D15889B18A797AB90A7A6AB10A7C97
:1085A0005AB1D4F8440158F0E9DE0146D4F8440148
:1085B00003B0BDE8F04059F0A9990433202BE6D16F
:1085C00003B0F0BD00FFFF002DE9F8430568044645
:1085D000D5F8A031D0F83480D3F810902B699B6F78
:1085E0005E8BFDF315F7A36CA064C31AB3F5617F2E
:1085F00001D2BDE8F883204645F0BAD984F83000AE
:10860000204644F033DF84F83100204645F088D816
:1086100094F8453084F85A005BB194F8403084F8FF
:10862000303094F8413084F8313094F8423084F896
:108630005A3098F801305B0721D5E76B284694F94A
:10864000311094F9302094F95A30B8475FFA89F91B
:108650004845074613D02846394645F0A7D828692B
:10866000026D12F480020AD14EB1012F06F1A4016D
:1086700001D1602301E06022134642F013DA28465C
:108680000122D5F86812FFF7E7FE98F80130980745
:1086900015D5A66B94F95A30284694F9311094F9FF
:1086A0003020B04794F832300646834207D028463F
:1086B000044932461FF0F8D808B984F83260BDE8A2
:1086C000F88300BF6FB0890073B504680546204683
:1086D00044F0DADDD4F8A031064693F85E2001328A
:1086E00083F85E20236893F86931002B4AD0002874
:1086F00048D0236A1B68022B44D1012803D12046AD
:10870000294645F0B5DB6B6B5B78DB0703D5284664
:10871000FFF75AFF36E0204645F05CD8D4F8A03188
:10872000DA7A72B1D4F86812D1F8141109694942A1
:10873000914206DD721E012A1ED95E732046012178
:108740000EE09A7A7AB1D4F86812D1F81411096956
:108750004942914207DA042E0ED05E73204604216E
:1087600045F024D808E0597B31B1204645F01ED8A9
:10877000D4F8A03100225A732046D4F8681201229E
:10878000FFF76AFE236893F86921002A51D0226A14
:108790001268022A4DD101228DF806208DF807209B
:1087A0004EB3042E27D093F8412022B393F84220F1
:1087B0000AB3D4F864210AB19279E2B993F83E3051
:1087C000CBB1D4F8A03142F20E729988013989B246
:1087D000914203D9598D11F0030105D0013E012EBC
:1087E00009D82046012100E020460DF107020DF1D5
:1087F0000603FFF700FC9DF807109DF80630A1F175
:1088000001025142A3F1010041EB0201434243EB5B
:10881000000302228DF80630204613468DF807101B
:108820002FF0DCD820469DF80610022201232FF0FD
:10883000D5D8236893F8693123B1236A284619688B
:1088400045F00CDFD5F88000FFF77EFD00207CBDF1
:108850002DE9F04705689A462B68044693F84400D2
:108860008EB00F461646002838D00DF10C094FF097
:108870000008002124224846F9F33AF24146082232
:108880000CA8CDF81080CDF80C80F9F331F24246F7
:108890004346D5F8C0063946CDF8349051F0FADC9D
:1088A000D4F8444180460FE08DE840010133049341
:1088B000D5F8C00639464FF6FF720CAB059451F05F
:1088C000C9DC50B924684644049B002CECD1039ABF
:1088D00001209B18CAF8003000E000200EB0BDE86F
:1088E000F08702680146D2F86C31D2F8D80603F559
:1088F000C67203F5CE7305F077B8000000487047E4
:10890000C4580100024B542202FB0030704700BFE4
:10891000BC650100004870476466010038B58B787B
:108920001C1DA24230D30A78012A30D1142B34BF47
:108930001A4614224B78022B04D0032B1ED0012B95
:1089400028D101E0002315E0002307E0CC182579A9
:1089500090F8234001332C4380F8234001309342A8
:10896000F4DB0FE0CC18257990F8234001332C403C
:1089700080F8234001309342F4DB03E024300431DB
:10898000F9F332F1002038BD6FF00D0038BD6FF003
:10899000240038BD002038BD38B5044610468A781A
:1089A000151DAB420FD30B78012B0FD1142A28BF12
:1089B000142214238270C37004F124010430F9F3EB
:1089C00013F1002038BD6FF00D0038BD6FF02400AA
:1089D00038BD982970B504460D46164611D8243086
:1089E00012B1FAF35DF501E0F9F3D6F72C2D0BD1B6
:1089F0000121321CA06818BF01221DF071D900208E
:108A000070BD4FF0FF3070BD002070BD70B50546E1
:108A10000C464EF067D8064680B190F861309BB99D
:108A2000836923B9E420FEF37FF1B06130B1F369CB
:108A300053B9E820FEF378F1F06128B928462146C1
:108A4000BDE870404DF04E9E70BD00002DE9F04F26
:108A50009A469BB00D46D1F80C31D1F8046100283C
:108A600000F0318189794468002940F02C81297C0B
:108A7000002900F028819AF8011002291FD19B6873
:108A8000182B1CD102F10A00D5F808110622F9F3BF
:108A900097F0A0B90AF1080031460622F9F390F0E8
:108AA00068B920462946D5F8082173F0F3DC30B1C7
:108AB00020462946324673F0EDDC074620B90023F4
:108AC00000932846062138E0BAF80E308BBB00210F
:108AD0000C2217A8F9F30CF17C4B0DF11409179334
:108AE0007B4B002128220DF13C084846189319942D
:108AF000F9F3FEF00023002120224046ADF8243097
:108B0000F9F3F6F00AF110030193249BCDF80080ED
:108B1000103B0293D4F8BC062946D02217ABCDF8FF
:108B2000589051F0D3DB002840F0CD80BDF82430C0
:108B30002BB102220092284601213246C1E0D5F82D
:108B4000103193F8F430F3B9D5F818311B7AD3B952
:108B500094F890322846590744BF23F0040384F860
:108B60009032012124F0B0DCD5F81031012283F8D5
:108B7000F4204FF4FA70FDF3BFF594F8903243F00F
:108B8000040384F89032B6F83280236AD3F804B034
:108B900008F44043A3F54042D2F1000A4AEB020A2E
:108BA000003318BF01230A3354F8239008F46053AC
:108BB000B3F5005F03D14046FAF3A2F5804608F40E
:108BC0006053B3F5C05F27D1236893F84F309B07FC
:108BD00014D0D4F85801D9F8041049F00FDB00077D
:108BE0000CD499F8E530990708D5D9F80030022B54
:108BF00012D1D5F868339B789A070DD54046FAF321
:108C0000FFF440F480539BB20E288CBF4FF44048D1
:108C10004FF0000848EA0308236A18695EF040DA5A
:108C200040451CD04146D4F8580149F0E7DC2046C5
:108C300025F0A4DD2046414624F0D2D8236893F8DD
:108C40003B304BB1D5F83C335968D4F8C035994224
:108C500002D0204620F03CDA20461DF03DD82046C8
:108C600006F1380120F016DDD34524D0236A2046D2
:108C700039465A682B4673F03DDA2368206A93F828
:108C80004F30503013F0030307F13C0108D03B692B
:108C9000D3F8EC3003F48053D3F1010338BF002341
:108CA0007F228DE80C00002213466CF0EBDA2046A0
:108CB000394673F053DF02230021009328463246E1
:108CC0000B463AF075DE1BB0BDE8F08FA9B8850001
:108CD0000DBA85000B89F0B5C48F03F0F0060419B6
:108CE000360934F81650428FB0F83CE0013634F8BB
:108CF0001670CC688218864487B052190EEBC50EE8
:108D00002CB14E69C4EB060C8E69664400E0264621
:108D10007D1BADB2CDF800E00195C06802900868F7
:108D20000494039005964868194600234FF084DFA9
:108D300007B0F0BDF0B50C460989C58E01F0F0060C
:108D4000878E4519360935F81630C7194FF00C0EC5
:108D50000EFB037787B0428E0136009735F8165028
:108D60008218ED1AADB201958068D2180290206881
:108D700000230390A0690490E069059060684FF0BB
:108D800041DE07B0F0BDF0B50C460989C58E01F093
:108D9000F006878E4519360935F81630C7194FF099
:108DA0000C0E0EFB037785B0428E0136009735F826
:108DB00016508218ED1AADB201958068D218029053
:108DC00020680023039060684FF0F6DE05B0F0BD28
:108DD0002DE9F341B0F81280878AC68A84798044ED
:108DE000C7198619F4B9254605F00F0336F8131094
:108DF000013336F813208A420ED00C4B521A181940
:108E000080884FF00C0E009092B208EB0100E358FE
:108E10000EFB01714FF0CEDF013508340D2DE3D18B
:108E2000002001E06FF01600BDE8FC8168590100E8
:108E30000378FF2B01D018467047437813B1807830
:108E4000FF3070474FF6FF70704791E80C000989BA
:108E50005268B02902D11268032A08D090F842065D
:108E600030B1D3F86433587810B102307047002025
:108E7000704706207047036873B50446D0F8245441
:108E8000D4F81C1498680AF061DA26E0EE690BBB8E
:108E9000D4F8243405F10E029D4208BFC4F82464BE
:108EA0002068214673F0F6DA024640B10121022320
:108EB0008DE80A0020682146002372F053DF236802
:108EC0002946586851F088DC94F82034013B84F836
:108ED000203401E0013BAB6135461DB1AB695A1C42
:108EE000D4D116E02368D4F824249868D4F81C144C
:108EF0003AB90AF097DAC4F81C5484F8205402B046
:108F000070BD42F210722B4602B0BDE870400AF00C
:108F1000F799FEE77FB5D0F824040E4615461C46A7
:108F200098B104AB43F8040D00200093014632468B
:108F30002B4651F09FDC40B94EF660235C4342F271
:108F40001073B4FBF3F4039B9C6104B070BD00008C
:108F50002DE9F0410546D0F80080D0F81441FDF32A
:108F600057F2D8F82030064618695EF099D8D5F83F
:108F700008315B8E834259D113F4404F09D1D8F8A0
:108F8000003093F8693123B1404640F00FD80028F3
:108F90004CD0A36C002B53D0E16C721A9A424FDB79
:108FA00094F850301BB122695BB2934248DB94F8CD
:108FB0004430FBB12769EFB1FF1AD8F8C4366FF01F
:108FC000C7029742B8BF174613B19F42B8BF1F46AA
:108FD000B4F90E30002B03DA1A483246F8F3AEF635
:108FE000002213462846394654F026D8D5F80831D1
:108FF000228A5A8594F8453013B3676907B3FF1A7C
:10900000B4F93A3027EAE777002B04DA0E48E16C2E
:109010003246F8F393F628463946002254F05AD8DF
:10902000D5F80831A48A9C85BDE8F081D5F80831CF
:10903000DA8DE36CD318E3649B1B002BC8BFE66496
:10904000BDE8F081AEC58900DFC5890010B50020FC
:1090500012F04004187002D012F0800F15D011F4F5
:10906000007005D012F0800F02D00120187010BDE2
:10907000490501D5130605D530B9D4F1010038BF33
:10908000002010BD002010BD012010BD2DE9F04FC3
:10909000836B0D46596C044640F2395087B09246B6
:1090A000002281428DF8172003D040F28B5081427C
:1090B00008D1B4F8522002F44042A2F540414A429D
:1090C00042EB01021869039268F072D828B3D4F811
:1090D000E4235AB1D4F8F803012169F07FDE28B9FE
:1090E000A36BD4F8E413986869F0A8DC94F8943082
:1090F00083B9D4F8F803B4F85210012269F038DECD
:10910000C4F8E40330B1BAF1000F03D120465EF099
:109110004FDD46E10023C4F8E433B4F85210A36BEA
:1091200001F46051B1F5005F986805D0A1F5C05217
:10913000514241EB020100E0022169F071DC064678
:10914000002800F02E8135B120462946B4F852207F
:1091500033465EF007DDB4F852904846FAF350F219
:1091600009F46057A36BB7F5005F986805D0A7F5C1
:10917000C053594241EB030100E0022169F050DC89
:10918000A36B054610B99868314617E0B7F5005F44
:10919000986806D0A7F5C058D8F1000141EB080146
:1091A00000E0022169F03CDC804650B9A36B3146F7
:1091B000986869F043DCA36B2946986869F03EDC47
:1091C000EFE0D4F8E403B8B169F044DCB7F5005F30
:1091D00006D0A7F5C05CDCF1000343EB0C0300E014
:1091E0000223984208D0A36BD4F8E413986869F07E
:1091F00025DC0023C4F8E433D4F8E433FBB9A36BD3
:10920000B7F5005F986806D0A7F5C05EDEF10001F3
:1092100041EB0E0100E0022169F002DCC4F8E40336
:1092200068B9A36B3146986869F008DCA36B2946DE
:10923000986869F003DCA36B41469868BEE7D4F8F0
:10924000E40369F02DDB20465EF04CD8284694F903
:109250007B1069F017DD00230DF117020093204603
:10926000434649465FF09CDC4046314669F054DB9A
:10927000404694F9651369F0ADDC4146284669F033
:109280004BDB94F85810632902D8284669F0B6DC05
:10929000284669F0DDDB284669F014DC94F8673372
:1092A00007469B0098426FF07F012846B8BFDFB2A7
:1092B00069F01EDCFFB25FFA80F9A36B84F87E7060
:1092C00084F87F908346186967F072DFB8B1D4F8EC
:1092D000F803B4F8521069F02DDE01280FD1B4F86C
:1092E000521000224B46D4F8F80369F0D5DDD4F8CB
:1092F000F803B4F8521000223B4669F0BDDD0023AC
:1093000084F891B084F8963084F88030BAF1000F78
:1093100003D02846514669F019DB94F8823028467C
:109320000BB1039B23B194F97E1069F0C7DA03E017
:1093300094F97F1069F04EDCD4F8E403294669F013
:10934000D1DAA36B186967F033DF98B1D4F8F8036A
:10935000B4F8521069F0EEDD012803460AD1D4F8C2
:10936000E403A16B00908868B4F85220D4F8F81395
:1093700069F054DDA36B3146986869F05FDBA36B3D
:109380002946986869F05ADBA36B4146986869F0F2
:1093900055DBBAF1000F04D1D4F8543A0BB1204692
:1093A000984707B0BDE8F08F10B590F86330002BF8
:1093B0003CD0DB07C9B22CD5836E8B4223D190F809
:1093C000253A3BB10023846BE4180133082B84F861
:1093D0002021F8D1836BD3F828411B1983F8202171
:1093E000836BD3F82841072C01D0013400E000241E
:1093F000C3F8284190F8253A2BB190F8263A13B1DA
:10940000002380F8253A90F8633023F0010380F8B8
:10941000633090F8633013F0020F07D023F002039B
:1094200080F86330836B186967F0BADE002010BDE6
:10943000F8B590F863300446002B3AD1012902D0E8
:10944000022939D100E08266A36B80F863101A6AA2
:1094500094F8D900626618BB94F86C20002A2DD1CC
:1094600018698E2167F072DE400087B2062502E09F
:109470000A20FDF341F1A36B07F174061869314628
:1094800067F064DE08B1013DF2D1A36B01221869D7
:10949000314667F067DE204601F012F8024600E030
:1094A000A122B4F85210204652B2BDE8F840FFF7AE
:1094B0007BBF6FF01800F8BD6FF00200F8BD10B56B
:1094C00004465DF0EDDD0221C2B22046BDE8104049
:1094D000FFF7AEBF30B5026CCB8892F829463CB995
:1094E000846B64690A2C03D94C8A14F4807F14D0ED
:1094F000846B6569272D03D10C8A14F4006F0CD19D
:109500008C88DBB214F0030F01D09D2B05D0232DE6
:1095100007D14D8A15F0200F03D001238B7700234C
:109520000AE090F92C031B18E00444BF92F91E26B0
:109530009B180022CB778A770B7700234B7730BDBF
:10954000C369043B082B06D8DFE803F018050907B8
:1095500009050B050D0000207047172070470420F7
:1095600070470720704790F83E03012808D0032871
:1095700014BF4FF483704FF48B7070470120704715
:109580004FF48B707047836B13B51A6A044601322F
:109590001A6290F86020002A00F0AC80B0F8C8226F
:1095A0002AB1D0F8F013A1F83622A1F83A22B4F883
:1095B000CC222AB1D4F8F013A1F82822A1F8242251
:1095C000B4F8CA222AB1D4F8F013A1F82222A1F8E3
:1095D0002622216F40F606220A402AB993F82C3140
:1095E00013B120465DF0F8DDA36B1A6A1B6EB2FB67
:1095F000F3F103FB1123A3B920465FF085DC236F51
:1096000040F60202A16B1A400032086918BF01221D
:10961000B4F85210C3F3800367F0D2DD20465FF048
:1096200081DC226F40F60E231340B3B9A36BD4F84C
:109630008C21196AD2F89020D3F818318A1A9A42EC
:109640000BD394F8522020460121FFF7F1FEA26BC4
:10965000D4F88C31126AC3F8902094F8633043B187
:10966000A36B1A6A636ED31A052B02D9002384F800
:109670006330D4F8F4202AB1A36B196A1B6E8A1ADE
:109680009A420CD3226F40F6020313403BB92046A6
:109690005DF016DE18B1A36B1B6AC4F8F430226FBC
:1096A00040F60F2313402BBB20465EF0B5DA204670
:1096B0005EF054DAD4F88C31D3F8882012B1013A34
:1096C000C3F88820D4F8B43A0BB120469847A36B6E
:1096D000186967F023DD68B1A36B01A918690DF162
:1096E000070267F01FDD20469DF80710BDF8042033
:1096F0005DF0D4DD00201CBD03460021986B4018AE
:109700000131082980F82021F8D19A6B0021C2F894
:109710002811D16E032907D1D3F8C410C90703D586
:10972000126A0832C3F8B8200022991802324FF6A4
:10973000A470202AA1F8040AF7D10020012283F89E
:10974000240A83F8EC2A7047836B10B59A690446A3
:1097500092001BD590F8ED2A012A17D1B0F85220BB
:1097600012F4404F12D1186967F004DD636CB3F84E
:10977000B42692B242F00302A3F8B426636CB3F8A5
:10978000B82692B242F0C002A3F8B82610BD80F805
:10979000ED1A704730B5056C044687B028464FF483
:1097A000007141F21C1260F047DB002800F09D8040
:1097B0000723039320230593802302930023019022
:1097C000049340F8043B0133802BFAD1204601A9D1
:1097D00065F0E8DE4FF43073204601A9049365F08C
:1097E000E1DE206C41F22F1160F04CDB20460121BC
:1097F00064F086DC20463E4936225DF0F7D9D5F884
:10980000C434204640F6F4114FF480426BB1134645
:109810005DF0B4D9B5F85824B5F856342046D318BD
:1098200040F20C5140F2FF129BB25DF0A7D91E220C
:10983000304920465DF0DAD9204661F011D8204643
:1098400063F014DA99210122002320465DF068D9E3
:1098500096210222002320465DF062D9A221012236
:10986000002320465DF05CD9A5214022002320463C
:109870005DF056D9A6210122002320465DF050D983
:10988000A1210122002320465DF04AD93022002385
:10989000204602215DF044D96F2120464FF400524A
:1098A00000235DF03DD94FF48052134620466F21CE
:1098B0005DF036D904221346204640F2D7415DF0D0
:1098C0005DD940F2D7414FF470624FF48073204667
:1098D0005DF054D9204662F0DBDB204640F2755142
:1098E0004FF4007200235DF049D907B030BD00BFCE
:1098F000BE5A01002A5B0100F0B5072387B0066C51
:10990000029320230493012304460D46019330461D
:1099100005AB4FF4007141F27332009360F08CDAC2
:10992000002849D0D6F8B865074601460023B3425F
:109930002CBF9E46B64605EBCE0292F803C015F842
:109940003EE001334EEA4C5E92F802C052784EEA95
:109950004C3E4EEA4212802B059241F8042BE6D190
:109960008DE809006946C0232046039365F01ADE9E
:109970000023B3422CBF1A46324605EBC2021079CF
:109980005179400240EA4140D179013340EA010275
:10999000802B059247F8042BEBD14FF4107320462F
:1099A0006946039365F0FEDD236C41F29F31C3F8F5
:1099B000BC55206C60F066DA07B0F0BDF0B5076CFE
:1099C00089B0002304460D4638464FF400714FF429
:1099D000965205930693079360F02EDA0646002808
:1099E00034D04DB9204605A906AA07AB5EF028DBA6
:1099F00003953746002510E097F83336002BF8D052
:109A0000B4F9283A0693B4F92A3A0793B4F92C3AF0
:109A100005934FF430730393EBE705A928460EC96D
:109A200064F0B0DE0135802D47F8040BF5D1072333
:109A3000029320462023694604930096019565F021
:109A4000B1DD206C41F2DF2160F01CDA09B0F0BD1D
:109A50002DE9F047571A7E1C1FFA86F94FEA890351
:109A60004FF6FC7186B004461940006C41F6DE32B8
:109A700060F0E2D90546002871D010234FF0600A4B
:109A8000DFF8E0808DE8080404AA022320460021C4
:109A9000CDF808805EF0CCD8BDF81020BDF81230AB
:109AA00092059B059B0D920D43EA8222C24600233C
:109AB00008E055F8231001F07F61114345F82310A9
:109AC00001339BB2BB42F4DD20234FF4A0788DE834
:109AD0000801DFF894802A46334620460721CDF856
:109AE00008805EF0B3D8206C41F6F23160F0CAD93C
:109AF0004FEA49094FF6FE71206C09EA010141F66F
:109B0000F53260F099D9054648B310234FF0620C46
:109B10008DE808102046012300210DF11602CDF832
:109B200008A05EF085D8002305E0BDF8162025F8D2
:109B3000132001339BB2BB42F7DD10234FF4E07ECC
:109B40008DE80840204607212A463346CDF8088094
:109B50005EF07CD8206C41F6024160F093D906B0EB
:109B6000BDE8F087CD2187006149870010B5044624
:109B700060F098D92046012200234FF430615CF058
:109B8000FDDF2046042200234FF430615CF0F6DF55
:109B90002046082200234FF430615CF0EFDFF02212
:109BA000204613464FF430615CF0E8DF4FF47062FA
:109BB000204613464FF430615CF0E0DF204600237E
:109BC0004FF430614FF480525CF0D8DF204606221B
:109BD000042340F607315CF0D1DF20463822082309
:109BE00040F607315CF0CADF2046002340F607311B
:109BF0004FF4E0725CF0C2DF20463022102340F6C2
:109C00000B315CF0BBDF40222046134640F60B319F
:109C10005CF0B4DF204640F60B314FF4F0624FF4B5
:109C200080635CF0ABDF204640F60B314FF4F0422E
:109C30004FF400535CF0A2DF94F8FC392046012B6E
:109C400014BF4FF480534FF4105340F60C314FF6CD
:109C5000FF725CF093DF204640F60C314FF6FF7246
:109C60004FF480535CF08ADF204640F60D314FF60A
:109C7000FF724FF450435CF081DF204640F60E3116
:109C80004FF6FF724FF478435CF078DF20461023E4
:109C900040F60F314FF6FF725CF070DF20464FF454
:109CA00031614FF6FF724FF478435CF067DF204676
:109CB00040F611314FF6FF724FF47D435CF05EDFEA
:109CC00020460F22002340F612315CF057DF204679
:109CD000F022002340F612315CF050DF20460023D2
:109CE00040F612314FF470625CF048DF20460F22DC
:109CF000002340F613315CF041DF2046F0220023C0
:109D000040F613315CF03ADF2046002340F6133171
:109D10004FF470625CF032DF20460F22002340F6E1
:109D200014315CF02BDF2046F022002340F6143182
:109D30005CF024DF204640F614314FF470620023BB
:109D40005CF01CDF20460F2240F6153100235CF04A
:109D500015DF2046F022002340F615315CF00EDFBF
:109D60002046002340F615314FF470625CF006DFA8
:109D700020460322012340F616315CF0FFDE204628
:109D80000C22002340F616315CF0F8DE204630222B
:109D9000102340F616315CF0F1DE2046C02240234D
:109DA00040F616315CF0EADE2046002340F616311C
:109DB0004FF440725CF0E2DE204640F616314FF47C
:109DC00040624FF480635CF0D9DE2046032200231A
:109DD00040F617315CF0D2DE20460C2240F61731F7
:109DE0004FF6FC735CF0CADE2046302240F6173195
:109DF0004FF6F0735CF0C2DE2046C022002340F62E
:109E000017315CF0BBDE204640F617314FF440724C
:109E10004FF47F435CF0B2DE204640F617314FF43A
:109E200040624FF47C435CF0A9DE2046012200230F
:109E300040F606315CF0A2DE1F222046134640F6B3
:109E400005315CF09BDE4FF6FF722046134640F66C
:109E500004315CF093DE4FF6FF722046134640F665
:109E600008315CF08BDE204640F609314FF6FF7278
:109E700047F6FF735CF082DE2046082340F60A3185
:109E80004FF6FF725CF07ADE20463F2340F6023147
:109E90004FF6FF725CF072DE2046FF2340F603317E
:109EA0004FF6FF725CF06ADE0F222046134640F642
:109EB00001315CF063DEF0222046134640F60131AA
:109EC0005CF05CDE0122204613464FF430615CF00A
:109ED00055DEA36B2046D96EBDE810405FF0029AB4
:109EE0002DE9F043044689B00F469046006C4FF4CC
:109EF000806141F2366299465FF09EDF0646002897
:109F00004ED001221346204640F29C41C4F8D07046
:109F10005CF034DE20469DF840105FF041DB2822E3
:109F20002046394661F09CDFB0F5807F054603D9B5
:109F3000206C41F2526131E0204640F2D6610322AA
:109F400000235CF01BDE08221346204640F2DA6153
:109F50005CF014DE282342468DE828002046334674
:109F6000394665F061D91523039605930026202311
:109F7000204603A907930495069665F013DB9DF828
:109F800044302046019329464FF6FF723346CDF800
:109F9000009062F0F1DF206C41F266615FF072DFE9
:109FA00009B0BDE8F08300002DE9F04F00218FB02B
:109FB000076C90F85250ADF83210ADF834100446EA
:109FC000002109A80C22F7F393F60023ADF83630F0
:109FD00097F8153613B197F8161601E097F814168E
:109FE000D4F8DC002A465FF0BDDC8046002800F093
:109FF0006081204601215FF0D3DAB8F8005045B106
:10A000002DB24FF47A726A432046012163F098DE44
:10A010000125B8F8023063B10135EDB21BB24FF43F
:10A020007A725A432046294663F08ADE012D0AD10E
:10A0300000E0DDB10223009301210023019302938C
:10A0400020460A4608E002230121009301930023E1
:10A05000029320460A460B4663F014DF2046052192
:10A060004FF486720DF1320361F01CDE00252E469E
:10A07000A94638F8051029B304200B238DE8090000
:10A0800009B20DAA4FF4FA73204661F07BDBBDF8EC
:10A090003420BDF832301C3AD21AB7F9181613B270
:10A0A00099420FDC0EA9062303FB061338F80510AE
:10A0B000013623F8141C23F8122C23F8100CB6B226
:10A0C0004FF001090235042DD3D10223069310234A
:10A0D00008930DF13603049300250123204604A9BB
:10A0E0000593079562F094DE10238DE82800724BEB
:10A0F00002210293204601230DF1360201355DF065
:10A10000A5DD402DF0D10025204629462A462B46C4
:10A1100000950195029563F0B5DEB9F1000F40F0AE
:10A12000B180C2E00EAB4FF0060909FB053939F8E2
:10A13000148C0135EDB20FFA88FA4FF47A7202FBF3
:10A140000AF22046294663F0FBDDB7F91A2639F9F1
:10A15000123C9A4201DD002006E0B7F91C269A4223
:10A1600001DD012000E002205FF0F4DB2946024619
:10A17000204663F039DEBAF1000FB8BFCAF1000A19
:10A180004FEA8A0A4FF0000940F271239A450ADD2E
:10A1900009F101095FFA89F9AAF59C6AB9F1200F62
:10A1A000AAF1020AF0D10FFA88F3002BD8BFC9F147
:10A1B00000095FFA89F94FFA89F34FEA48086FF40A
:10A1C0001C7202FB0388002BB8BF5B42022B59DDD7
:10A1D0004FF0000A002150465FF058DC0FFA88FB70
:10A1E0008BEAEB73A3EBEB73984244D10121504609
:10A1F0005FF04CDC0221804650465FF047DCBBF14B
:10A20000000F82464FFA89F30ADA002BDBBF5FFAB0
:10A2100089FB0BF1400909F1FF3B0BF13F0B09E012
:10A22000002BDBBF5FFA89FB0BF1400909F1010B41
:10A230000BF1410B4FFA89F3204604A9079362F012
:10A24000E7DDBDF836302046984404A9ADF83680E5
:10A2500065F0A8D94FFA8BF3204604A9079362F062
:10A26000D7DDBDF8363020469A4404A9ADF836A0B3
:10A2700065F098D906E00AF1010A5FFA8AFABAF1A4
:10A28000060FA7D1B542FFF44DAF4FF00003012EEA
:10A2900000930193029320464FF0050101D132460D
:10A2A00001E00122134663F0EDDD204600215FF05E
:10A2B00077D90FB0BDE8F08F614987002DE9F743EA
:10A2C000904608220F461E4640F6070113460446F4
:10A2D000056CBDF828905CF051DC01221346204645
:10A2E00040F607015CF04ADC4FF40052134620466A
:10A2F00040F646015CF042DC204640F639013A4621
:10A300005CF06EDC94F86D33204640F635010BB1FD
:10A31000802200E020225CF063DC20464FF40461E0
:10A3200000225CF05DDC204640F634017F2233469B
:10A330005CF024DC20464FF401614FF480434FF47D
:10A3400040425CF01BDC94F86D33204640F6360149
:10A3500013B14FF4807200E040225CF041DC2046F3
:10A3600040F646010F2208235CF008DC94F86D6388
:10A37000204640F64601F02256B190235CF0FEDB09
:10A38000204640F646014FF470624FF4106308E037
:10A3900033465CF0F3DB204640F646014FF4706232
:10A3A00033465CF0EBDB204640F633017F22434628
:10A3B0005CF0E4DB4FEA0923204640F633014FF41A
:10A3C000FE4203F47F435CF0D9DB012620463B4983
:10A3D0006422002300960196FFF782FD4FF480521D
:10A3E0001346204640F6A5115CF0C8DB32463346E2
:10A3F00040F6881120465CF0C1DB4FF49670FCF308
:10A400007BF13246204640F637015CF0E9DB44F64A
:10A41000216602E00A20FCF36FF1204640F6370186
:10A420005CF0CCDB30B1013EF4D103E00A20FCF358
:10A4300063F101E044F62166204640F637015CF006
:10A44000BDDB08B1013EF1D140F6370120465CF09A
:10A45000B5DBC10705D594F8153343F0010384F843
:10A4600015330023204640F6A5114FF480525CF0CE
:10A4700085DB20465FF09CD92046002340F2A66190
:10A4800041F6FF725CF07ADBD4F88C312046B3F9E8
:10A490008C20B5F9043C40F609019A42B4BFB5F8E6
:10A4A000065CB5F848554FF68072ED0105EA0203E7
:10A4B00003B0BDE8F0435CF0619B00BFA02526001F
:10A4C000F0B54F4B91B0044602AA03F1200618687C
:10A4D0005968154603C50833B3422A46F7D11868B0
:10A4E0009B882860AB80012384F8263AA36B8E21D9
:10A4F000186966F02BDE400086B2972502E00A203C
:10A50000FCF3FAF0A36B06F17401186966F01EDE25
:10A5100008B1013DF3D1A36B4FF44271186966F0A5
:10A5200015DEA36B074640F20A31186966F00EDEAD
:10A53000A36B05464FF44371186966F007DEA36B01
:10A54000064640F20E31186966F000DEBE19360488
:10A550002D1876190AD194F8253A4FF67862ADF89D
:10A560003820002B31D084F8266A2EE04FF4867311
:10A57000ADF83C3006F580760023760A00930FABE9
:10A58000360201930DAA0EAB20460CA90C965DF085
:10A59000BDDFBDF938201B4B9B1A002BB8BF5B42B7
:10A5A000702B94F8EC2A02D85AB1282B09D94FF60F
:10A5B0007863ADF8383094F8253A13B1002384F865
:10A5C000263A12B1002384F8EC3A236CBDF9381016
:10A5D00093F83536891008467BB14AB212F1560F0E
:10A5E0000BDA12F1690F08DB6FF056039B1A10AA01
:10A5F00002EB430313F8380C401840B211B0F0BD21
:10A600001839010078FEFFFF436C2DE9F041D3F8C3
:10A610002031044603F001030D4683F001061BB907
:10A62000836B186966F0B4DD2046276C5EF0C2DFEC
:10A6300040F27F41A7F802042046276C5CF0BEDAA6
:10A64000C005C00D4010A7F80404226F41F6062390
:10A6500013402BB944F62062102D08BFFA2200E007
:10A66000FA22A36BB821186966F07CDDA36B41F672
:10A670000627186966F098DD2046FFF765F8236F16
:10A680001F407FB9A36B20461B6A0121C4F8D43058
:10A69000D4F88C815FF00CD9D4F88C31A8F88C00F8
:10A6A000C3F88870082D01D0E80606D503210A22D8
:10A6B000204660F0B1D9082D01D0A90604D5204666
:10A6C00064F0D0DC082D01D06A0604D5204662F083
:10A6D00071DE082D01D0EB0506D5236C93F81736F3
:10A6E00013B12046FFF760FC204660F0BBDD20463A
:10A6F000FFF72AF8082D01D028060BD5256C95F810
:10A70000643523B1204666F0F1DBC5F854052046D8
:10A7100065F074D820465CF053DB1EB9A36B186952
:10A7200066F036DD20460021FFF748F9236C93F8E8
:10A73000333673B120460121FFF740F9204640F23D
:10A7400037614FF440424FF40043BDE8F0415CF004
:10A75000159ABDE8F081816BD0F8D4300A6A10B543
:10A760009A42044601D3D31A01E0DB439B18D4F884
:10A770002823934200D302BB8A6E93421FD3D4F89E
:10A780008C31D3F88830D3B9012120465FF090D8BE
:10A79000D4F88C21B2F88C3019B28842CCBFC3EB0C
:10A7A0000000C0EB030094F8661300B2884208DA98
:10A7B000A36B9B6EC2F8883001E0012010BD002021
:10A7C00010BD012010BD01207047000001290BD1F0
:10A7D000012B09D8013B064902EB830251F82230D4
:10A7E0005A1C03D0C01870470020704700207047E3
:10A7F000745B0100142303FB010070478369DA686E
:10A800008A4218BFD960704738B504462569006888
:10A8100035B105F5077115F031DC2846FCF390F2EF
:10A82000E06C0025256108B1FCF38AF2E56438BDCF
:10A83000F8B5846905460668E06A08B1FCF380F261
:10A84000E969B068002708F081DD00212846FFF79C
:10A85000D5FF284684F83D70FFF7D6FF304623F039
:10A86000F9D827826762A762E7622783F8BD10B52F
:10A8700050B1D0F8400238B1072905D83C2404FB78
:10A8800001018858C3188B5010BD2DE9F0410C46CA
:10A8900016460546002831D0D0F84032002B2DD086
:10A8A0003C2202FB013318221F6A3346FFF7DFFF09
:10A8B000284621461C220123FFF7D9FFBE42284625
:10A8C000214601D2242214E0B6EB470F01D2282200
:10A8D0000FE0B6EB870F01D22C220AE0B6EBC70FD0
:10A8E00001D2302205E0B6EB071F01D2342200E08E
:10A8F00038220123BDE8F041FFF7B9BFBDE8F08180
:10A9000073B504680325204601214FF480620023BB
:10A9100000951DF099DA002120460A460123009592
:10A920004DF084DB0026D4F864329D599DB1AB799B
:10A930008BB9D5F818315A6C22F001025A641A7892
:10A94000012A01D15B7F33B12846002122F0BCDD12
:10A95000284667F0B1DA0436202EE4D1204602B052
:10A96000BDE8704023F07698F8B5D0F8B0550446AD
:10A97000AE69F368002B30D0012B30D0284601217E
:10A98000FFF73CFFA068E96908F0E0DC28B1284641
:10A990000021FFF733FF012700E00746338A83B128
:10A9A000236A18695CF07CDB338A834209D0204635
:10A9B00023F0E4DE2046318A22F012DA20461BF032
:10A9C0008BD9D4F8B005FFF79BFF204624F0CED9F1
:10A9D0002846FFF72DFF3846F8BD0120F8BD0020BE
:10A9E000F8BDFFF7C1BF002070472DE9F843DDF83F
:10A9F00020800446D8F800700E46154699460FB9D7
:10AA00001FE01F463B68A3B1BCB12046F96832463F
:10AA1000F7F3D6F028B9284679684A46F7F3D0F01C
:10AA200018B17B69002BECD10BE0C8F80070BDE8D1
:10AA3000F8836FF00100BDE8F8836FF00100BDE816
:10AA4000F883C8F800706FF01D00BDE8F8831FB5EB
:10AA50000C46416B81B104A840F8041D00901946D2
:10AA60001046BDF81C30069AFFF7BFFF30B92CB175
:10AA7000039B1B68236001E04FF0FF3080B204B0FD
:10AA800010BD10B50C4699B10B6863B10846F5F3DB
:10AA9000CFF7E068FCF354F16068FCF351F1002358
:10AAA0002360E36063602046BDE81040FCF348B1DA
:10AAB00010BD2DE9F84F476B04460D4616469B46E0
:10AAC000DDF828A0BDF82C90002F33D0B1B9AAB979
:10AAD00030E07DB976B1BAF1000F0BD03046F9689D
:10AAE0005A46F7F36DF028B9504679684A46F7F3AD
:10AAF00067F050B17B691BB9BDE8F88FB84601E03B
:10AB0000B8461F46AF42E4D1A7B1636B39469F42B6
:10AB10007B6908BF6363C8F8143023685868FFF77F
:10AB2000B0FF94F83030013B84F83030636B0BB9E0
:10AB300084F83030BDE8F88F10B5044605E04B6965
:10AB4000636323685868FFF79CFF616B0029F6D1A7
:10AB500084F8301010BD2DE9FF471E4600230393F3
:10AB600090F830300446102B88461746DDF83090B8
:10AB7000BDF8345009D9416B39B14A680B7C009259
:10AB80000A890192CA68FFF794FF636B0393B8F1D7
:10AB9000000F65D0002F63D0B9F1000F60D003AB78
:10ABA0000093384631464A462B46FFF71EFF824641
:10ABB00028B9039B41461868F5F31EF755E01E308F
:10ABC00053D11820FCF3B0F0824600284BD0206906
:10ABD000F5F3C0F6CAF80000B0B13046FCF3A4F0BB
:10ABE000CAF80C0018B95046F5F322F70CE02846D5
:10ABF000FCF39AF0CAF8040050B95046F5F318F780
:10AC0000DAF80C00FCF39CF05046FCF399F02AE0D3
:10AC1000636B2BB9012384F83030C4F834A007E00B
:10AC200094F83030013384F83030039BC3F814A01B
:10AC3000DAF80C0039463246CDF80CA0F6F3D4F71A
:10AC4000039B49461E7458682A46F6F3CDF7039BCA
:10AC500041461D811868F5F3C1F64FF0000A04E083
:10AC60006FF0010A01E06FF01A0A504604B0BDE827
:10AC7000F087F8B51E4614460D460CE0FEF7D8F8EE
:10AC8000B04215D07A78931C9C420ED9ED186FF023
:10AC900001039B1AE41854B128462146FF22F7F31A
:10ACA00021F407460028E9D102E0002700E027460A
:10ACB0003846F8BD08B511461A464FF4AE73FFF793
:10ACC000D8FF58B14378A3F12102D2B2202A04D888
:10ACD000029A013B1370033008BD002008BD2DE926
:10ACE000F0470468A0B0D0F80480064602200F6840
:10ACF0008946F4F761FA002501212A46202382467D
:10AD0000606A1F95F1F3A2F501212A4620231D90C8
:10AD1000606AF1F39BF501212A4620231E90606AA8
:10AD2000F1F394F501212A4620231A90606AF1F389
:10AD30008DF5202301212A461B90606AF1F386F5E8
:10AD4000143729461C9052460FA808F1E205F6F385
:10AD5000CFF7062238462946F6F332F7002817A81F
:10AD600007DD39460622F6F33FF70DF1620029466A
:10AD700006E029460622F6F337F70DF16200394660
:10AD80000622F6F331F717AA01920C22002307AD31
:10AD90000FA90292202752460220009303950497A0
:10ADA000F4F730FB1B98F2F3ABF22A4601213B4645
:10ADB0001A98F2F379F2A3691C9861691B9AF1F76A
:10ADC000C8FF1A981C9A0146F1F7F6FF1A981B9AC9
:10ADD0000146A3690836F1F77AFF304698F8185013
:10ADE000F7F332F080B201901FA9204608F1190252
:10ADF0002B460096FFF72BFE08B91F9BA3B11A99AB
:10AE0000D9F8D4201F98F5F349F71DA91EAAD9F83F
:10AE1000D400F5F32BF61AA8F1F356F61BA8F1F3BC
:10AE200053F61CA8F1F350F620B0BDE8F08770B5DA
:10AE3000456892B004460026286801A92022119690
:10AE40001BF0CEDB2023012101AAD4F8C000F2F3CD
:10AE50002BF2286809A920221BF0C2DB686A0121B5
:10AE600032462023F1F3F2F4119000B3012109AA34
:10AE70002023F2F319F26B69D4F8B800D4F8C010AB
:10AE8000119AF1F724FFD4F8DC201199D4F8D400FA
:10AE9000F5F304F7D4F8DC000146F5F3B9F6D4F87D
:10AEA000DC0004F1C40104F1C802F5F3DFF511A8D8
:10AEB000F1F30AF60021202209A8F6F319F701A8F8
:10AEC00000212022F6F314F712B070BDF0B5C1B026
:10AED00007AD0C461746114628460222F6F384F6C3
:10AEE00001210DF11E022023D4F8BC00F1F302F67B
:10AEF00001210DF13E022023D4F8CC00F1F3FAF544
:10AF000001210DF15E022023D4F8D000F1F3F2F517
:10AF100001210DF17E022023D4F8B800F1F3EAF507
:10AF200001210DF19E022023D4F8C400F1F3E2F5D3
:10AF300001210DF1BE022023D4F8C800F1F3DAF5A7
:10AF400000238DE82800C2222025029238AE04F1A9
:10AF500018012A46022003960495F4F753FAB81C08
:10AF600031462A46F6F32CF6D0F1010038BF002016
:10AF700041B0F0BD30B590F88C318DB004460D680D
:10AF8000002B3FD0D0F8D40008A909AAF5F36EF53C
:10AF9000202301216A460998F1F3ACF5D4F8703109
:10AFA000E31893F893219DF81F305340D80724D518
:10AFB00001210022EB69686AF1F348F4EB690A9019
:10AFC00001210022686AF1F341F401210B900A9AF1
:10AFD0002869F5F3A9F600230B980A99099AF1F765
:10AFE000B8FE08990B9AD4F8D400F5F3D9F50AA85D
:10AFF000F1F36AF50BA8F1F367F52046FFF717FFA9
:10B00000002501E04FF0FF35E43404F1A000F1F336
:10B010005BF504F19C00F1F357F504F1A400F1F3A2
:10B0200053F504F1AC00F5F303F504F1B000002191
:10B030002022F6F35DF628460DB030BD2DE9FF4124
:10B040000546006832F8066F0C46D0F80080FFF71E
:10B050003DFF002833D06968A4F864608F7904F15B
:10B0600038068FB9D8F8D0063246202376F0ACDC0B
:10B070002368696814338DE888003246D8F8D00612
:10B08000202376F0B5DB17E01023009323684FF4FC
:10B0900080271433019308462022314604F1080327
:10B0A000029750F095DE48B92168686814313A4635
:10B0B000D5F88C30FDF72EFF012000E0002004B011
:10B0C000BDE8F0812DE9FF41D688B1F8643005462E
:10B0D0000068B3420C46D0F800803BD84FF6FF73AF
:10B0E0009E4237D00632FFF7F1FE002833D0696860
:10B0F000A4F864608F7904F138068FB9D8F8D006C7
:10B100003246202376F060DC2368696814338DE8CA
:10B1100088003246D8F8D006202376F069DB17E0A5
:10B120001023009323684FF48027143301930846BB
:10B130002022314604F10803029750F049DE48B955
:10B140002168686814313A46D5F88C30FDF7E2FE84
:10B15000012000E0002004B0BDE8F08173B50023B9
:10B1600004460B99006801931646089D41F01CDBCC
:10B17000079B032B04D901A806990422F6F334F5A2
:10B180000C3E032E1CD8DFE806F00A0F0204A36A67
:10B1900008E0019B5A1E272A15D8A3620EE0E36A35
:10B1A000C3F340032B6009E00198E36A18B923F068
:10B1B0000203E36209E043F00203E362002004E0DB
:10B1C0006FF0160001E06FF001007CBDF8B58768F4
:10B1D00005464FF4E0700E46FBF3A6F50446002842
:10B1E00078D000214FF4E072F6F382F526606560B6
:10B1F0000023F451686AA4F8AC3001210022202316
:10B20000F1F324F3C4F8BC00002866D0686A012179
:10B2100000222023F1F31AF3C4F8B80000285CD010
:10B22000686A012100222023F1F310F3C4F8CC0056
:10B23000002852D0686A012100222023F1F306F38E
:10B24000C4F8D000002848D0686A012100222023D9
:10B25000F1F3FCF2C4F8C00000283ED02869F5F3F1
:10B2600079F3C4F8D400002837D02869F5F372F3D5
:10B27000C4F8D800002830D02869F5F36BF3C4F87F
:10B28000DC0050B31323A4F866302B681749986884
:10B290003246002308F0DED82B68A066144998686F
:10B2A0003246002308F0D6D82B68C4F8B000114904
:10B2B00098683246002308F0CDD82B68C4F8B40053
:10B2C0000D4998683246002308F0C4D8C4F8E0005D
:10B2D000002408E06FF01A0401E04FF0FF34284624
:10B2E00031466DF0D5DC2046F8BD00BF85D1870022
:10B2F00079D187000DD187005DDF8700F8B54768F9
:10B300000646CD590C46DDB1436B0BB1FFF714FC7B
:10B31000D5F89C1049B13368986808F017D833689D
:10B32000D5F89C10986808F07DD8D4F8243413B16F
:10B3300020464FF02FDA2846FBF302F50023E351B5
:10B34000F8BD00002DE9F041D0F89830D0F8901009
:10B35000013344688B4225688EB00246C0F89830AD
:10B3600009D1D0F894307BB1D2F89C104FF47A72A6
:10B37000A8685A4304E007D2D2F89C10A868214A72
:10B38000002307F0BDDF39E0D5F8D006214675F07F
:10B3900037DF237A002B31D0D4F80801F7F314F308
:10B3A000074658BB227E04F1DC080EAE04F11901F9
:10B3B00006A846F8242DF6F317F4214642462846FF
:10B3C00071F068D804F1E20301930223024602936C
:10B3D000214643462846CDF8008020F0F5DC39466A
:10B3E000204639F0C9D92146284640F059DF284681
:10B3F0001A21324624230097F6F76EFA0EB0BDE804
:10B40000F08100BF80EE36002DE9F04F0D68ADB041
:10B4100004460121A86922AA2023D5F800B0F1F33F
:10B4200069F34FF0080AD4F8683194F86C11E21807
:10B4300004F1E40682F8E31006F18C020C210DF110
:10B440006809019206F190003246CDF80090F9F3B8
:10B4500043F2D4F8701140480591F6F3F5F422AAAE
:10B4600003464FF02008009206AF05993A4A484635
:10B47000CDF804800297CDF80C80F9F307F2012192
:10B480003A464346D4F88801F1F30EF758466EF079
:10B4900017DAD4F88801A969F1F39CF2002836DAAA
:10B4A000D4F88431CDF808B000932C4BD4F888112F
:10B4B00001932869D4F89021D4F88031F5F3E8F2AB
:10B4C00028BB94F88C3113BB2869D4F89011F5F39C
:10B4D000C7F4E0B1012384F88C314946D4F87021D7
:10B4E00006F1B000F6F380F3D4F890012AA92BAA54
:10B4F000F5F3BCF22A992B9AD4F8D400F5F350F363
:10B50000D4F8682128683146013A1BF069D894F8CC
:10B510006C310133DBB284F86C31AA6A934207D8EC
:10B520000AF1FF3A5FFA8AFABAF1000F7FF47BAFB3
:10B530000021502206A8F6F3DBF3002120221AA8EE
:10B54000F6F3D6F394F86C01AB6A984234BF00204E
:10B5500001202DB0BDE8F08F62E6890075EA870012
:10B560002DE9F04F4368CFB0CB58044603F10809EA
:10B5700048468846F6F368F407460220F3F71CFEB7
:10B5800000234EA941F8043DBBB208F1190207930C
:10B590000692079A8346019298F818302046069A38
:10B5A000CDF80090FFF753FA18B94D9B002B40F0EF
:10B5B0000A81012100222023606AF1F347F1012171
:10B5C000002220234290606AF1F340F10121002221
:10B5D00020234390606AF1F339F1012100222023F6
:10B5E0004490606AF1F332F101210022202345905A
:10B5F000606AF1F32BF10121002220234690606A5A
:10B60000F1F324F101210022E3694790606AF1F32C
:10B610001DF10521024649902069F5F385F3E369A0
:10B6200001210022606AF1F311F1042102464890E1
:10B630002069F5F379F32069F5F38CF14A902069DC
:10B64000F5F388F14B902069F5F384F108AD002102
:10B6500080224C902846F6F34BF33A46284649465A
:10B66000F6F3C2F2012100223023606AF1F3EEF01A
:10B670000121002230234090606AF1F3E7F00026B8
:10B6800033460DF1E00A419098F818200195022008
:10B6900028AD069902970096CDF80CA0CDF810B011
:10B6A000F3F7B0FE302231462846F6F321F347483F
:10B6B000F6F3CAF3454B3027009301905146022020
:10B6C0005A46334602950397F3F7BCFE01213B46E9
:10B6D0002A464098F1F3E8F54098A2690146F1F74F
:10B6E0006BFB429B48990093439B499A0193409876
:10B6F000A369F1F779FF4299439A4B98F5F350F219
:10B7000031463A462846F6F3F3F23148F6F39CF315
:10B710002F4B0190009351465A4633460220029522
:10B720000397F3F78FFE3B4601212A464198F1F338
:10B73000BBF54198A2690146F1F73EFB449B48994D
:10B740000093459B499A01934198A369F1F74CFFF7
:10B750004499459A4C98F5F323F24C994A9A4B98A0
:10B76000F5F3A2F0079A98F8183001924A99069AD0
:10B770002046CDF80090FFF7EEF946A947AA4A986F
:10B78000F5F374F142A8F1F39FF143A8F1F39CF1B2
:10B7900044A8F1F399F145A8F1F396F148A8F1F323
:10B7A00093F149A8F1F390F140A8F1F38DF141A88C
:10B7B000F1F38AF14BA8F5F33BF14CA8F5F338F11E
:10B7C0004AA8F5F335F14FB0BDE8F08FB85B010042
:10B7D000D25B0100C06A00F00100704721B18368AC
:10B7E000CB5893F8BC017047084670472DE9FF41DC
:10B7F000476804460023D0F8008038460E46A2F180
:10B8000068050393FFF7E6FF90B138464146FFF71E
:10B81000E5FF68B103AB009321462B46386806F17B
:10B820006002FFF747FA039D014610B99DB100E0A1
:10B830003146A5F12003202B0DD8B4F8AC309D4241
:10B8400009D104F16C002A46F6F3BAF1002814BFBE
:10B850000520002000E0052004B0BDE8F0810000D4
:10B860002DE9F0419846B8B00023359336937F4BCD
:10B8700007460C4630AE03F1100E1868596835467D
:10B8800003C5083373452E46F7D13D6801212023B7
:10B8900002F10806686A0022F0F3D8F735902869AB
:10B8A000F5F358F0B8F1680F369015D97B689B799D
:10B8B000002B00F0B9802846FFF78CFF20B1284606
:10B8C0002168FFF78BFF48B9A8F168081FFA88F8CC
:10B8D000A4F8AC80464401E040F0A880D4F8BC0055
:10B8E000012132462023F1F3DFF4D4F8BC00F1F358
:10B8F000F9F2002840F09C80D4F8BC006969F1F3AB
:10B9000069F0002880F29480012106F120022023B2
:10B91000D4F8CC00F1F3C8F40121D4F8D00006F13A
:10B9200040022023F1F3C0F4D4F8BC00D4F8B810DE
:10B93000F1F350F070B9D4F8CC00D4F8C410F1F39E
:10B9400049F038B9D4F8D000D4F8C810F1F342F077
:10B9500000286FD0D4F8D800D4F8CC10D4F8D02078
:10B96000F5F31EF1002867D0D4F8BC10D4F8D40049
:10B97000369AF5F393F13698D4F8D8100246F4F3DA
:10B9800093F73698D4F8C010024620AEF5F386F14E
:10B99000369834A90022F5F369F0324620230121BC
:10B9A0003498F1F3A7F00021202228A8F6F3A0F1A3
:10B9B000202137AB324618AF019328A80B460097D9
:10B9C000F8F38AF7D4F8B810D4F8BC206B6935982E
:10B9D000F1F77DF92023324601213598F1F38AF001
:10B9E0003146102204F10800F6F3FEF030A8F6F319
:10B9F0002BF22025402203460096039204AE2946EE
:10BA000030AA384601950296F8F340F704F1180081
:10BA100031462A46F6F3E8F004F138000CA92A462C
:10BA2000F6F3E2F0002408E0FF2406E0042404E03A
:10BA3000032402E0012400E0022435A8F1F344F0DD
:10BA400036A8F4F3F5F70021202218A8F6F350F1F8
:10BA50000021502204A8F6F34BF120A80021202257
:10BA6000F6F346F1204638B0BDE8F081FEE58900E6
:10BA70002DE9F04F1D46836889B0EF584368804632
:10BA8000CB580E460793184691463946129A139B97
:10BA9000FFF7E6FE0328044601D1009005E00228E6
:10BAA00001D0042816D103230093012301930293AC
:10BAB000002303930493D6F808313046B3F862307C
:10BAC00005F11401C3F3401305934A462B46F7F7DB
:10BAD0000BFB65E0012862D0002861D1B7F8623025
:10BAE00040460133A7F86230FFF774FE40B140468C
:10BAF0002946FFF773FE002814BF7E20002000E0D7
:10BB0000204601234FF0000A4FF0030B0193D6F8B3
:10BB10000831CDF800B00290CDF80CA0CDF810A0FF
:10BB2000B3F8623005F1140CC3F34013614605937A
:10BB30004A462B463046CDF818C0F7F7D5FACDF86F
:10BB400000B0D6F808314FF0020BCDF804B0CDF8B4
:10BB500008A0CDF80CA0CDF810A0B3F86230DDF845
:10BB600018C0C3F34013614605934A462B4630463E
:10BB7000F7F7BAFAD9F80030B96EC7F85930B9F802
:10BB80000430A7F85D30D8F800309868079BD3F8E8
:10BB90008820534607F0B4DB87F858B000E0FF2454
:10BBA000204609B0BDE8F08F2DE9F04FD0F804A091
:10BBB00087B09AF8063005460C4693460768D1F8D8
:10BBC000009043B390F8A93013B1013B80F8A9303D
:10BBD000D4F8B43138460093D4F8B83151460193C3
:10BBE0005A464B46FFF744FF0646D4F8B40168B105
:10BBF0000021D4F8B821F6F37BF0D4F8B401FBF3BC
:10BC00009FF00023C4F8B431C4F8B831002E14BF3B
:10BC1000022000202DE03846FFF7DCFD38B1384621
:10BC20004946FFF7DBFD002814BF7E2000200323D8
:10BC30004FF001088DE80801002602900396049653
:10BC4000DAF8083109F11401B3F862305A46C3F347
:10BC50004013059350464B46F7F746FA3B68A16EF2
:10BC60009868D5F88820334607F04ADB84F8588076
:10BC7000304607B0BDE8F08F052B10B503D1BDE805
:10BC80001040FFF791BF43689B792BB190F8A93022
:10BC900013B1013B80F8A930022010BD2DE9F0411D
:10BCA0009846436805469B790C461646069F8BB11D
:10BCB00090F8A930013380F8A9303846FBF334F00E
:10BCC000C4F8B401002834D041463A46F5F38CF765
:10BCD000C4F8B8710023A4F86030A4F86230A4F866
:10BCE00064303368C4F85930B388A4F85D302868EC
:10BCF000FFF770FD90B128682168FFF76FFD68B10C
:10BD000021462846FEF7EBFF2046FFF790F828462D
:10BD100021463246BDE8F041FFF746BF204629469E
:10BD20006CF04EDD20B9042384F85830BDE8F08172
:10BD30000220BDE8F0812DE9F04387B015460F9A47
:10BD40000646012A0C461F46DDF83880D0F804C0AC
:10BD5000D1F8009059D19B88072D8CBFFA88FF221B
:10BD60000BB17E2B59D100217E2B84F8BC1103D15D
:10BD7000012384F8BC3104E01BB96368DB6A9807CF
:10BD80004BD5132A16D0032101224D238DE80E0036
:10BD9000002303930493DCF808316046B3F8623063
:10BDA00009F11401C3F34013059342464B46F7F7DC
:10BDB0009BF932E096F8A80007F1080196F8A990DF
:10BDC00040B9012386F8A830B9F1000F28D1682DB9
:10BDD0000AD904E0B9F1000F12D1682D0AD9204622
:10BDE0002A466DF00FDAD8B90E9530462146424604
:10BDF0003B460DE0304621466DF042D848460FE004
:10BE0000304621466DF03CD809E042B90E954246D5
:10BE100007B0BDE8F043FFF741BF022000E000207B
:10BE200007B0BDE8F0832DE9FF4105680C46A3F19A
:10BE30000807D1F80080A4F8AC70002128460391CF
:10BE400002F10806FFF7C6FCA0B128464146FFF7FD
:10BE5000C5FC78B103AB009332463B4628682146C7
:10BE6000FEF728FFBDF80C300646A4F8AC3018B930
:10BE700013B90FE0A4F8AC70B4F8AC20A2F1200321
:10BE80009BB2202B06D804F16C003146F5F3ACF6DA
:10BE9000002001E04FF0FF3004B0BDE8F0812DE953
:10BEA000F04F90E8C00089B00792139A8046012AAB
:10BEB0000C469A46DDF848B00D6840F0AC80336817
:10BEC000896E986807F042DA04F16C030021402281
:10BED00018460693F5F30CF70021A4F8AC10079967
:10BEE000BAF8042007298CBFBAF80610FF214C2AA3
:10BEF000069B3CD14FF00009184649464022A4F861
:10BF00006090F5F3F5F6A4F8AC9040462146524611
:10BF1000079BFFF788FF3046FFF75CFC78B130469F
:10BF20002946FFF75BFC50B1032201234FF07E0C42
:10BF30008DE80C10CDF80C90CDF8109008E003239C
:10BF40004FF0010E8DE80840002302930393049301
:10BF5000D7F808313846B3F8623005F11401C3F35D
:10BF6000401305935A462B46F7F7BEF849E04D2A91
:10BF700004D1B4F866308B4218D042E00AB17E2A70
:10BF80003FD113290ED1079A3046019239465A46BD
:10BF90002B46CDF800A06CF0D5DF002814BF02209E
:10BFA000002076E0B4F86030052B01D900233BE097
:10BFB000032201234FF04D098DE80C024FF00009D8
:10BFC000CDF80C90CDF81090D7F8083105F1140198
:10BFD000B3F862305A46C3F34013059338462B46F4
:10BFE000F7F782F8B4F86030A16E0133A4F860303E
:10BFF0003368D8F8882098684B4607F081D94846BE
:10C0000047E03368A16E9868D8F88820002307F0CD
:10C0100077D900203DE0931E012B4FF0000337D865
:10C02000B1F86010052903D984F85830022030E0B7
:10C03000032A09D132680131A4F860109068A16E1A
:10C04000D8F8882007F05CD93046FFF7C3FB38B139
:10C0500030462946FFF7C2FB002814BF7E2000208F
:10C06000032301248DE81800002402900394049413
:10C07000D7F808313846B3F8623005F11401C3F33C
:10C08000401305935A462B46F7F72EF8204600E05A
:10C09000184609B0BDE8F08F2DE9F3470B688268B8
:10C0A0005B680646D3F808A0D3F80490B3F8108074
:10C0B0001B680D46032B5AF80240DAF810701DD1A8
:10C0C000FFF788FBD0B130465146FFF787FBA8B198
:10C0D000B4F8AC3093B1B9F1010F0FD1B8F14C0FF6
:10C0E00001D0BA7952B9AA69FF2000925D2104F10A
:10C0F0006C02DBB2F1F70EFD002001E06FF01600DC
:10C10000BDE8FC872DE9F8430B6882685B6804464C
:10C11000D3F808905F681E8A1B6859F80280032BC9
:10C12000D9F8105013D1FFF755FBA0B1204649466E
:10C13000FFF754FB78B1B8F8AC0060B1012F06D11D
:10C140004C2E01D0AB792BB90330BDE8F883002029
:10C15000BDE8F8830020BDE8F8832DE9F04F0B68B7
:10C1600082685B68B9B0D3F808805E681F8A1B6874
:10C170008146032B58F80240D8F810A08D69D1F8F9
:10C180001CB040F09F80012E48D137B1A7F14C037D
:10C190009BB2012B01D97E2F0FD1B4F8663038A99C
:10C1A000284621F8043D0222F5F31EF502350FB1B1
:10C1B0007E2F02D19AF806300BB14C2F13D148468E
:10C1C000FFF708FB20B148464146FFF707FB50B98F
:10C1D000B4F8AC203AB1284604F16C01F5F304F54B
:10C1E000B4F8AC30ED180FB17E2F6ED101212A4684
:10C1F0002023D4F8B800F0F37DF4012105F12002EA
:10C200002023D4F8C400F0F375F4D4F8C800012159
:10C2100005F140022023F0F36DF456E0022E54D1D4
:10C22000B4F8623038A921F8023D28463246F5F3C9
:10C23000DBF4BDF8DE3038AF27F8C83D01210DF141
:10C240001A022023D4F8B800F0F354F401210DF1C0
:10C250003A022023D4F8C400F0F34CF401210DF18C
:10C260005A022023D4F8C800F0F344F401210DF160
:10C270007A022023D4F8BC00F0F33CF401210DF144
:10C280009A022023D4F8CC00F0F334F401210DF10C
:10C29000BA022023D4F8D000F0F32CF44FF00008B9
:10C2A000C22302930235304604F11801202243468E
:10C2B000CDF8008001970395CDF810B0F3F7A2F800
:10C2C000404603E06FF0160000E0002039B0BDE802
:10C2D000F08FF8B50B6804465A6883689668516811
:10C2E000F558138A12683769032A2DD1012926D1FE
:10C2F0000BB17E2B12D1BB796BB92046FFF76AFADE
:10C3000020B120463146FFF769FA20B9B5F8AC00F4
:10C3100008B1023000E002206030F8BD4D2B15D08E
:10C320004C2B11D1FFF756FA20B120463146FFF7CA
:10C3300055FA58B9B5F8AC0050B10230F8BD022931
:10C340000CBF22200020F8BD0020F8BD0220F8BD5F
:10C350000220F8BD19B18368CB5883F8BC2170471F
:10C3600070B50C680D460646102208460021F5F30C
:10C37000BFF42C6020460021F268F5F3B9F404F50F
:10C380002473C4F8EC3004F52C732560C4F8243110
:10C3900070BD2DE9F0470D4698462B68BDF820602A
:10C3A000099C0768896B95F82CC073B193F80090CD
:10C3B00093F801A049EA0A29A5F81C9093F8169071
:10C3C000DB7D49EA0323A5F87E303B68B5F81C9075
:10C3D00093F8D130002B5AD197F92735B3F1FF3FAD
:10C3E00003D190F8A43313B151E0012B4FD0C9F31E
:10C3F0008027B5F87E9019F00F0901D127B987E0A1
:10C4000027B94FF0010904E0012702E04FF00009CD
:10C410004F460123002204F5227004F5237176F0C3
:10C4200017DAD4F88832984505D1D4F88C32F31A4B
:10C4300018BF012300E001233FB933B1C4F888726B
:10C44000C4F88C72A4F886725CE0B9F1000F08D0D1
:10C450000020C4F88802C4F88C02A4F88602BDE863
:10C46000F087B5F87E50C4F88882C4F88C62A4F8CE
:10C4700086524846BDE8F08706D18F88B74294BF00
:10C480000027012700E00127F8B2BDE8F087BCF1E2
:10C49000000F13D04B6B03EBC20153F832309845B9
:10C4A00006D307D18888B04294BF0026012602E057
:10C4B000012600E00026F0B2BDE8F087D1F8E030B8
:10C4C00052019A18136998451CD302D1938AB3423A
:10C4D0001BD89369984506D307D1908BB04234BFDF
:10C4E0000020012002E0012000E0002070B106F0F1
:10C4F0007F06F308D05C06F00706304100F001002B
:10C50000BDE8F0870120BDE8F0870120BDE8F08795
:10C510004B6B03EBC20153F832309845ACD2B2E713
:10C520002DE9F04F1C4693F860B05F68D368ADF515
:10C53000117D064605919146156933B11B7A0B2B87
:10C5400003D13B7803F0010301E0FB789B09E3632F
:10C5500094F82C304946009330462A46E36B4FF05E
:10C5600023DB0146A06320B12A6D40F2371313404C
:10C570002BB9304621464A4671F002DAE2E090F9E2
:10C580000E2090F90F30D318A2689A42C0F0DA80DA
:10C59000A269138A13F0080F0DD0007A0B280AD174
:10C5A00096F8DC0538B18879032804D823F008030D
:10C5B0001B041B0C13820B7A042B59D00B2B00F09D
:10C5C000AE80022B40F0C080BB7897F800A097F8AF
:10C5D000068043EA0A2A7B794FEA084848EA03289A
:10C5E0003B7948EA0308FB79A76E48EA036817F02D
:10C5F000010740F0AC80284621465A464346CDF814
:10C6000000A0CDF80490FFF7C4FE002800F09F8042
:10C61000AB79002B40F067823368D3F88830D3F8C9
:10C62000DC210132C3F8DC2194F82C2022B1D3F8AC
:10C63000B4220132C3F8B422D3F8E8210132C3F89E
:10C64000E821D5F8183193F834301BB12846002181
:10C6500065F0E0DB94F82C70002F00F04482336822
:10C66000D3F88830D3F8C0220132C3F8C02269E081
:10C670003B7897F801A097F8068043EA0A2AFB79ED
:10C680004FEA084848EA03683B7948EA03087B799F
:10C6900048EA03282B7C13B9EB6DDB0757D4A76E50
:10C6A00017F0010753D1284621465A464346CDF894
:10C6B00000A0CDF80490FFF76CFE002847D0AB79BE
:10C6C000002B40F010823368D3F88830D3F8DC2197
:10C6D0000132C3F8DC2194F82C2022B1D3F8B42223
:10C6E0000132C3F8B422D3F8F0210132C3F8F021AB
:10C6F000D5F8183193F834301BB12846002165F085
:10C7000089DB94F82C70002F00F0ED813368D3F8AA
:10C710008830D3F8C8220132C3F8C82212E00237A9
:10C72000C83110223846F5F383F500280CDA8D481D
:10C7300039461022F5F3ECF6A16B8B48C831102274
:10C74000F5F3E6F60027CEE14FF00008C24696F872
:10C75000B03293B92B6D1F070FD4A06B037A022B55
:10C7600002D1F6F331F140B963699B69980004D4B2
:10C77000A3691B8A190700F1FB8063699B695A064C
:10C78000E0D4A3691A8A42F008021A82A16B0B7ADC
:10C79000013B0A2B00F2CE80DFE813F035000B00DE
:10C7A00035006C00CC00CC00CC00CC00CC00CC0020
:10C7B000AE000846F6F308F108B12B7C4BB1A36B31
:10C7C000D3F88820904504D80FD093F88C205A4590
:10C7D0000BD0A16B226804F14007384614310A32AD
:10C7E000434601F0C3D9E76501E06433E365A16B1B
:10C7F00004F14A0738461431E26D534601F080DAFD
:10C800003846102110E06168032284A8F5F3ECF1AA
:10C81000A36B84A803F114011A690330F5F3E4F162
:10C82000A36B84A81969033107AAFBF38DF1A36BED
:10C83000606893F90E30A168C018C91A07AAFBF303
:10C84000A5F1A36B606893F90E30A168C018C91AEE
:10C850004FF0FF32F6F3F4F0444BA2699842138A8A
:10C8600004D123F010031B041B0C01E043F0100360
:10C8700013827DE06368DF7817F020071FD00A6914
:10C8800048A81431D200FBF303F600232168626943
:10C89000484670F0A5DC0027A36B0190009719694A
:10C8A00048A82368E268EEF3C7F3831C05D1A369A7
:10C8B0001A8A42F010021A825AE0013058D13368C5
:10C8C000D3F88830D3F8DC210132C3F8DC21D3F867
:10C8D000F4210132C3F8F42194F82C20002A00F04E
:10C8E000FF80D3F8B4220132C3F8B422D3F8CC22AB
:10C8F0000132C3F8CC22F6E001F11400E2682431E1
:10C90000236800F0F9DF00287FF41CAFA26BD2F897
:10C91000D8300133C2F8D83033F07C4328D1F2222A
:10C920000192D6F89401294609F11402009376F099
:10C930005DDE1DE0AF79002F7FF404AF3368D3F8DC
:10C940008830D3F8DC210132C3F8DC2194F82C20A4
:10C95000002A00F0C580D3F8B4220132C3F8B42213
:10C96000C1E000BFA2ED8900A8ED8900E320BBDE95
:10C97000A36B616893F90E208A18626093F90E1018
:10C9800093F90F208A18A1688A1AA26093F90E10F1
:10C9900093F90F208A1821698A1A2261A269128AE2
:10C9A00002F01802182A64D1AB79002B7FF4CAAECA
:10C9B00095F9442000930193029330463123D5F832
:10C9C000081170F0A7DA3368D3F88830D3F8DC2187
:10C9D0000132C3F8DC21D3F8EC210132C3F8EC2199
:10C9E000D3F8F4210132C3F8F42194F82C2072B169
:10C9F000D3F8B4220132C3F8B422D3F8C4220132EE
:10CA0000C3F8C422D3F8CC220132C3F8CC22A26BE3
:10CA1000127A022A05D0032A12D0012A7FF492AE9C
:10CA20000EE0D3F808220132C3F8082294F82C70E3
:10CA3000002F58D0D3F8E0220132C3F8E02281E67B
:10CA4000D3F800220132C3F80022D3F8FC210132CE
:10CA5000C3F8FC2194F82C70002F44D0D3F8D822CE
:10CA60000132C3F8D822D3F8D4220132C3F8D42239
:10CA700068E661698A89E26094F82D209AB993F991
:10CA80000F20059892B2FAF329F16369DA899004CC
:10CA900002D5B3F850308BB9A36BE26893F90F302D
:10CAA000D31AE3600AE00598F6F3F4F0A36B0146AD
:10CAB00093F90F20059892B2FAF310F1A36BC4F822
:10CAC0006480A4F862A01B7A042B01D0022B09D148
:10CAD000A36ED90706D43046214670F09DDF01E0F1
:10CAE000174600E0012738460DF5117DBDE8F08FAF
:10CAF0002DE9F341099F00230D9904469046089EB5
:10CB00000A9D009301933FF04FDE032F0BD90422BF
:10CB100068463146F5F368F0072F04D901A8311DA6
:10CB20000422F5F361F0A8F14C08B8F1050F2AD8FA
:10CB3000DFE808F00A03160F231BD4F88434BDF88D
:10CB40000020A3F8922016E0D4F88434B3F8923091
:10CB500017E0D4F88434BDF80020A3F896200AE04A
:10CB6000D4F88434B3F896300BE0D4F88434BDF8AC
:10CB70000020A3F89E20002007E0D4F88434B3F806
:10CB80009E302B60F7E76FF01600BDE8FC81D0F80F
:10CB900084242DE9F843B2F8928004464145D4BF7D
:10CBA00000200120B2F84A50B2F89690B2F8946092
:10CBB000B2F898C010B1C8EB010701E0C1EB08075B
:10CBC000B2F89030BFB2002B75D0BCF1010FADB2FE
:10CBD000334607D1002851D02BB203FB08F393FB57
:10CBE000F1F346E0BCF1020F2BD131B2B8B10FFA2C
:10CBF00089F3994203D10423A2F8983062E0132FFD
:10CC000002D9A6F1140339E0092F02D9A6F10A03CB
:10CC100034E0042F01D9731F30E0B31E2EE00FFA69
:10CC200085F841451DD0132F02D906F1140325E0E4
:10CC3000092F02D906F10A0320E0052F1CD9731D24
:10CC40001CE0BCF1040F39D133B238B10FFA89F1CD
:10CC50008B4237D0052F38D9731F0AE029B28B4297
:10CC600004D10123A2F89830BDE8F883052F2DD90F
:10CC7000731D4FF0020C01E04FF0040C1BB229B2FF
:10CC80008B4204DC0FFA89F5AB42A8BF1D4623682E
:10CC9000A2F89450A2F898C02DB22946012220464D
:10CCA0001B7E72F0B1DC23682046294600221B7EE1
:10CCB00072F0AADC06E01846BDE8F8834FF0FF30BA
:10CCC000BDE8F8830020BDE8F8830020BDE8F883C4
:10CCD000D0F8843413B5B3F8902004466AB1036ADF
:10CCE0000DF1060118695BF0BFD980B12046BDF98E
:10CCF00006100122FFF74BFF09E06421012372F0C7
:10CD000083DC012220466421134672F07DDC1CBDC9
:10CD100008B5036AD3F8D80079B143784A789A42C3
:10CD200008D102300231F4F34BF7D0F1010038BFE3
:10CD3000002000E00020C0B208BD084608BD2DE973
:10CD4000FF4799464369D0F8208082461B68044615
:10CD5000174602695AF8180B0E464146D55801F09D
:10CD600055FA2169206852466FF096DC0123C8F815
:10CD700000302B680146023B012B03D82369DB6D91
:10CD8000C8F8D0300C9B20680293424633468DE8A9
:10CD9000800201F058FA48B12B68022B05D1636A72
:10CDA000D888003018BF012000E0012004B0BDE8A1
:10CDB000F0872DE9F04FC368044600F1180799B0D9
:10CDC0001646056A8A46006821693A4603936FF061
:10CDD00063DC013E0290062E00F23881DFE816F097
:10CDE00007003601BC003601DB003601FF00EE68AB
:10CDF000002E00F02C81D5F8D03013F4804B0CD0ED
:10CE000023682169D3F8D4060368CB581B781BB17B
:10CE10004AF04ADB834600E09B46636893F8623140
:10CE2000A3B1D5F8D000F0F78BFE88B12368D3F812
:10CE30006008FEF7CFFC58B123680299D3F8600868
:10CE4000FEF7CCFC20B1B5F8DC8002E0984600E0AB
:10CE50008046B5F806C02068DC44C4441FFA8CFC48
:10CE60000CF1710321693A469BB2CDF804C077F00A
:10CE70007BD9DDF804C00646002800F0E8800CF1FC
:10CE80005F0CD0F808901FFA8CFC4FEA1C2343EA91
:10CE90000C2C09F11207A9F810C000215F223846B6
:10CEA000F4F326F74AF484731A0A89F8132089F8F0
:10CEB00014302B8B05F13C011A0A89F8152089F8EA
:10CEC0001630202209F11F00F4F38EF6EA8809F1EA
:10CED00071009344D8441FFA88F84FEA182343EAB4
:10CEE0000828A9F86F80E968F4F37EF6636893F880
:10CEF0006231F3B1D5F8D000F0F722FEC8B1236853
:10CF0000D3F86008FEF766FC98B123680299D3F85D
:10CF10006008FEF763FC60B1EB68002B00F09B80BB
:10CF2000E888D5F8E01038185F30B5F8DC20F4F365
:10CF30005BF6D5F8D030580440F18D802368216924
:10CF4000D3F8D4060368CB581B78002B00F08380FD
:10CF50003A464AF0FFD97EE0206821693A467123BB
:10CF600077F002D90646002871D0D0F808905F22E9
:10CF7000002109F1120789F8112089F810103846AC
:10CF8000F4F3B6F64AF480731A0A89F8132089F884
:10CF900014302B8B1DE0206821693A46712377F00D
:10CFA000E3D80646002852D0D0F808905F2200212E
:10CFB00009F1120789F8112089F810103846F4F3A6
:10CFC00097F64AF440731A0A89F8132089F8143046
:10CFD000EB8A1A0A89F8152089F816303BE0206898
:10CFE00021693A46712377F0BFD8064678B3D0F866
:10CFF000089000215F2209F1120789F8101089F8C2
:10D0000011203846F4F374F64FEA1A2389F81330E6
:10D0100089F814A01FE0D5F8D000F7F37DF10146A0
:10D02000484605F18C0204ABF7F386F1044630B9AB
:10D03000314603982246F9F3A7F6264607E007F1A2
:10D040004D0004A91022F4F3CFF500E0002630468D
:10D0500019B0BDE8F08F032389F80F30D5F8D00060
:10D06000F6F354F505F15C0400280CBFFE230223FF
:10D070003846082200F8053B2146F4F3B5F50821AF
:10D080002046F7F34FF11AF00301C9D1C3E72DE9A8
:10D09000F04F91F813800B7D8BB043EA082818F00D
:10D0A000030904460E4606924769056ACDF82080BA
:10D0B00005D1D5F8D000F7F32FF1844600E0CC4637
:10D0C00005F15C0A06F1170B012008235946524668
:10D0D000CDF810C0F6F302F68245DDF810C000F07E
:10D0E000F78318F48071079110D0338A1A0A42EA44
:10D0F00003239BB25C2B40F2EB833046614605F183
:10D100008C02F6F3E5F7002800F0E283338A1A0A6E
:10D1100042EA03239BB25E2B40F2DA8396F86F104B
:10D1200096F8702042EA01225F329342C0F0D08329
:10D1300006F112020992594608225046F4F354F5BA
:10D1400005F1640059460822F4F34EF5D5F8D000F5
:10D15000F6F3DCF4002868D018F4805F65D096F808
:10D160006F2096F8703043EA0223B3F5807F0BDD21
:10D1700038462169012274F065DC206904F1180148
:10D18000012277F089D9E7E24FF48070F9F3C6F510
:10D19000824630B938462169012274F053DCD14609
:10D1A00098E32020F9F3BAF5834630B95046F9F3F5
:10D1B000C7F538462169012208E34FF48170F9F37D
:10D1C000ADF5059068B95046F9F3BAF55846F9F34C
:10D1D000B7F538462169012274F034DCDDF814908B
:10D1E00078E3B9F1000F04D1D5F8D000F7F394F04B
:10D1F0008146059B494605F19C020293099800234C
:10D200008DE8000CF6F394F781465046F9F398F553
:10D210005846F9F395F50598F9F392F5B9F1000F31
:10D2200003D138462169012220E396F815A0B37D89
:10D23000D5F8D00043EA0A2AF6F38AF410B918F0B8
:10D24000080326D0BAF10D0F0BD003D8BAF1050FA1
:10D2500015D10DE0BAF1100F17D0BAF1200F0ED191
:10D2600011E018F0080F13D038462169022271E24C
:10D2700018F0080F0FD03846216903226AE23846B9
:10D280002169042266E2022106E00422059204E0FC
:10D290000323059301E00121059118F0080900F02E
:10D2A00026822B8A059A934203D0384621690522AB
:10D2B00050E2079B002B40F0C78003232B60D5F87A
:10D2C000D0305A0606D4626892F86221002A37D01C
:10D2D000580335D513F4804932D196F86F1096F87B
:10D2E0007030042206F1710043EA0121F6F3F8F7E9
:10D2F0000246002833D04378132B03D838462169DF
:10D300000422B3E2636A2169483300934FF0200995
:10D310002046063201F1DC03CDF8049073F054D8B6
:10D320008246E0B9636AA3F8069094F80834B3B172
:10D33000A068D4F8041406F009D884F808A40EE014
:10D3400019060CD5616AB1F8E42042B101F1480038
:10D35000C431F4F349F4636AB3F8E410D980636A22
:10D36000DB882BB920463146069A72F0DFDFAFE248
:10D3700005F11C0906F11F012022484605F13C0673
:10D38000F4F332F420222068314619F029D9D5F877
:10D39000D0305A040AD522682169D2F8D40602682E
:10D3A0008A58127812B149F0FFDF3BE021690A6D1B
:10D3B000100508D413F4922F05D1D1F8083193F851
:10D3C00083309A0612D5636A04F1180003F148020B
:10D3D0000092DB88E231019305F18C030293AB8A62
:10D3E0004A4603933346F6F30DF41BE004F1180AA2
:10D3F0005046E2310622F4F3E3F3002800F068829D
:10D40000636A216903F148020092DB885046019368
:10D4100005F18C030293AB8AE23103934A4633460B
:10D42000F6F3F0F540F63B623846216908EA02025D
:10D43000012374F04BDB08B1042356E1384621691F
:10D440000D2274F0FFDA43E2069A4AB997F8169073
:10D45000B9F1000F0CBF4FF400794FF0000901E063
:10D460004FF00009D5F8D000F6F350F341F2C8337D
:10D47000002808BF4FF4E47303EA080218BF4FF016
:10D4800000099A4240F0248219EA080F40F02082F5
:10D490002B68033B042B00F21B822946052341F82D
:10D4A0001C3B06F11F002022F4F38AF3002840F011
:10D4B0000F8296F86FA096F87030D5F8D00043EA46
:10D4C0000A2AF6F323F300283FD006F1710B5846E1
:10D4D00051463022F5F306F08146C8B1D5F8D03078
:10D4E00042785B0440F1FA8123682169D3F8D4368D
:10D4F0001B68CB581B78002B00F0F081123A92B2D7
:10D50000ECE1A86809F102010230F4F359F318B113
:10D5100038462169072215E00AEB0B0199F8012032
:10D52000C9EB010189B2901C81421CDD6FF001033F
:10D530009B1A4844C9183022F4F3D4F798B12169F2
:10D540003846062274F07EDA09E0AB88534506D1EE
:10D55000A86806F171015246F4F332F318B120695C
:10D5600004F1180142E0D5F8D000F6F3CFF278B11B
:10D5700006F171005146F6F3A7F648B9384621691D
:10D58000092274F05FDA206904F1180101222EE00B
:10D590002068036893F8623163B304F118092169C4
:10D5A0004A466FF079D88346D5F8D000F0F7C8FA2C
:10D5B00000B32368D3F86008FEF70CF9D0B1BBF1D3
:10D5C000000F17D023685946D3F86008FEF706F914
:10D5D00080B1514606F17100F422F4F383F701465D
:10D5E0002046FFF795FB28B920694946112276F0BD
:10D5F00053DF6DE140F20B223846216908EA02024E
:10D60000032374F063DA814628B1062318F0400939
:10D610002B6004D116E0384621690D2226E12A8AC2
:10D6200004F1180B2B8B20688DE80408216905F1A3
:10D63000AC0276F0D1DED5F8D000F6F367F2002820
:10D6400034D003E03846216908220FE1514606F143
:10D650007100F6F339F642788046063A92B2EA82D1
:10D66000837905F16C0903F0030385F8CC3008F1E8
:10D6700008014846F4F3B8F295F8CC200599EB8AF6
:10D68000009206F14F020191029298F8062021695A
:10D6900002F00402039220684A4676F021DE2368F5
:10D6A0002169D3F87C06324654F0ECDED5F8D00080
:10D6B000F6F32CF2C0B108232B6038462169002212
:10D6C00074F0C0D923695A46DB6820680093792139
:10D6D0000623F4F701F923682269D3F8D4361B68CE
:10D6E000D35800221A70F3E006232B60F0E02B6879
:10D6F000052B40F2ED80236A05995A8A8A4208D0A8
:10D70000D3F8D000F6F324F218B1384621690A2282
:10D71000ACE008F46073B3F5607F40F0D980072374
:10D720002B60D5F8D000F6F3F1F18146002841D006
:10D7300018F4805F0BD096F86F1096F8703006F1F1
:10D74000710043EA0121F6F3BFF5814638B921693A
:10D7500038460B2274F076D94FF00009BAE04278CF
:10D7600005F16C0A063A92B2EA82837909F108015E
:10D7700003F0030385F8CC305046F4F335F295F806
:10D78000CC20EB8A00926A8A2169019206F14F024D
:10D79000029299F80620206802F004020392524691
:10D7A00076F09EDD23682169D3F87C06324654F07A
:10D7B00069DE70E0BAF1200F55D84FF48070F9F3AC
:10D7C000ADF2834630B9216938460C2274F03AD95B
:10D7D000D9467FE02020F9F3A1F2069050B95846CF
:10D7E000F9F3AEF2384621690C2274F02BD9DDF83A
:10D7F00018906FE04FF48170F9F390F2844680B98D
:10D800005846CDF810C0F9F39BF20698F9F398F258
:10D81000384621690C2274F015D9DDF810C0E146B4
:10D8200058E0069B05F16C020792414605F19C0207
:10D8300001930290079B0998CDF810C0CDF800B075
:10D84000F6F370F481465846F9F37AF20698F9F344
:10D8500077F2DDF810C06046F9F372F2A5F816A071
:10D86000B9F1000F05D1216938460C2274F0EAD8CD
:10D8700030E0089A08F030031B110599009302F07C
:10D88000400301914F36039320682169079A53465C
:10D89000029676F025DD3846216908F00B02052353
:10D8A00074F014D928B108232B603846216900226E
:10D8B00002E0216938460D2274F0C4D8236920683B
:10D8C000DB687921009304F118020623F4F704F8C9
:10D8D0004FF0010948460BB0BDE8F08FA988931CB2
:10D8E00099427FF415AE0CE62DE9FF4790E810024F
:10D8F0008E7905460F46002E63D140F21440F9F3AD
:10D900000DF2804600285FD03851314640F2144273
:10D91000F4F3EEF1AB8AD9F8D02608EB030448F80B
:10D9200003902B694FF0010AE360EB686261A3602A
:10D93000AB6827616360E420C8F8006088F804A041
:10D94000C4F8FC63F9F3EAF12062002841D03146C3
:10D95000E422F4F3CDF1E820F9F3E0F1606200286D
:10D9600037D03146E822F4F3C3F1D4F82480E868D4
:10D97000C8F8009019492246334605F06BDDC8F817
:10D980006800002825D0E86815492246334605F08E
:10D9900061DD6063E8B1E86812492246334605F06C
:10D9A00059DDC4F80404A0B1236A286A0193636AAC
:10D9B0006946009702938DF80CA0F3F313F43046F8
:10D9C00004E06FF0060001E04FF0FF3004B0BDE866
:10D9D000F0872846394672F099DBF5E7E157880071
:10D9E000E9588800C958880038B51D4690B10368C9
:10D9F000848ACB5873B11C19114604F130001022EF
:10DA0000F4F3F2F004F1400029462022BDE838404A
:10DA1000F4F3EAB038BDD0F88404F0B503F156054C
:10DA2000A83300EB430300EB8505B3F90A60AF6848
:10DA300090F8E940BE1B7618AE6026415E81B0F9D1
:10DA40005E31D0F86811CB1A9B18C0F868312341B9
:10DA5000A0F85E31F0BD10B50A7AD0F884342AB34C
:10DA600090F82922D1F808012AB190F8600090427C
:10DA700028BF024601E090F86020D1F81801047830
:10DA800064B1007AD1F8081118B1C98D4A43002158
:10DA900001E0CA8D012183F8291105E0012283F8F4
:10DAA0002921D1F80821D28D0A3203E083F82921F7
:10DAB0004FF49B72C3F8242110BD2DE9F04F8BB0B9
:10DAC000D0F884449A469DF85C30904608939DF8BF
:10DAD0005420B4F8C63007920393189A94F8E930AA
:10DAE0000F4609920593B4F8F020D4F8D81094F8B2
:10DAF0001C3106469DF950B09DF85850049206918D
:10DB0000002B00F0AB81036893F8693123B13BF03F
:10DB10004DDA002800F0A281336893F864312BB10C
:10DB200094F86D3113B1002384F86D3194F82831E5
:10DB30003BB1B068D4F8301105F008DC002384F85C
:10DB400028318E2130693CF069DA43004E334FF6BC
:10DB5000FE71194030693CF061DA94F85831814621
:10DB6000FF2B08D094F8E830012212FA03F300EA00
:10DB700003091FFA89F994F8AF30AB4213D00023A0
:10DB800005F1320204EB8202E91A93604A4242EB49
:10DB90000102323204EB820284F8AF50C4F8CC3078
:10DBA000C4F8C8309360BAF1000F00F05781079AAB
:10DBB000C2B9022F40F35281C7EB0A01B4F9F22037
:10DBC00009B204EB45039142A8BF0A46A3F8EA2034
:10DBD000D6F884345B79012B2AD9C8EB0B03A4F85F
:10DBE000EE3025E0049F04EB45023BB2B2F9EA7047
:10DBF000C7EB0A07FF1A022F03DD1C2FA8BF1C2743
:10DC000000E00327D6F884245279012A10D9B4F908
:10DC1000EE80C8EB0B08C3EB0808B8F1020F05DD76
:10DC2000B8F11C0FA8BF4FF01C0801E04FF003082B
:10DC3000D6F868329B792BB9089A1AB130460999FF
:10DC4000FFF709FF05F1320204EB820293683046C8
:10DC500001339360C4F8CC30D4F8383151460133E5
:10DC6000C4F8383105F14E0304EB83035A680132DE
:10DC70005A605A462B46FFF7CEFED4F8E030D4F86F
:10DC8000E420934203D9039B1BB2049307E0D4F82A
:10DC9000DC00013301210690C4F8E03004910598BE
:10DCA000012212FA00F3D4F8CC1099422DD3D5F109
:10DCB000010B38BF4FF0000B0BF1A80C04EB4C0C20
:10DCC00004EB4500B0F85A01BCF80AC0C0EB0C0CDC
:10DCD0000FFA8CFC94F86C018CEAEC7AAAEBEC7AE3
:10DCE0008245ACBF00210121844503910EDB94F8ED
:10DCF000E8000BFA00F1894509D005F13C0104EB7D
:10DD0000810148688018486001E00392002205F113
:10DD1000540B05F12C0004EB800004EB4B01B1F92E
:10DD20000AC0D0F808A0CCEB0A0C674487600598BD
:10DD300007414F81D4F8C000B4F9B610059F411ACD
:10DD40004144C4F8C0103941A4F8B61004EB850171
:10DD5000D1F8D010B4F9C400994204EB4B01B1F9E9
:10DD60000A1028BF84F8B150884244DBD4F8CC00B4
:10DD7000069FB8420CD9D5F1010194F8E82038BFCC
:10DD8000002111FA02F291452FD005F13C0225E065
:10DD9000039F4FB394F844713DB1B4F9B2C07FB260
:10DDA000C1EB0C0107EBC10106E0B4F9B4C07FB2CE
:10DDB000C1EB0C01C900C91B049FB1EBC70F13DBFA
:10DDC000984211D3D5F1010194F8E82038BF002121
:10DDD00011FA02F2914508D005F13E0204EB8202ED
:10DDE00051680131516000E02AB10120002D14BFBB
:10DDF0000321022106E0002D0CBF2846002014BF9D
:10DE00000221032194F8AF2084F8492194F81D21C0
:10DE10005AB1D6F8682292793AB938B130690B46CE
:10DE2000009201923DF0C6D804E018B9D4F8CC2095
:10DE30009A4213D294F81D3183B1D6F868329B7997
:10DE400063B9012284F82821B068D4F83011D4F8DD
:10DE500024210BB0BDE8F04F05F0529A0BB0BDE89D
:10DE6000F08F2DE9FF41D0F88454064695F81C3117
:10DE70000C4695F8E970002B00F08180036993F857
:10DE80000A31002B7BD0036893F8693153B13BF022
:10DE90008DD8034630B9B068D5F83411142205F096
:10DEA0002FDA6CE0336893F8643133B195F86D3153
:10DEB0001BB1002385F86D3161E0D6F83C33022BAD
:10DEC0000AD0D5F8E020D5F8E4309A4294BF4FF05C
:10DED00000084FF0010801E04FF0000895F81D31EF
:10DEE000002B4CD0D6F868329B79002B47D1336A8F
:10DEF0000DF10F0118695AF00BDD9DF80F3085F810
:10DF0000AF30002B14BF03210221B8F1000F25D040
:10DF100003F1020E05EB8E0E05EB4302DEF8B0C0F6
:10DF2000B2F9B200C0EB0C00CEF8B000384103F1FA
:10DF30002C0EA2F8B20003F1540205EB8E0E05EB95
:10DF40004202B2F9B200DEF8B0C0C0EB0C00783883
:10DF500050FA07F7CEF8B000A2F8B27085F8493150
:10DF6000002201238DE80C0030690B463DF022D8D9
:10DF70009DF80F3054F82320013244F82320BDE8E7
:10DF8000FF8110B5D0F8844494F81C3123B104F516
:10DF90008671FFF766FF002384F8283110BD70B545
:10DFA000D0F88444054694F81C3103B3D4F8CC204F
:10DFB000D4F8C8309A4203D104F58A71FFF751FFB3
:10DFC000D4F8CC30C4F8C83094F81D317BB1D5F802
:10DFD00068329B795BB994F8292142B1A868D4F8DA
:10DFE00034114FF4FA72BDE8704005F0899970BDA4
:10DFF00038B5D0F884440546D4F83411806805F06B
:10E00000A5D9D4F8CC20D4F8C8309A4204D12846F7
:10E0100004F58A71FFF725FFD4F8CC30C4F8C83076
:10E0200038BDD0F8843400224FF6A271C3F8B8206E
:10E03000C3F8BC20C3F8C020A3F8B220A3F8B420D2
:10E04000A3F8B620C3F86021C3F86421C3F868219F
:10E05000A3F85A21A3F85C21A3F85E21A3F8EA10E3
:10E06000A3F8EC10A3F8EE10C3F8CC20C3F8D0202E
:10E07000C3F8D420C3F83821C3F83C21C3F84021A9
:10E08000C3F8E020C3F8F420C3F8F820C3F8FC205C
:10E09000C3F80021C3F80421C3F80821C3F80C21F8
:10E0A000C3F81021C3F81421C3F8182183F82921DB
:10E0B0007047D0F88434D3F8CC208A60D3F8382164
:10E0C0008A6493F81D2112B193F8AF2001E093F810
:10E0D000AC204A6093F81D210A6093F848214A65F4
:10E0E0004A688A65D3F8D0200A64D3F8D4204A64F9
:10E0F000D3F83C21CA64D3F840210A65B3F9B220B1
:10E10000CA60B3F9B4200A61B3F9B6204A61D3F802
:10E11000F4208A61D3F8F820CA61D3F8FC200A629F
:10E12000D3F800214A62D3F804218A62D3F8082187
:10E13000CA62D3F80C210A63D3F810214A63D3F8DA
:10E1400014218A63D3F81821CA63D3F84C21CA6515
:10E15000D3F85021D3F854310A664B667047F7B5AF
:10E16000D0F88444D4F84C518D4207D1D4F85051A2
:10E17000954203D1D4F854219A423CD001F00F05C6
:10E18000042D3AD8022D38D003F00302022A34D0ED
:10E190001F0907F00307022F2FD00A0902F00F0210
:10E1A000042A2AD8022A28D09E0806F00306022E46
:10E1B00023D09E0906F00306022E1ED0C4F8543167
:10E1C000036AC4F84C111B68C4F85011022B04BF39
:10E1D0003E462A46042A14BF1146314684F8AD1043
:10E1E000D0F88434012283F846110092019200692C
:10E1F0000B463CF0DFDE002001E06FF01C00FEBDAE
:10E2000070470000004870479466010010B50C4646
:10E21000C1B1886808B1F8F393F5E06808B1F8F384
:10E220008FF5D4F8D80008B1F8F38AF5D4F8E000F7
:10E2300008B1F8F385F520460021E422BDE810403E
:10E24000F3F356B510BD2DE9F74F0546D2F8D000CF
:10E25000019114469846DDF830B0DDF83490DDF8D1
:10E2600038A0F5F353F428B1404659463022F4F370
:10E2700039F103E040465946F5F3E0F2064600283E
:10E2800000F0D880D4F8D000F5F340F428B1484627
:10E2900051463022F4F326F103E048465146F5F3A7
:10E2A000CDF20746002800F0C6802B6893F8623153
:10E2B000002B4FD0D4F8D000EFF742FC002849D013
:10E2C000D5F86008FDF786FA10B3D5F868329B7967
:10E2D0002BB9D5F860080199FDF780FAC0B148461E
:10E2E0005146F422F4F3FEF08146002800F0A280AB
:10E2F00040780230A4F8D400F8F310F5C4F8D80040
:10E30000002800F097804946B4F8D420F3F36CF469
:10E31000D5F86008FDF75EFAE0B1D5F8600801991C
:10E32000FDF75CFAB0B140465946F422F4F3DAF056
:10E33000054600287ED040780230A4F8DC00F8F3CF
:10E34000EDF4C4F8E000002874D02946B4F8DC20CD
:10E35000F3F34AF4022323826382D4F8D000F5F366
:10E36000D5F310B1042323826382D4F8D000F5F3EF
:10E37000CDF350B106F10A0004F110010022F5F3CB
:10E38000A7F4002856D0002513E073780A2B0FDD80
:10E39000D4F8D05006F10E00A5F10802554245EB25
:10E3A000020504F110012A46F5F3B6F608B941E07A
:10E3B00005462046218A2A4676F088D8002839D09A
:10E3C000D4F8D000F5F3A2F330B1301D04F11201FE
:10E3D0000122F5F37DF413E07378092B11DD06F1CA
:10E3E000080045B9F27A012A06D0A2F105035A4283
:10E3F00042EB030200E0012204F11201F5F38CF676
:10E40000C0B178780230A080F8F388F4A06088B1B9
:10E410003946A288F3F3E8F370780230E080F8F32D
:10E420007DF40746E06030B13146E288F3F3DCF377
:10E43000012700E007463846BDE8FE8F01320103A0
:10E44000323D00904C3300AAAA0300000088B400BB
:10E450000100000001010000010050F20100005025
:10E46000F20000409600000FAC00000FAC0600AABE
:10E47000AA03000000AAAA030000F8000FAC0005E0
:10E480000400C9BF05F000CEBF000000010100007C
:10E4900001011C7040002D02F0000A012800280133
:10E4A0003801480158015501500150036666E201E8
:10E4B0006666E3016666E4016666E5016666E60196
:10E4C0006666E7016666E8016666E9016666EA0176
:10E4D0006666EB016666EC016666ED016666EE0156
:10E4E000CDCCF0010A000500080040060800050038
:10E4F00008000800770008008A00080001000500F5
:10E5000001000A0001000500400610091E091F094C
:10E51000240925092609200921092709280929098B
:10E520002209230930093109320912090F090009AA
:10E5300001090609070908090209030909090A0965
:10E540000B09040905090C090D090E0911096502D9
:10E550003402840074005600650234020400040092
:10E560000400030003000300030002000100010097
:10E5700000000000FFFFFFFFFFFFFFFFFFFFFFFFA7
:10E58000FFFF0000372E39352E343920283232373C
:10E590003162623620435929007265636C61696D8E
:10E5A0002073656374696F6E2025733A2052657419
:10E5B00075726E65642025642062797465732074B9
:10E5C0006F2074686520686561700A004D656D6F25
:10E5D00072792075736167653A0A00095465787429
:10E5E0003A20256C6428256C644B292C20446174E6
:10E5F000613A20256C6428256C644B292C204273D9
:10E60000733A20256C6428256C644B292C205374A4
:10E6100061636B3A2025644B0A00094172656E61A3
:10E6200020746F74616C3A2025642825644B292C72
:10E6300020467265653A2025642825644B292C20E4
:10E64000496E207573653A2025642825644B292C72
:10E650002048574D3A2025642825644B290A000993
:10E66000496E20757365202B206F76657268656131
:10E67000643A2025642825644B292C204D6178209C
:10E680006D656D6F727920696E207573653A20250E
:10E690006C6428256C644B290A00094D616C6C6F11
:10E6A00063206661696C75726520636F756E743A7C
:10E6B0002025640A0009537461636B20626F7474CF
:10E6C0006F6D20686173206265656E206F7665727C
:10E6D0007772697474656E0A0009537461636B2004
:10E6E000626F74746F6D3A20307825702C206C77CF
:10E6F0006D3A20307825702C20637572723A203084
:10E700007825702C20746F703A20307825700A00BC
:10E71000094672656520737461636B3A2030782511
:10E720007828256429206C776D3A20307825782860
:10E730002564290A0009496E757365207374616345
:10E740006B3A2030782578282564292068776D3A3F
:10E750002030782578282564290A0009496E20751B
:10E76000736520706F6F6C202564282564293A201A
:10E7700025642825644B292C20772F6F683A2025A3
:10E78000642825644B290A0009496E2075736520A9
:10E790002D20706F6F6C3A2025642825644B292C3E
:10E7A00020772F6F683A2025642825644B290A00BA
:10E7B00009506B74496420546F74616C3A2025646D
:10E7C0002C20467265653A2025642C204661696CD0
:10E7D00065643A2025640A006D77006D6400554E2B
:10E7E000494D504C3A2072613D25700A0054434116
:10E7F0004D3A20256420757365643A2025642065B0
:10E8000078636565643A25640A000A4657494420DE
:10E8100030312D25780A666C6167732025780A00EF
:10E820000A54524150202578282578293A207063CF
:10E830002025782C206C722025782C2073702025C0
:10E84000782C20637073722025782C20737073727B
:10E850002025780A00202072302025782C20723163
:10E860002025782C2072322025782C207233202508
:10E87000782C2072342025782C2072352025782C95
:10E880002072362025780A00202072372025782C27
:10E890002072382025782C2072392025782C20727F
:10E8A00031302025782C207231312025782C2072AF
:10E8B00031322025780A000A20202073702B302066
:10E8C00025303878202530387820253038782025B4
:10E8D0003038780A00202073702B313020253038F2
:10E8E0007820253038782025303878202530387841
:10E8F0000A0A0073702B257820253038780A0068C2
:10E900006E6461726D5F61726D7220616464723AEF
:10E9100020307825782C206372345F6964783A203F
:10E9200025640A00627573737461747300535357DE
:10E93000553A207072696D6520646F6573206E6F43
:10E940007420686176652070203D2033206D6F64EF
:10E950002034000001000000000100002001000040
:10E96000A1418000B9538000212C8000795780009C
:10E970006D3D8000609D8800A09E8800549F8800A7
:10E980008C9B8800409C8800FDFFFFFFD89A880080
:10E99000020000008001000030010000DD41800025
:10E9A000E5538000492C8000AD578000993D8000E0
:10E9B000749D8800C09E8800749F8800AC9B88006E
:10E9C000609C8800FDFFFFFFF89A880004000000AB
:10E9D000FF00000020080000253E8000B1518000AB
:10E9E000ED2B800035578000253D8000549D880028
:10E9F000809E8800349F88006C9B8800209C880043
:10EA0000066D0700B89A88000300000009020000A4
:10EA100044010000F941800001548000892C8000ED
:10EA2000F5578000ED3D8000889D8800F09E8800AD
:10EA3000A49F8800DC9B8800909C8800FDFFFFFF5E
:10EA4000289B8800706125643D307825257800700A
:10EA50006425643D30782525780070646825643D20
:10EA600030782525780070646C25643D3078252544
:10EA7000780067637225643D30782525780025305D
:10EA800032582530325825303258253032582D250D
:10EA9000303258253032582D2530325825303258F2
:10EAA0002D25303258253032582D2530325825301A
:10EAB00032582530325825303258253032582530DA
:10EAC000325800556E646566696E656420657272C1
:10EAD0006F7220256400000060010400050001033E
:10EAE0006401040000002700240104000400000069
:10EAF00028010400000000002C01040000000000B8
:10EB00003001040000000000340104000A04700019
:10EB100034010400EFBED40034010400050000FFFE
:10EB20003401040001FF02FF30010400180000005E
:10EB3000340104000A04E00034010400EFBE480080
:10EB400034010400050000FF3401040001FF02FF4E
:10EB50003401040000101801340104000203001005
:10EB60003401040018F1F2F334010400BBCC0000BE
:10EB700030010400380000003401040000000000EF
:10EB800030010400580000003401040000000000BF
:10EB90003001040038000000340104000F20000799
:10EBA00034010400000094003401040000000090CF
:10EBB000340104007475767734010400000000000D
:10EBC000340104000000050034010400FFFFFFFFD2
:10EBD0003001040068030000340104006E84330037
:10EBE00034010400DCBA500034010400D40000AB4E
:10EBF00034010400BADABADA34010400001018F162
:10EC000034010400F2F300103401040018F1F2F3AF
:10EC10003401040010000000340104000000000072
:10EC20003401040000000A00340104000100000E59
:10EC3000340104004252434D340104005F544553F3
:10EC400034010400545F5353340104004944010467
:10EC50003401040082848B96340104000301010610
:10EC600034010400020000003001040068000000CC
:10EC7000340104000A04280234010400DCBA8000D4
:10EC8000340104000000FFFF34010400FFFFFFFF18
:10EC900034010400001018F134010400F2F30010F4
:10ECA0003401040018F1F2F334010400D0AF000085
:10ECB00034010400000000003401040000000001E1
:10ECC000340104000200000E340104004252434D9E
:10ECD000340104005F54455334010400545F53531E
:10ECE00034010400494401043401040082848B96F9
:10ECF0003401040003010106340104000201000094
:10ED00003001040068060000340104000A042802EF
:10ED100034010400DCBA8000340104000000FFFF6D
:10ED200034010400FFFFFFFF34010400001018F15C
:10ED300034010400F2F300103401040018F1F2F37E
:10ED400034010400D0AF00003401040000000000D2
:10ED50003401040000000001340104000200000E30
:10ED6000340104004252434D340104005F544553C2
:10ED700034010400545F5353340104004944010436
:10ED80003401040082848B963401040003010106DF
:10ED90003401040002010000000104000000000131
:10EDA0009004020000000000A0040200F1F3000043
:10EDB000B0040200EFFD0000A8040200FFFF000005
:10EDC000A804020000000000A204020001000000EC
:10EDD000B2040200FBFF0000AA040200FFFF0000D3
:10EDE000AA04020000000000A4040200CF1A0000E0
:10EDF000AC04020000000000BC040200000000009F
:10EE0000A6040200D7020000B6040200FFFD0000C5
:10EE1000AE040200FFFF0000060402000100000033
:10EE200006040200000000000C04020018000000AC
:10EE3000060402000000000048040200000C00006C
:10EE4000020402002006000002050200000000008B
:10EE5000000502000040000002050200040000005E
:10EE6000000502000040000002050200080000004A
:10EE70000005020000400000020502000C00000036
:10EE8000000502000040000002050200C000000072
:10EE900080050200FFFF000082050200FFFF000066
:10EEA00084050200FFFF000086050200FFFF00004E
:10EEB00088050200FFFF00008A050200FFFF000036
:10EEC0008C050200FFFF00008E050200FFFF00001E
:10EED00090050200FFFF000092050200FFFF000006
:10EEE00094050200FFFF000096050200FFFF0000EE
:10EEF00098050200FFFF00009A050200FFFF0000D6
:10EF00009E050200FFFF0000A0050200FFFF0000B9
:10EF10009C050200F0FF0000400502000080000098
:10EF200020050200060F00004005020000800000DE
:10EF300040050200008100002005020000FF0000E3
:10EF40002C050200010100004005020000810000C4
:10EF50004005020000820000200502001E2800007B
:10EF60002C050200000000004005020000820000A5
:10EF70004005020000830000200502002931000046
:10EF800040050200008300004005020000840000EC
:10EF900020050200323F000040050200008400000E
:10EFA00040050200008500002005020040410000ED
:10EFB000400502000085000012060200010000006A
:10EFC0002E060200CDCC0000300602000C0000002E
:10EFD00000060200048000009606020008000000FF
:10EFE0009A060200E400000088060200000000000B
:10EFF0009C060200020000008806020000100000CB
:10F000009C060200020000008806020000200000AA
:10F010009C0602000200000088060200003000008A
:10F020009C06020002000000880602000B0F000090
:10F030009E06020007000000100502000B00000001
:10F0400050040200014E0000520402005B01000067
:10F05000E40402009000000004040200B400000078
:10F0600054050200FFAF0000FE0402000000000093
:10F070005E050200001000006001040004000103AE
:10F08000640104000000000064010400B4000000FA
:10F0900064010400470047006401040000006400AC
:10F0A0006401040030094000600104000D00010308
:10F0B0006401040002000200640104000100C000B9
:10F0C0006401040005000000640104000000C000A9
:10F0D0006401040064006400640104000E00470041
:10F0E0006401040000050000600104001500010334
:10F0F0006401040040003C086401040000000700B3
:10F10000640104000A000000600104001A00010309
:10F110006401040000C00000600104001D00010340
:10F120006401040010270000600104001F000103B7
:10F130006401040000001C0C640104000600102798
:10F140006001040025000103640104000000320096
:10F1500060010400280001036401040000004C0A5F
:10F160006401040000003F0164010400FFFF00048B
:10F170006401040046041E07640104000200EC0957
:10F18000600104002E0001036401040000000080FF
:10F1900060010400920101036401040064040000A2
:10F1A00064010400000040006401040096070000B0
:10F1B0006001040097010103640104001A080000C3
:10F1C00060010400BF0101036401040000000500A8
:10F1D0006001040008040103640104000702000048
:10F1E0006001040010040103640104000000010038
:10F1F000600104001C0C010064010200FFFF00001C
:10F20000600104001D0C010064010200FFFF00000A
:10F21000600104001A000103640104000000200CD6
:10F220006001040023000103640104000000A6073C
:10F23000640104000000A20A60010400260001032A
:10F24000640104000A0E0B09640104000E020000B0
:10F250006001040032000103640104000000900B0F
:10F26000640104000000A0046401040000007C06A6
:10F270006001040058000103640104004252434D40
:10F28000640104005F54455364010400545F535308
:10F2900064010400494400006001040060000103AF
:10F2A0006401040039000000640104005000000003
:10F2B00064010400C000000060010400700001034C
:10F2C00064010400BE03BE0364010400BE03BE0368
:10F2D00064010400BE03BE0364010400BE03BE0358
:10F2E000640104000004EA0364010400D403BE03C3
:10F2F000640104000B04F50364010400DF03C90387
:10F3000064010400BE03BE0364010400BE03BE0327
:10F3100064010400BE03BE0364010400BE03BE0317
:10F32000640104000004EA0364010400D403BE0382
:10F33000640104000B04F50364010400DF03C90346
:10F340006401040016041604640104001604160483
:10F3500064010400220416046401040016042E044F
:10F360006401040016041604640104001604160463
:10F370006401040016041604640104003A0416042F
:10F380006401040016041604640104001604160443
:10F3900064010400220416046401040016042E040F
:10F3A0006401040016041604640104001604160423
:10F3B0006401040016041604640104003A041604EF
:10F3C0006401040000001F0064010400FF031F002B
:10F3D0006401040002000000640104000200000057
:10F3E00060010400980001036401040000001F0094
:10F3F00064010400FF031F00640104000100000019
:10F40000640104000100000060010400A000010389
:10F410006401040000001F0064010400FF031F00DA
:10F420006401040001000000640104000100000008
:10F4300060010400A80001036401040000001F0033
:10F4400064010400FF031F006401040001000000C8
:10F45000640104000100000060010400C000010319
:10F46000640104003724372464010400372437245E
:10F4700060010400BA0101036401040001000702F5
:10F480006401040007020703640104000700000090
:10F4900060010400DF010103640104002000CB01CE
:10F4A0006401040000005400640104000000AB0883
:10F4B00064010400000010046401040084000200E0
:10F4C000640104000000140064010400CF01020084
:10F4D000640104004400000064010400AF0802005D
:10F4E00064010400100464006401040002020000CE
:10F4F000640104001000CA016401040002003C0021
:10F50000640104000000AA08640104000200100461
:10F5100064010400540002086401040000000800B3
:10F5200064010400CE010000640104003400000006
:10F5300064010400AE0800006401040010044400EB
:10F5400064010400020A0000640104000800C9010B
:10F550006401040002003000640104000000A908F6
:10F560006401040002001004640104003C00021065
:10F57000640104000000040064010400CD010000E7
:10F58000640104002C00000064010400AD080000C8
:10F59000640104001004340064010400021200003D
:10F5A000640104000400C8016401040000002C0090
:10F5B000640104000000A8086401040000001004B5
:10F5C000640104003000021964010400000000001E
:10F5D00064010400CC010200640104002C0000005E
:10F5E00064010400AC08020064010400100430004F
:10F5F00064010400021A000064010400C0000A044F
:10F600006401040070000000640104003A010A046F
:10F610006401040028022CC064010400F2020A0400
:10F62000640104000000000164010400600014048F
:10F6300064010400380000006401040002011404A5
:10F640006401040014012CC064010400DE011404F0
:10F6500064010400000080006401040022003704FB
:10F66000640104001500000064010400DF00370499
:10F670006401040065002CC0640104002E013704FD
:10F680006401040000002F006401040011006E8476
:10F69000640104000B00000064010400D4006E84C7
:10F6A0006401040033002CC064010400FC006E847B
:10F6B00064010400000018006401040002008A9D37
:10F6C00064010400FB00020864010400C54EFA0056
:10F6D00064010400020A833464010400FE00021085
:10F6E000640104006227F900640104000212421A56
:10F6F00064010400FD00021964010400B113F80064
:10F7000064010400021A811164010400FC00021C5F
:10F7100064010400C10FFC00640104000000C10F7B
:10F7200064010400FC00000064010400C10FFC003F
:10F7300060010400500201036401040000000000A5
:10F74000640104000100711464010400040200005B
:10F750006001040054020103640104000100000080
:10F76000640104000100711464010400040200003B
:10F77000600104005802010364010400020000005B
:10F78000640104000100711464010400040200001B
:10F79000600104005C020103640104000300000036
:10F7A00064010400010071146401040004020000FB
:10F7B0006001040060020103640104000000010014
:10F7C000600104006C0201036401040020000000D9
:10F7D00060010400120401036401040000000C0035
:10F7E00060010400500501036401040018000000DA
:10F7F00064010400983A983A64010400A60E64007B
:10F80000640104000000F40164010400040000002D
:10F8100064010400C8AFA86164010400204E1E000A
:10F820006401040000000300640104000300000000
:10F830006401040050C30000600104005B05010383
:10F84000640104000000140564010400E2040000E7
:10F85000600104005F05010364010400204E000004
:10F860006401040000000F0064010400F4010300BF
:10F870006001040065050103640104000000130039
:10F88000640104000000030064010400010007009B
:10F8900064010400C8AF0000640104008813000084
:10F8A000640104002C17DF40600104006C050103B3
:10F8B0006401040000002C01640104000000A00F9A
:10F8C000600104006F0501036401040000000200F0
:10F8D0006401040000002C0164010400C000000069
:10F8E00064010400C04400006401040064000000DE
:10F8F00064010400DC05401F6401040000004600B0
:10F900006401040050005000640104000200000083
:10F9100064010400F50A0000600104007A05010397
:10F92000640104002010409C64010400204E00008B
:10F9300064010400B80B0000600104007E050103AF
:10F94000640104000000204E640104000000050072
:10F9500064010400DC053F00640104007102000042
:10F960006401040030750000600104008605010395
:10F9700064010400C409A00F6001040089050103AB
:10F98000640104000000D007600104008B0501033E
:10F9900064010400204E204E600104008E05010326
:10F9A00064010400200080406401040000000A009B
:10F9B00064010400E803E81C64010400384A000004
:10F9C0006001040093050103640104000000640069
:10F9D000600104009F050103640104000200940219
:10F9E00060010400A105010364010400E1000000BE
:10F9F00060010400A40501036401040030750000E7
:10FA000060010400A705010364010400DC05000097
:10FA100064010400581B000060010400AF050103ED
:10FA20006401040000000F0064010400C80000002D
:10FA300060010400B205010364010400000002003B
:10FA4000640104000000640060010400BB050103C0
:10FA500064010400A861701760010400C40501037B
:10FA600064010400BE00000060010400380C0100C5
:10FA700064010200000000006001040003000200B5
:10FA8000640104001F000000600104000400020083
:10FA900064010400FF03000060010400050002008F
:10FAA000640104001F000000600104000600020061
:10FAB0006401040007000000600104000700020068
:10FAC000640104000400000060010400080002005A
:10FAD00064010400FFFF000060010400090002004F
:10FAE0006401040000000000600104000A0002003C
:10FAF0006401040000000000600104000B0002002B
:10FB00006401040000000000600104000C00020019
:10FB10006401040000000000600104000D00020008
:10FB20006401040000000000600104000E000200F7
:10FB30006401040000000000600104000F000200E6
:10FB400064010400000000006001040010000200D5
:10FB5000640104001F0000006001040011000200A5
:10FB600064010400000000006001040012000200B3
:10FB700064010400000000006001040013000200A2
:10FB80006401040000000000600104001500020090
:10FB9000640104000000000060010400160002007F
:10FBA0006401040000000000FFFF000000000000EE
:10FBB00086060200D0090000800602003E3E0000DA
:10FBC000820602003E020000000702003C00000026
:10FBD000840602001202000060010400030001001C
:10FBE00064010200C0000000600104000300010085
:10FBF000660102000A000000600104000400010028
:10FC0000640102001400000060010400070001000C
:10FC1000640102008301000060010400250001006E
:10FC200064010200F401000060010400C505010048
:10FC3000660102002B04000060010400C6050100FB
:10FC4000640102000001000060010400E101010004
:10FC5000640102003C00000060010400E6010100B4
:10FC6000660102003400000060010400EC010100A4
:10FC7000640102003000000060010400F101010095
:10FC8000660102002C00000060010400F701010081
:10FC9000640102002C00000060010400FC0101006E
:10FCA0006601020028000000600104000202010059
:10FCB0006401020028000000600104000702010046
:10FCC0006601020028000000FFFF000000000000A5
:10FCD000ED9F8000C1AD8000DDAE8000F9AB8000FB
:10FCE000B5B0800065AF8000C9B08000DDB0800095
:10FCF00071AD800085AD800009AC800005B1800049
:10FD0000FDAA8000A1B0800065AE800035AA800009
:10FD100081A18000C5A1800031A880008DA880004D
:10FD200019A8800079AF8000B1A68000ADAB80003B
:10FD30008DAB8000E5AB80008DA380007DAB8000A3
:10FD400079A28000F5A3800045A7800045A080002F
:10FD500039A1800065A3800039A0800055A08000F3
:10FD60002D9F8000399F80000000000000000000EF
:10FD70000000000075A3800061A8800039A8800001
:10FD800071A2800095A78000219F8000199F8000AC
:10FD9000B9A0800085A08000E59E800028000000BA
:10FDA0000F00000004010000080700000007070022
:10FDB000000704000000040400000400000000012B
:10FDC000010000000000000003030000000000002C
:10FDD0000000000000000000B1080000000000006A
:10FDE0000404040404010400E20400080A00000002
:10FDF0006A10000000000000000000003106000052
:10FE0000DDC88D000404040404010400E2040008B9
:10FE10000A0000006A10000000000000000000005E
:10FE2000310400008C2EBA00040404040401040010
:10FE3000E20400080A0000006A1000000000000050
:10FE40001818000000000000000606000000000076
:10FE50000000000000000000311900000000A000B8
:10FE60000C0C0C0C0A030400E20400080A00000059
:10FE70006A1000000000000000000000B112000045
:10FE8000277662000C0C0C0C0A030400E204000844
:10FE90000A0000006A1000000000000000000000DE
:10FEA000B10C00001443FD000C0C0C0C0A03040000
:10FEB000E20400080A0000006A100000E02E0101C0
:10FEC0000150000000000000C8320201014900009A
:10FED000899DD8004038030101420000AAAAAA0067
:10FEE000003C0401013E000000008000483F050185
:10FEF000013B0000D05E4200A04106010139000034
:10FF000049922400004B070101320000000000006C
:10FF1000584D080101300000071F7C00204E0901E8
:10FF20000130000000000000C05D0A01012800004F
:10FF300000000000A8610B01012600006666660053
:10FF400090650C0101240000C44EEC0030750D01D9
:10FF5000012000000000000040830E01011C000091
:10FF60002449920018920F0201330000F93E560016
:10FF7000009610020132000000000000409C1102B7
:10FF8000013000000000000080BB120201280000C8
:10FF90000000000020CB130201240000C44EEC003E
:10FFA000000000000000000000000000626F6172AD
:10FFB00064666C616773330073707572636F6E662D
:10FFC000696700000000000000000000B119000097
:10FFD000ABAA0A000B0C0C0C0A030400E204000894
:10FFE0000A0000006A10000000000000000000008D
:10FFF000B1120000143BB1000B0C0C0C0A030400FE
:020000041003E7
:10000000E20400080A0000006A100000000000007E
:1000100000000000310D00007A0534000B0C0C0CC0
:100020000A030400E20400080A0000006A1000004D
:10003000000000001210000000000000000000009E
:1000400000000000B1190000000040000C0C0C0C76
:100050000A030400E20400080A0000006A1000001D
:100060000000000000000000B1120000FF88D8006E
:100070000C0C0C0C0A030400E20400080A00000047
:100080006A1000000000000000000000B10D000038
:10009000F0FF4E000C0C0C0C0A030400E2040008F4
:1000A0000A0000006A10000006000000BC01000009
:1000B000C542000031420000894500007800000080
:1000C00001000000394000003F40000041400000B6
:1000D0008000000068000000FB440000F7440000BE
:1000E000D144000067E6096A85AE67BB72F36E3CD7
:1000F0003AF54FA57F520E518C68059BABD9831FF3
:1001000019CDE05B982F8A4291443771CFFBC0B57F
:10011000A5DBB5E95BC25639F111F159A4823F92D2
:10012000D55E1CAB98AA07D8015B8312BE8531242B
:10013000C37D0C55745DBE72FEB1DE80A706DC9BEC
:1001400074F19BC1C1699BE48647BEEFC69DC10F98
:10015000CCA10C246F2CE92DAA84744ADCA9B05CD4
:10016000DA88F97652513E986DC631A8C82703B097
:10017000C77F59BFF30BE0C64791A7D55163CA06A5
:1001800067292914850AB72738211B2EFC6D2C4DB1
:10019000130D385354730A65BB0A6A762EC9C2819F
:1001A000852C7292A1E8BFA24B661AA8708B4BC235
:1001B000A3516CC719E892D1240699D685350EF45F
:1001C00070A06A1016C1A419086C371E4C77482716
:1001D000B5BCB034B30C1C394AAAD84E4FCA9C5B8C
:1001E000F36F2E68EE828F746F63A5781478C884DD
:1001F0000802C78CFAFFBE90EB6C50A4F7A3F9BEBF
:10020000F27871C60123456789ABCDEFFEDCBA9861
:1002100076543210F0E1D2C3142030401C20107705
:100220006C2564002530347800776C25643A2025ED
:10023000732025732076657273696F6E2025732095
:10024000465749442030312D25780A004E6F7620DC
:10025000323920323032310032323A34393A3039A0
:1002600000617020007374612000776D6520003894
:1002700030322E31316420003830322E3131682056
:1002800000726D20006361632000616D70647520F1
:1002900000616D7064755F74782000616D706475C5
:1002A0005F72782000616D73647572782000616DF3
:1002B00073647574782000726164696F5F7077721F
:1002C00073617665200070327020006D6368616E26
:1002D00020006466727473200074787077726361B2
:1002E0006368652000737462632D747820007374F2
:1002F00062632D72782D3173732000776E6D20004C
:100300006273737472616E7320006D667020007387
:10031000616520006964617574682000746B6F20EA
:1003200000776C63006770696F6F75740000000080
:10033000E156010002000080080000003D6F8900C6
:10034000E2000000010000000000000000000000CA
:100350000000000002000000000031316400313173
:100360006800313175005458204D435320203A0025
:1003700020202564282564252529000A2020202006
:10038000202020203A000000A1878900070080007B
:10039000010000000000000000000000000000005C
:1003A0005258204D435320203A0061707073006111
:1003B0005F77706100615F777061690025733A2033
:1003C000686F73745F656E61622025640A006273F2
:1003D0007363666700627463006274635F646F7363
:1003E0005F73746174757300955701000E0000000F
:1003F00007000000000000000000000000000000F6
:10040000636D005F5F004B5200000000BC580100AC
:10041000E0ED88000000000000000000B05801007E
:1004200000000000AA580100A458010000000000CC
:1004300000000000805801002C590100885801007C
:100440007FB200000000000000000000000000007B
:10045000000000000000000000000000000000009C
:1004600000000000000000000000000090580100A3
:10047000000000000000000000000000000000007C
:10048000000000000000000000000000000000006C
:10049000000000000000000000000000000000005C
:1004A000000000000000000000000000000000004C
:1004B000000000000000000000000000000000003C
:1004C0000000000001000000B15801000000000021
:1004D00000000000323032312D31312D32392032DE
:1004E000323A34323A3434000000FF000000000099
:1004F000FF00000000236E000000FFFFF00000007E
:100500000000000000000000434C4D2044415441D5
:1005100000000C000200392E31302E33390000006B
:1005200000000000000000000000312E32392E349F
:1005300000000000C4580100C8570100436C6D4919
:100540006D706F72743A20312E33362E33000000F6
:100550000000000000000000000042726F61646350
:100560006F6D2D302E3000000000000000000000F4
:100570000000000000000000636E74727900647572
:100580006D705F696E666F00138589000000004022
:100590000800000000000000000000000000000053
:1005A0006576656E7471006662740000115A010010
:1005B00016000000775A0100180000008F5A010051
:1005C0001B000000275A01001C0000009CEF88005F
:1005D0000E000000DA59010033000000DA59010072
:1005E00033000000435A010034000000435A010068
:1005F00034000000435A0100340000009BEF8800E3
:1006000001000000D05901000A0000009AEF8800A4
:100610000100000003103036373839F4FFDD0001E7
:100620000203040607080920252829232A32300B53
:100630000C424746333F4043363A3C3B2D3D484A07
:100640007F596145626B6C6F70BFC0C3C4C744F40F
:10065000DD69656D000001322124302E46363B2DC8
:10066000487F595E6BBFC74485F4DD01320C3541CC
:1006700046303637393A382D3D484A7F5A5F5864FC
:100680006EBFC0C744F4DD0001020304060507087D
:100690000920252829232A32300B0C2E333F4043D2
:1006A000424746363A3C3B2D3D484A7F5659456BBA
:1006B0006C6F70BFC0C3C4C744F4DD01320C354158
:1006C0004636373A382D3D484A7F5A5F6EBFC0C71D
:1006D00044F4DD0001322124302E463637393B2DDB
:1006E000487F595E57636BBFC744859CF4DD6965DD
:1006F00072006C71004449524543542D0070687972
:100700000000A40400400000A40400800080D00485
:1007100020000000A404FF010000A4040004000461
:10072000A504FF032C01A50400E000A0A504001C03
:1007300000000D04FF0340000D0400700040A204FF
:10074000FF034000A20400700040A804FF00010065
:10075000D004C07F00000C05FF010000A60400804B
:100760000080A604FF01FF009A04FF01FF00F409C6
:1007700000800080F40900380020F409FF033700EE
:100780009904FF0378009F0400C000409F04FF030A
:100790009001D70408000800D70400700020AC09BD
:1007A0003C001400F80904000400706B745F666973
:1007B0006C746572000000000C000000FFFFFFFF7A
:1007C000FFFFFFFFFFFFFFFF70726F745F67007036
:1007D000726F745F6E000000EC5B010007000000A8
:1007E00007000000FD5B01000600000001000000A2
:1007F0000000000000000000000000005341452000
:100800004861736820746F20456C656D656E742057
:100810007531205031005341452048617368207480
:100820006F20456C656D656E742075322050320006
:100830007361655F6D61785F7077655F6C6F6F7016
:10084000007361655F7077655F686E705F656E618C
:10085000626C6500405C010027000000070000009A
:10086000585C010028000000070000006E5C0100D9
:10087000260000000700000000000000000000004B
:10088000000000007374665F74656D705F6D696E63
:100890005F647574795F6379636C65007374665F18
:1008A00074656D705F6D6F6E69746F725F74696D82
:1008B00065007374665F74656D705F7468726573EC
:1008C0006800696473757000747063007478630005
:1008D0007761706900000000000000000000000067
:1008E00000000000600A000080380100736470633B
:1008F0006D6465760000000000000000005D0100EE
:1009000000000000000000000000000000000000E7
:100910000000000000000000C5DF800045F68000F8
:1009200059F68000C9DF8000BDDF800089DF8000CC
:1009300051DD80000000000055F68000000000003E
:1009400000000000C57C0100A17C01008B7C01003F
:10095000E1F6800000000000A5F68000F9F68000B6
:10096000C1F68000EDF680000000000000000000ED
:1009700000000000158801006988010000000000E7
:1009800011880100258C0100F589010059890100B9
:100990000000000000000000000000000000000057
:1009A00000000000C5890100000000001D1E1C0B96
:1009B00080BA8C0100C20100F2000000810000003A
:1009C00010000000C0AD3A0200C20100EC000000BF
:1009D0008100000022000000776C00000000000091
:1009E0000000000000000000C05D010000000000E9
:1009F00000000000000000000000000000000000F7
:100A00000000000035E201001D8E8100E9898100AF
:100A1000298F810000000000B58C810000000000DB
:100A2000FD8D8100000000000000000000000000BB
:100A300000000000010003000300060000000300A6
:100A4000030003000E000D000E000E000E00020059
:100A500009000C000A0008000D00010009000C004C
:100A60000A0008000D00010009000C000A0008003F
:100A70000D00010009000C000A0008000D00010033
:100A80000A000D000B0009000E0002000A000D0014
:100A90000B0009000E0002000900390016000E00CC
:100AA0000E0005000900390016000E000E000500BA
:100AB0000A000D000B0009000E0004000A000D00E2
:100AC0000B0009000E0002000A000D000B000900D7
:100AD0000E0002001400BF00C00015001100050048
:100AE0001400BF00C0001500110005001400BF0075
:100AF000C0001500110005001400BF00C000150063
:100B0000110005001400BF00C00015001100050011
:100B10000900390016000E000E000500090039001A
:100B200016000E000E0005001400BF00C0001500E6
:100B3000110005000900390016000E000E00050026
:100B40000900390016000E000E0005009600DE00B8
:100B5000DF001500110005001400BF00C0001500E3
:100B6000110005000900390016000E000E000500F6
:100B70000900390016000E000E0005000900610092
:100B800016000E000E0005000900390016000E00C8
:100B90000E0005000C00B60019001100110008003D
:100BA0000900390016000E000E0005000900B6000D
:100BB00019001100110008000900B6001900110009
:100BC000110008000900B60019001100110008000A
:100BD0000900390016000E000E0005000900B600DD
:100BE00019001100110008000800370016000E005F
:100BF0000E0005000900B6001900110011000800E0
:100C000000000000000000000000000000000000E4
:100C100000000000000000000000000000000000D4
:100C200000000000000000000000000000000000C4
:100C300000000000000000000000000000000000B4
:100C400000000000000000000000000000000000A4
:100C50000000000000000000000000000000000094
:100C60000000000000000000000000000000000084
:100C70000000000000000000000000000000000074
:100C80000000000000000000000000000000000064
:100C90000000000000000000000000000000000054
:100CA0000000000000000000000000000000000044
:100CB0000000000000000000000000000000000034
:100CC0000000000000000000000000000000000024
:100CD0000000000000000000000000000000000014
:100CE0000000000000000000000000000000000004
:100CF00000000000000000000000000000000000F4
:100D000000000000000000000000000000000000E3
:100D100000000000000000000000000000000000D3
:100D200000000000000000000000000000000000C3
:100D300000000000000000000000000000000000B3
:100D400000000000000000000000000000000000A3
:100D50000000000000000000000000000000000093
:100D60000000000000000000000000000000000083
:100D70000000000000000000000000000000000073
:100D80000000000000000000000000000000000063
:100D90000000000000000000000000000000000053
:100DA0000000000000000000000000000000000043
:100DB0000000000000000000000000000000000033
:100DC0000000000000000000000000000000000023
:100DD0000000000000000000000000000000000013
:100DE0000000000000000000000000000000000003
:100DF00000000000000000000000000000000000F3
:100E000000000000000000000000000000000000E2
:100E100000000000000000000000000000000000D2
:100E200000000000000000000000000000000000C2
:100E300000000000000000000000000000000000B2
:100E400000000000000000000000000000000000A2
:100E50000000000000000000000000000000000092
:100E60000000000000000000000000000000000082
:100E70000000000000000000000000000000000072
:100E80000000000000000000000000000000000062
:100E90000000000000000000000000000000000052
:100EA0000000000000000000000000000000000042
:100EB0000000000000000000000000000000000032
:100EC0000000000000000000000000000000000022
:100ED0000000000000000000000000000000000012
:100EE0000000000000000000000000000000000002
:100EF00000000000000000000000000000000000F2
:100F000000000000000000000000000000000000E1
:100F100000000000000000000000000000000000D1
:100F200000000000000000000000000000000000C1
:100F300000000000000000000000000000000000B1
:100F400000000000000000000000000000000000A1
:100F50000000000000000000000000000000000091
:100F60000000000000000000000000000000000081
:100F70000000000000000000000000000000000071
:100F80000000000000000000000000000000000061
:100F90000000000000000000000000000000000051
:100FA0000000000000000000000000000000000041
:100FB0000000000000000000000000000000000031
:100FC0000000000000000000000000000000000021
:100FD0000000000000000000000000000000000011
:100FE0000000000000000000000000000000000001
:100FF00000000000000000000000000000000000F1
:1010000000000000000000000000000000000000E0
:1010100000000000000000000000000000000000D0
:1010200000000000000000000000000000000000C0
:1010300000000000000000000000000000000000B0
:1010400000000000000000000000000000000000A0
:101050000000000000000000000000000000000090
:101060000000000000000000000000000000000080
:101070000000000000000000000000000000000070
:101080000000000000000000000000000000000060
:101090000000000000000000000000000000000050
:1010A0000000000000000000000000000000000040
:1010B0000000000000000000000000000000000030
:1010C0000000000000000000000000000000000020
:1010D0000000000000000000000000000000000010
:1010E0000000000000000000000000000000000000
:1010F00000000000000000000000000000000000F0
:1011000000000000000000000000000000000000DF
:1011100000000000000000000000000000000000CF
:1011200000000000000000000000000000000000BF
:1011300000000000000000000000000000000000AF
:10114000000000000000000000000000000000009F
:10115000000000000000000000000000000000008F
:10116000000000000000000000000000000000007F
:10117000000000000000000000000000000000006F
:10118000000000000000000000000000000000005F
:10119000000000000000000000000000000000004F
:1011A000000000000000000000000000000000003F
:1011B000000000000000000000000000000000002F
:1011C000000000000000000000000000000000001F
:1011D000000000000000000000000000000000000F
:1011E00000000000000000000000000000000000FF
:1011F00000000000000000000000000000000000EF
:1012000000000000000000000000000000000000DE
:1012100000000000000000000000000000000000CE
:1012200000000000000000000000000000000000BE
:1012300000000000000000000000000000000000AE
:10124000000000000000000000000000000000009E
:10125000000000000000000000000000000000008E
:10126000000000000000000000000000000000007E
:10127000000000000000000000000000000000006E
:10128000000000000000000000000000000000005E
:10129000000000000000000000000000000000004E
:1012A000000000000000000000000000000000003E
:1012B000000000000000000000000000000000002E
:1012C000000000000000000000000000000000001E
:1012D000000000000000000000000000000000000E
:1012E0002DE9F84305468846FBF33EF200212846E7
:1012F000FBF382F3044628466E69AF69F3F3F0F31B
:101300000A2E814616D90F2E16D02846FAF31EF55E
:10131000142E054603D9A36823F00803A360A3682D
:10132000142E43F00103A36014D9A36843F008030B
:10133000A3600FE0022E0FD92846FAF375F5D4F812
:10134000A430054623F0FF0343F00203C4F8A430A1
:10135000022303E0012301E0104D3023A268D207ED
:1013600007D407F01802082A0CBFB5FBF3F54FF4B9
:10137000E11507F0030700260BE004F54073B8F110
:10138000000F05D03002181849462A460023C047EE
:101390000136BE42F1DBBDE8F88300BF00C63E0562
:1013A0002DE9F8431646984604460D46FAF374F5BF
:1013B000002107462046FBF31FF300228146134617
:1013C000134988184068B0B90C225343CA18CE504C
:1013D0005560C2F808802046FBF3C6F1D9F82430E6
:1013E0000C4D1E432E602046FBF3BEF12B680125F9
:1013F000C9F8243004E001330C32052BE0D100257C
:1014000020463946FBF3F8F22846BDE8F88300BFD2
:10141000BC5F0100E403000038B5124C00214822F3
:101420002046F0F365F4104A012384E80C000025FF
:101430000E491F2204F10C00F0F332F584F82B5012
:10144000F5F31CF34FF40023A3634FF40003E363AD
:10145000074B20632364074B6563DB696564A36006
:1014600038BD00BF186001004445424740390100C3
:101470001C2B0900706001004369142B01DDFAF395
:1014800017B57047436910B50A2B04460ADD0649B3
:1014900001220346FFF784FF20460121BDE81040EA
:1014A00007F096BA10BD00BF89160000C36910B5D9
:1014B000590704460CD5074B00221968FBF3B4F01A
:1014C0000549204610222346BDE81040FFF768BFBB
:1014D00010BD00BF2C040000FDB18000134B13B5FC
:1014E0001360134601E0114C1C600433ADF17C0421
:1014F000A342F8D3C41C24F003040D4B091B0D4870
:101500001960002303600C48083903600B4884E825
:101510000A0003600A4802600A4802F500520260AD
:10152000094A1360EAF7C6FE44601CBD4B415453A0
:10153000F4030000140400004804000004600100EB
:101540006860010010600100F003000008B5002190
:101550001420EAF7BDFE054B002118601422F0F3B9
:10156000C7F3BDE80840F5F301B100BF3004000047
:101570002DE9F0474D1C2946824605F0A1FB134C8E
:10158000206000B34FEA850948460021EAF7A0FE33
:101590000F4F804638600F4E68B14A460021F0F385
:1015A000A7F320680021F0F33FF73B6800221A60A0
:1015B0003560BDE8F0875046216805F0D5FBC6F8D8
:1015C0000080C4F80080BDE8F08700BFF803000089
:1015D000E803000004040000F0B5184F85B00F21A7
:1015E000386805F0C3FA0F2803903E4624D18420C2
:1015F0000021EAF76DFE124C2060D0B10021842258
:10160000F0F376F30025012304AA42F8043D009587
:101610000195386821684FF4F06305F0D5FA013080
:10162000206803D03221ECF751FA05E0EAF7D8FE42
:101630002560306805F0B8FA05B0F0BD2C04000054
:1016400044040000B1F5E06F73B504460E4615463C
:1016500006D103690091002101911E680A460CE041
:101660000D4B00221868FBF3B9F1014680B12369E4
:101670000022009601921E6820462B46B04738B1E2
:10168000064BA0611A68656122621C60002001E0BF
:101690004FF0FF307CBD00BF00040000F85F010088
:1016A0002DE9F84310200C46002191469846EAF7B0
:1016B0000FFE054620B3144E3068FAF3EDF3099B94
:1016C000074623B9306821464A46FBF387F1306864
:1016D000FAF35CF501238340089AEB60AA600B4A99
:1016E000C5F8048011681560094A296011683068DE
:1016F0000B4313603946FBF37FF10020BDE8F8830C
:101700006FF01A00BDE8F883000400003C040000FC
:101710001004000013B500210446FBF36DF1174BD4
:101720001860174B00F5706018606369222B12DD9A
:10173000E36958060FD540F6270100222046FAF348
:1017400011F501462046FBF357F10E4B00211860BE
:101750002046FBF351F100204FF4006102460A4B92
:1017600000900190FFF79CFF28B1012002B0BDE876
:101770001040F4F377B602B010BD00BF240400009F
:101780009460010034040000E9B1800073B5374B68
:10179000374C0193374B0021202220461D682669D3
:1017A000F0F3A6F201232360334B26611B68E3614B
:1017B00045F8044C00F048FCADF5FE513C390A46B2
:1017C0002E48FFF78BFEF4F33DF3F4F3A5F700F09A
:1017D00073F8FFF721FE002006F0D4FD284D294CB8
:1017E000286007F00FFA2060FFF794FFFFF7AEFEC6
:1017F000206800F029FB206806F0E8FD224B2068F5
:101800001A6802F580321A60204B1A6802F580329D
:101810001A601F4B1A6802F580321A6000F0C0F897
:1018200000221C481C49F5F3E7F002221B481C4922
:10183000F5F3E2F000221B481B49F5F3DDF000222E
:101840001A491B48F5F3D8F02068FFF715FE206809
:10185000FFF718FE2068FFF729FE286840F28F1175
:10186000FFF786FEFFF7B8FE20687CBDADDEADDE7B
:1018700070600100945C0100906001008C6A0300BC
:101880002C04000000040000F40300001404000015
:10189000046001008DDA8900891900001385890030
:1018A00041B48000943B010091B680001DB28000DD
:1018B000973B01007047000070B5174D2C682CBB9A
:1018C000B0202146EAF704FD286010B32146B0227B
:1018D000F0F30EF24FF4806021462E68EAF7F8FC30
:1018E000B060286886681EB9EAF77AFD2E600DE0C0
:1018F0004FF48062C26021463046F0F3F9F12B6864
:10190000064A20461360064A536170BD4FF0FF300F
:1019100070BD4FF0FF3070BDA860010050040000A2
:101920007060010070B5184C0546236833B9174E36
:1019300033680BB9FFF7C0FF33682360206808B332
:1019400000230360C0F89C304360012380F8A4307A
:101950006B6C0E3B012B03D928460D49FFF7C0FCE9
:101960000C4B9A6812B12268C2F89C30206801239F
:10197000C0F89C30F5F31EF0074808492268F5F3DB
:101980003BF0206870BD00BF50040000A86001005B
:10199000716C010098600100242B870011BE80004B
:1019A00010B50023044610220A49FFF7F9FC002174
:1019B0002046FAF365F7002220464FF4A051EDF7D8
:1019C0006DFF054B002220469A60BDE81040FFF7EE
:1019D000A9BF00BFE5BC80009860010038B504468F
:1019E0000D4651B11020F5F39FF1044B186020B162
:1019F00080E830004FF4F063836038BDAC600100D4
:101A0000134B02461B68006810B500F47041DC1EE1
:101A1000090B042C08D800F47060000A0E30012372
:101A200013FA00F0484310BD072B0CD8002010BD5E
:101A300043F480741461146C013304F07F040134A6
:101A40006403001901E0002318468B42F0D110BD59
:101A50005014000003684068181823F00703083387
:101A600098428CBF0020012070470000044B054ABB
:101A7000186890421ABF00F108021A6000207047EF
:101A8000A05C0100001000002DE9F34190E848003F
:101A900023F00704083413F0070202D19D19AC4269
:101AA0004AD035468068002203E0875C0DF802705A
:101AB0000132B242F9D19E18A64204D900293DD084
:101AC000361B951B00E0002623F00707C7EB030C2D
:101AD000002204E012F8078000F80280013262451B
:101AE000F8D18218002003E01DF80070175401306F
:101AF000A842F9D15B195219E71A002004E013F843
:101B000000C002F800C00130B842F8D1002E18DD44
:101B100000AB5D190023EA5CCA540133B342FAD129
:101B2000C918E4180022C3F1080302E0A05C88543D
:101B300001329A42FAD104E0104603E04FF0FF3040
:101B400000E00020BDE8FC812DE9F0471C4B1D4C56
:101B50000026C4EB03081C4B4FEAA80803FB08F857
:101B6000474629E02368D4F808A023F00709002598
:101B70001AF8052015F809309A4202D00120F4F332
:101B800071F40135082DF3D12046FFF763FF88B9C2
:101B90000E4B054603EBC70A013705EB09031AF89C
:101BA00005201B7A9A4202D00120F4F35BF4013540
:101BB000082DF2D101360C344645D3DBBDE8F08761
:101BC0009013000000100000ABAAAAAA00080000B1
:101BD000144B2DE9F0471B68134D9B68134F03F01E
:101BE0000F097F1B0123124A03FA09F9BB1002FBFC
:101BF00003F80026444606E02846FFF72BFF00B90D
:101C0000013401360C354645F6DB2246BB104FF059
:101C1000553404FB032307484946BDE8F047F0F379
:101C20008DB000BF4C1400000010000090130000A5
:101C3000ABAAAAAAA93B010041F4003138B542631E
:101C400004460163652502E00A20F4F355F5236B91
:101C5000002B01DB013DF7D138BD836A43F000431F
:101C600083627047836A23F0004383627047F8B54C
:101C70008668054601240F4606F00F06FFF7F2FFBF
:101C800014FA06F6AC62EF62002405E0A1B2284621
:101C90000022FFF7D1FF0134B442F7DBF8BD0000AA
:101CA0002DE9F041FFF7E2FE194E1A4BDFF8708084
:101CB000194FF61A194BC8EB0707002814BF054641
:101CC0001D4604465D1BFFF783FF47B100214046D8
:101CD0003A46F0F30DF040463946F4F383F146B14D
:101CE00000210C483246F0F303F00A483146F4F381
:101CF00079F155B1002120462A46EFF3F9F7204645
:101D00002946BDE8F041F4F36DB1BDE8F08100BFB4
:101D100090130000001000000008000000100000F8
:101D2000C5040000424B2DE9F74F1D684149284684
:101D3000FFF79DFF404A414BA968D31A404A9B10C8
:101D40005A43019271D0012001F00F0110FA01F104
:101D50008A4201DDF4F386F32846FFF751FE394B42
:101D6000A0F1040B1A6899460E2A01D8861000E0EB
:101D700001264FF00008314C4CE06368013B072B13
:101D800001D8A36813B90120F4F36CF32046FFF7E0
:101D900061FE38B9FFF76AFE074620B90120F4F367
:101DA00061F300E0002720463946FFF76DFE10B1D1
:101DB0000120F4F357F3DFF87CA0A1682268D9F87A
:101DC0000030CAEB010122F00702C9100E2B96BFAA
:101DD00002EA0B02324346EA920289B22846FFF732
:101DE0002BFFA7B12268D9F8003022F00702CAEB16
:101DF00007010832C9100E2B98BF02EA0B0289B204
:101E00008CBF324346EA92022846FFF715FF08F1DD
:101E100001080C34019B9845AFDB2846FFF71DFFF6
:101E200003B0BDE8F04FFFF78FBE03B0BDE8F08F01
:101E30004C14000000080000901300000010000087
:101E4000ABAAAAAA501400002DE9F7430446FAF3FE
:101E50008BF4204600F008FA6B48EAF71DF920469B
:101E6000F2F334F600F578704FF47A730730674F69
:101E7000B0FBF3F038602046F2F328F6644B654A75
:101E8000C3186169B3FBF2F3634A22291360634EFE
:101E9000634D04DDE369580601D5336800E02B6823
:101EA00003F5C2630433D3F800E030682B682229BD
:101EB00005DDE269520602D500F5C26201E003F5D4
:101EC000C262043212689645F1D0222905DDE2692A
:101ED000520602D500F5C26301E003F5C263043384
:101EE000D3F80080EAF7B8F83168814660692A685B
:101EF0001025222805DDE3695B0602D501F5C263E2
:101F000001E002F5C26304331B689845F1D0222832
:101F100005DDE3695E0602D501F5C26301E002F565
:101F2000C2630433013DD3F80080E2D1EAF794F8AC
:101F30003A68C9EB0006B2FA82F39A40191FB2FB65
:101F4000F6F2384B01321A604FF47A73A2FB032386
:101F50003548CA400160C1F1200113FA01F0801830
:101F6000ECF742FB396804230FE0B5FA85F2B6FAC4
:101F700086F0013A8242A8BF0246964095409B18DF
:101F8000B6FBF1F201FB1266551915F0404FECD08B
:101F9000264A1360264B40F2FF321D60236A002B55
:101FA000244BC8BF6FF07F421A606369222B0CDD9F
:101FB000E369580609D5002040F6270102461E4B6A
:101FC00000900190FFF76CFB05E020461A492022A3
:101FD0000023FFF7E5F900201849F0F301F5184D4B
:101FE000286078B10120F4F36DF220462D68F2F3F9
:101FF0006DF5B5FBF0F04FF47A754543114BA5F53F
:10200000FA651D60BDE8FE83E91E0000A45C0100C6
:102010003F420F0040420F00B403000034040000B0
:1020200024040000A8030000AC030000A403000087
:10203000A0030000B003000019B980008C850200E5
:1020400084040000800400000D4B00211A6842F057
:1020500010021A601A6822F400721A60094A1368A2
:1020600043F0807343F480331360074B07221A60F8
:1020700043F8041C59685A60044B20221A607047C8
:1020800014ED00E0FCED00E0241000E000E400E0CE
:1020900070B504460E46FAF367F32046F9F3FCF6F2
:1020A0000546EAF75BFD40F62A0102462046FAF3B0
:1020B00095F48269436926B142F0004243F000433F
:1020C00003E022F0004223F000438261294643618D
:1020D0002046BDE87040FAF38FB42DE9F84304467A
:1020E0001E4690460D46FAF33FF32046F9F3D4F628
:1020F0004146324607462046FAF370F42046FAF38A
:1021000045F00646EAF72AFD40F62A010246204637
:10211000FAF364F44FF00108814685B108FA06F538
:10212000836933EA050502D14046E9F787FF0136A6
:102130000120B040E9F774FFC9F818500EE0701C98
:1021400008FA06F608FA00F0E9F778FF4046E9F7E2
:1021500067FFD9F818301E43C9F818602046394681
:10216000BDE8F843FAF348B4034630B1002000E07C
:102170001046421C5B08FBD1704770470346032B97
:1021800010B510460C461DD8FAB1022B0BD0032B0C
:1021900014D0012B03D0FFF7E7FF0D4B06E0FFF74C
:1021A000E3FF0C4B02E0FFF7DFFF0B4B186043F837
:1021B000044C5A6804225A60002010BDFFF7D4FF77
:1021C000064BF3E76FF0010010BD6FF0010010BD8A
:1021D000241000E0341000E0441000E0541000E04F
:1021E00050B1431E034207D0002300E013465A1C9F
:1021F0004008FBD1012098407047000070B5EAF715
:10220000E3F90446EAF7DAF9164E241826F4FE46F6
:1022100026F0FF0606F50046A41B1ED00125B4F5E6
:10222000004F0FD3284631464FF40042FFF7A6FF78
:10223000B0B90135EDB2042DA4F5004406F5004611
:10224000EDD170BD20465CB1FFF7CAFF31460246B2
:102250002846BDE87040FFF791BF4FF0FF3070BDDA
:1022600070BD00BF8C6A03002DE9F8430446FAF301
:102270007BF2204640F60E010022FAF3AFF305464A
:10228000002838D02046FAF36BF2014618B92046F0
:102290000A46F9F3F5F520462F68D5F80080F9F3E2
:1022A00003F60428064605D825D108F4E028B8F539
:1022B000403F20D100205049F0F392F3D8B907F005
:1022C000F0073F090FE0013F072E2F6108D90C2EC0
:1022D00006D02B6C03F44063B3F5406F00D010B10F
:1022E000464B01206B61002FEDD1D5F8E83123F08A
:1022F0001003C5F8E831EAF731FC40F62A0102463E
:102300002046FAF36BF33E4D06462860EAF726FCBA
:10231000314602463B48EFF311F52046F9F3C4F588
:10232000394B18602B681A6842F080721A601A687C
:1023300042F002021A600022C3F8E0216269272AF3
:1023400005DDD3F8E02142F04002C3F8E02140F27D
:10235000DD5602E00A20F4F3CFF12B68D3F8E03128
:102360009B0301D4013EF5D100210B4620464FF4DA
:102370000062FFF7B2FE00210B46204640F6120233
:10238000FFF7ABFE00210B46204640F62902FFF77F
:10239000A4FE20460121FFF77BFE00201B49F0F33D
:1023A0001FF300B32046F9F377F50646EAF7D6FBAC
:1023B00040F62A0102462046FAF310F3D0F81490B2
:1023C0000746D0F898802046F9F366F5012383404C
:1023D00043EA09037B6148F00103C7F898302046BF
:1023E0003146FAF309F32B681A6A42F003021A62C3
:1023F000BDE8F843FFF702BF97850200FF7F012188
:10240000B0600100BB3C0100B8600100A285020081
:102410000721C0F8A4114021C0F8A8114FF4F061C1
:10242000C0F8C8111821C0F8CC1108210122C0F849
:10243000D01106210A23C0F89C21C0F8B021C0F8B1
:10244000DC11C8221C21C0F89831C0F8B421202327
:102450001022C0F8E0110C21C0F8A031C0F8BC3146
:10246000C0F8C031C0F8C421C0F8D431C0F8E411BC
:102470000323C0F8E8210421C0F8F0210022C0F8AD
:10248000D831C0F8EC11C0F8F421C0F8FC21C0F834
:102490000032704741F2E443984206D144F2F430EE
:1024A0000B1A584240EB0300704700207047D0F8E9
:1024B0001C1238B5044659B1806804F0D0FB0546BB
:1024C000D4F81C02F4F33CF40023C4F81C3200E0FE
:1024D0000D46284638BD7FB5044606238420039365
:1024E000F4F31CF4C4F81C02B8B100218422EFF309
:1024F000FFF300251C23A068D4F81C1203AA009542
:10250000019504F061FB0646013008D1D4F81C02A5
:10251000F4F316F4C4F81C5201E04FF0FF363046D5
:1025200004B070BD2DE9F04104460D4616469846AC
:1025300040F2E93702E00A20F4F3DEF063691A6D35
:10254000002A04DA013FF6D13846BDE8F081069A48
:1025500046443602B2F1807F46F0004603D12A7825
:1025600042F08072B6181E6540F2E93602E00A2099
:10257000F4F3C2F063691B6D002B03DB2B700120A9
:10258000BDE8F081013EF2D13046BDE8F0810000A7
:102590002DE9F0438BB01D46DDF848909F4B08466F
:1025A000C3F8009011461746FFF774FF002800F0AB
:1025B00030814FF40B70F4F3B1F30446002800F0BF
:1025C000298100214FF40B72EFF392F3A560C4F858
:1025D00014902046FFF71CFF914B1E68C4F8186248
:1025E0001EB13678003618BF012604F1280840468F
:1025F00002214122F0F382F400230093019302931D
:10260000384629464A46139B06F024FBE060002822
:1026100000F0FA80F9F338F42060E068F9F344F44C
:102620006769804A7B68804903F0010383F00103F6
:10263000D4F800C0002B18BF114684F87A3140F658
:1026400029039C456060D4F808E0E26807F5007350
:1026500003D110B107F5087701E007F5047700977B
:10266000D4F8BC010190D4F8C0010290D4F8C8019C
:1026700003904FF0FF300490D4F8C4010590082077
:10268000069000200790704604F04EFC606200281F
:1026900000F0BA80D4F81812644FB9B10B78ABB11E
:1026A000D7F8B030984762492246D4F81802F0F3C0
:1026B0002DF3D4F818025F49224604F0F1FA2EB146
:1026C0002046FFF708FF002840F09E8002210A46BE
:1026D000D7F8B830606A984720460021E2682B4658
:1026E00000F06EF92061002800F08E8000210B467A
:1026F0002046514AF3F336F50023C4F8940184F8D8
:102700007D314E48F5F304F010B3EFF347F50123A4
:1027100083404B48C4F88431F4F3FAF710B1EFF377
:102720003DF508B1D4F88401C4F88801454900207A
:10273000F0F356F1030CA4F88C31A4F88E013BB1F0
:1027400000212046404A0B46F3F30CF5C4F89001F3
:1027500000203E49F0F344F1012808BF84F822022A
:102760002046F6F391F4002835D000200125C4F866
:10277000A40184F82A523649F0F332F120B184F8EA
:1027800005523448EFF3DAF200203349F0F328F130
:10279000C0B28DF8260068B100F00F004FF08073D2
:1027A0000AA901F8020D4FF44072009320460F234E
:1027B000FFF7B8FE0AA9082301F8013D636900226A
:1027C0001D6F1A674FF0807300932046F023FFF7C8
:1027D000A9FE63691D67214922462148F4F30CF1E3
:1027E0002048F3F3ABF7204B04F58472511C1A60B8
:1027F0000332DA60D4F8F020596004F585719960ED
:10280000C3F810805A6105E02046F4F399F20024E1
:1028100000E0044620460BB0BDE8F08388040000C9
:1028200044040000B9850200CB85020010A788008F
:1028300051E78000CDE7800091F08000E085020044
:102840000A86020002860200EDE68000D5850200BD
:10285000C1850200E9850200AD85020095E6800091
:10286000E03C0100F9E28000BC60010038B50025C1
:10287000044680F87951006900F0DEF82046F6F34E
:10288000F5F5E0682946F9F3F9F2D4F8940128B196
:10289000F3F3ECF3D4F89401F3F312F4D4F89001C9
:1028A00028B1F3F3E3F3D4F89001F3F309F4E0680B
:1028B00005F078FFD4F81C3223B11B7813B1204601
:1028C000FFF7F5FD2046BDE83840F4F339B210B506
:1028D0008469A068FFF7CAFFE06805F061FD002089
:1028E00010BD000010B584690021342204F11C00E1
:1028F000EFF3FEF1034BA06863622462F6F32AF360
:10290000002010BD91F680002DE9F347274D994630
:102910002B680646072B0F46924640DC05F032FD39
:1029200080465020F4F3FAF1044600283AD0002102
:102930005022EFF3DDF12B68A4F8149084E84800EE
:102940002761C4F80C80204641F2E4414A464346E0
:102950008DE88004FFF71CFEA06010B300200A99E8
:102960000B9A134B8DE84004FEF79AFE074618B108
:10297000A068FFF77BFF12E0A068F6F367F12B6811
:10298000A0610F210B4A3046EFF318F2F7730A48A3
:102990003146EFF3D3F12B6801332B6002E00024C2
:1029A00000E004462046BDE8FC8700BFD46001007B
:1029B000C1F680003386020013860200F4F3C0B132
:1029C0002DE9F0411B4F98463B780546072B1446EE
:1029D00026D85420F4F3A2F1064610B30021542265
:1029E000EFF386F13B78002286F8443001333B70E8
:1029F0000123B46086E82001A6F84C20A6F85020F8
:102A0000A6F84E20A6F85220B3640420F4F386F111
:102A10000446306440B100210422EFF369F100E084
:102A200000263046BDE8F0813046F4F389F12646B1
:102A3000F7E700BFD8600100C26B1AB100235362F0
:102A4000826B5362C068FFF7B9BF0000054A064BAE
:102A5000D17E1970117F5970517F9970927FDA7011
:102A6000704700BF8C6A0300906001002DE9F04FB1
:102A70008FB0E9F7A9FD474E474D336804900593A1
:102A80002B68B3F5805F00F28180444F4449386879
:102A9000EFF3A6F701287AD02B68DFF81C91039397
:102AA000D9F8003000240693DFF810812368DFF89E
:102AB00010A10793D8F80030DFF808B10893DAF8CE
:102AC0000030384A0993DBF80030D7F800C00A9389
:102AD000354B126819680C920B913449301D096806
:102AE000039A0D916146CDF808C00193EFF37CF095
:102AF00021462A683868EFF3FBF02D4A019BCAF89B
:102B000000202849294A04981C6014600C604FF08A
:102B1000FF32311A3C60C9F800402C60C8F8004010
:102B2000CBF80040EFF38CF70599019BCA43904224
:102B3000DDF808C029D1039A06992A60C9F8001067
:102B400021681C4AC7F800C01160079A08992260E2
:102B5000099AC8F80010CAF800200A990B9ACBF815
:102B600000101A600F490C9B039A0B600D9B0F49D4
:102B700060460B60311DEFF337F02A68301D2146A7
:102B80000FB0BDE8F04FEFF3B3B0FEE7FEE70FB0D4
:102B9000BDE8F08F8C6A03009C5C0100985C01002A
:102BA000828602004C1400004814000050140000FB
:102BB000DDBAADBB38140000945C01004414000081
:102BC000341400004014000070470000774B2DE9DA
:102BD000F04F1B6891B0043B012B03D8744B18686D
:102BE000FFF7F2FFFEF7D2FD00210446F9F334F7B8
:102BF00020460021F9F300F7054658B12046F9F3C5
:102C0000B3F52B6A002B05DA2046F9F3ADF54FF04A
:102C100000432B62E9F7CBFF2046F9F3CBF00EA976
:102C20000822EFF3F1F202462046D4F840B00B92AE
:102C3000F9F38CF082462046F9F388F0814620466D
:102C4000F9F384F080462046F9F3EEF0074620467B
:102C5000F9F3EAF006462046F9F3E6F00546204689
:102C6000F1F334F7014620460C91F1F32FF7844637
:102C70002046CDF834C0F1F329F70B9A0C99DDF812
:102C800034C0029208F542484A4A05F5424500F52B
:102C900042400AF5424A09F5424908F5A87807F585
:102CA000424706F5424605F5A87501F542410CF587
:102CB000424C00F5A870B8FBF2F8B5FBF2F50CF544
:102CC000A87CB0FBF2F00AF5A87A09F5A87907F517
:102CD000A87706F5A87601F5A871B1FBF2F1DFF847
:102CE000F8E0BAFBF2FA02FB1899B7FBF2F702FB25
:102CF000156602FB10C2CDF804E0DFF8E0E02E4BD1
:102D0000B2FBFEF2B9FBFEF9B6FBFEF608910992A2
:102D10002A492B4A2B480093CDF80CB0CDF810A0CF
:102D2000CDF8149006970796EFF308F0264840F682
:102D30000D0144F2F432FEF785FC38B1224840F62A
:102D4000290144F2F432FEF77DFC20B91F4A204BE2
:102D50001D4D1A6000E00025204605F01BFE44F2E0
:102D600018334FF6FF72904214BF02461A4640F6DF
:102D700012011848FEF766FC1649002818BF00210A
:102D80004DB141B1124B28461B685B6898472B69CF
:102D900028465B6898472046F9F3E6F42946FEF793
:102DA0001DFE204611B0BDE8F08F00BF501400009A
:102DB0004C14000040420F007D8602003F86020056
:102DC0007E86020044860200A85C0100D45C0100FB
:102DD0008C040000945D010040390100A0860100D0
:102DE000084670472DE9F04FD1F8FC3091B00B93B5
:102DF00003F560630446099371E10E220023204627
:102E00000BA9E8F3DBF50F280746204602D1E8F3CB
:102E100073F56CE100220BA91346E8F3CFF510F02F
:102E20000E0F40F061818B4E3A0D3E4040F23B4325
:102E3000360A00F4F8789A4208924FEA181804D13A
:102E400040F6FF739E4200F04A8100F478534FEA47
:102E5000532B002B00F0438100F4F82A00F4780390
:102E6000DB0C4FEA9A3A13EB0A02079325D140F2A2
:102E700067339E4214D10CAB01930DAB02930EABA2
:102E800003930FAB049320460BA913460092E8F37B
:102E900035F5002800F023810C9BC4F858331EE15F
:102EA00040F2DC539E4208D040F20B539E4204D0C5
:102EB00040F627039E4240F01281D4F8D0503146AC
:102EC00005F1B60344F8237005F1C60344F8230066
:102ED0002046FFF785FF04EB8503C3F8D4000027E5
:102EE0000BE0012220460BA91346E8F367F500F03A
:102EF0000E00022840F0F88001374745F1D10CABB5
:102F000001930DAB02930EAB002703930FAB049319
:102F100020460BA93A463B460097E8F3EFF420B170
:102F2000B94627E04FF0010900E0814640230093B5
:102F30000CAB01930DAB02930EAB039300220FABCE
:102F4000049320460BA91346E8F3D8F40028E9D1EE
:102F5000B9F1010F0ED00D9B002B40F0C5800F9BE7
:102F6000002B40F0C1800E9AB2F5805F40F0BC802B
:102F70009946DBE70C9A04EB8503C3F814210E9AFB
:102F80000127C3F8D4210CAB01930DAB02930EAB18
:102F900003930FAB0022049320460BA93B460092FB
:102FA000E8F3ACF460B1012F0AD10E9BB3F5805F5A
:102FB00006D10C9904EB8502C2F89411C2F81432C0
:102FC00001370028DFD137464FF001082E4617E0C1
:102FD0000025002300930CAB01930DAB02930EABC5
:102FE00003930FAB049320460BA942462B46E8F30C
:102FF00085F408B10135ECE7002D75D008F1010822
:10300000D845E5D135463E4600271FE0C023009352
:103010000CAB01930DAB02930EAB03930FAB049378
:1030200020460BA93A460023E8F368F400285BD059
:103030000F9B002B58D10E9BB3F5805F54D127B95D
:103040000C9A05F1A60344F8232001375745DDD13A
:10305000002739E000FF0F00802300930CAB0193A1
:103060000DAB02930EAB03930FABBBF1010F0CBF83
:103070003A467A1C0493204600230BA9E8F33EF459
:10308000089A40F23B439A420DD140F235139E42DA
:1030900009D1D4F870330C9904EB83020133C2F8E0
:1030A0007413C4F87033F8B10F9BEBB90E9BB3F5F2
:1030B000805F19D1BAF1000F05D127B90C9A05F13B
:1030C000A60344F823200137079B9F42C4D1B9F1DE
:1030D000000F04D1D4F8D0300133C4F8D0300B9BAA
:1030E000099A9342FFF489AE0023C4F8D03011B09E
:1030F000BDE8F08F10B5D0F87023002306E0D0F8BB
:1031000070134FF44C74C1F80049013304309342FA
:10311000F5D110BD2DE9F843002704461546994620
:103120000E46B84609E0304600210422EEF3E0F5F1
:103130000137C6F80080B04676194F45F3DBC4F876
:103140000080BDE8F88370B50D460446D8B1D1B112
:103150000E68C6B1B389CBB9738A03F00303012BA0
:1031600003D1F06908B1F3F3EBF5738A201D23F066
:10317000040373823146EDF361F723890020013B9C
:103180002381286070BD6FF0010070BD6FF00F00EB
:1031900070BD2DE9F74F0C9F019116469A46DDF858
:1031A00034B0BDF838900546002857D00F9B002B4F
:1031B00054D0002952D0002A50D0BBF1000F4DD07E
:1031C0009BF80030002B49D000F104084046EDF395
:1031D00041F70446002844D0B9F1010F0BD157B98B
:1031E00006FB0AF0F3F39AF5074638B94046214644
:1031F000EDF324F735E04FF0000800E080460021B1
:1032000024222046EEF374F5019B0822A360638A12
:10321000204623F0030349EA030343F004036382D7
:103220005946EEF33DF60023B9F1010FE3710CD1DD
:10323000A4F814A0C4F81C80A66104F1200039464B
:1032400032465346FFF766FF01E0EB6863612B8966
:10325000002001332B810F9B1C6004E06FF0010004
:1032600001E06FF01A00BDE8FE8F2DE9F843074634
:103270000E461546002A2DD000282BD0002929DD26
:103280001020F3F34BF5044640B300211022EEF377
:103290002FF5E760242707FB06F966814846F3F31C
:1032A0003DF5804630B92046F3F34AF56FF01A0039
:1032B000BDE8F88300214A46EEF31AF5204640F8AF
:1032C000048B41463A463346FFF724FF2C6000202A
:1032D000BDE8F8836FF00100BDE8F8836FF01A00D5
:1032E000BDE8F88370B5064660B1046854B125891D
:1032F0005DB92068F3F324F52046F3F321F535603A
:10330000284670BD6FF0010070BD6FF00F0070BDFA
:10331000FFF719BF1FB50024019203930A46234605
:1033200000940294FFF735FF04B010BDFFF70BBF08
:1033300051B1032902D80423136003E0033121F0C3
:1033400003011160002070476FF0010070472DE904
:10335000F04186B005460C461E46DDF83080174623
:1033600012B31BB1B8F1000F03D11DE0B8F1000F8B
:103370001AD12846214605AAFFF7DAFFB0B92EB1C7
:10338000059B7B4398450FD3B3070DD10D9B284672
:103390000193012302930E9B21460393059A3B461A
:1033A0000096FFF7F6FE01E06FF0010006B0BDE801
:1033B000F08110B5044690B1C36823B1406804F1B0
:1033C0000C01FFF7A5FFA36823B1606804F10801B1
:1033D000FFF79EFF2046BDE81040F3F3B1B410BDE7
:1033E0002DE9FF41074610200D4616469846F3F397
:1033F00095F40446F8B100211022EEF379F4124A54
:1034000027606560019204F10802002302922846B9
:103410000C2132460093FFF79AFF034658B90B4A36
:103420000090019204F10C02029228460C214246BF
:10343000FFF78DFF18B12046FFF7BBFF00242046A1
:1034400004B0BDE8F08100BF9086020088860200CB
:10345000FFF7AFBF80697047008A400070470000E7
:10346000808ACB69B2FBF0F300FB1322D2B242F0A8
:1034700000421B0642EA13438B61002300E0013344
:103480008869094A002802DA9342F8D106E093429B
:1034900004D0C30005D4C0F3407070474FF6FF70EE
:1034A00070474FF6FF7070478096980010B584689B
:1034B000002364694B61302CC4BFD1F8F43003F4AD
:1034C0007E03C1F8F430BDE81040FFF7C9BF2DE915
:1034D000F041002480460F461601254640463946F5
:1034E000AA19FFF7E3FF4FF6FF73984206D0A840F2
:1034F00001350443102DA4B2F0D100E0044620466B
:10350000BDE8F081BF230B80FF2313807047013992
:1035100006291DD8DFE801F0040A1C1C101C170046
:103520002023438240238382802310E04023438270
:1035300083824FF480730AE06023438240238382B6
:103540004FF4C07303E0102343824023838203823D
:103550000020704701390A2919D8DFE801F0060870
:103560000A0C0E1810181818130040230CE06023E2
:103570000AE0802308E0A02306E0C02304E04FF423
:10358000807301E04FF4C073438220238382838AD7
:10359000428A53431B110382002070476FF01600CC
:1035A000704770B50446058A8068F8F375F4002109
:1035B0000646A068F9F320F2A2685369222B05DDC4
:1035C000C36C9B059B0D0733DB08A3851046314672
:1035D000F9F312F2A38D6D00E81A023870BD70B5D0
:1035E000044680680D461646F9F394F030B1204643
:1035F00029463246BDE87040FFF769BF06F5806690
:1036000035F8160080B270BDF8B5044680681646DD
:103610000F46F8F341F400210546A068F9F3ECF1F8
:103620003A4601462046FFF7DAFF29463080A06877
:10363000F9F3E2F10020F8BD01392DE9F84F044615
:1036400091461E460E2971D8DFE801F0081870284F
:10365000707070347070707070703B0090F82E2035
:10366000838B0AB1C58C00E0C58BED1AA369D9051F
:103670002ED53368AB4233D3A78B36E090F82E209B
:10368000038C0AB1C58C00E0458CED1AA3699A053C
:103690001ED53368AB4223D3278C26E083694FF0D5
:1036A000020513F4806F13D03368012B18D9876A91
:1036B00002371AE0878CC58C8369ED1B13F4006F09
:1036C00005E0878BC58C8369ED1B13F4407F04D123
:1036D00035606FF01D00BDE8F88F3368AB4204D24F
:1036E00035606FF00D00BDE8F88FA068F8F3D4F3F3
:1036F00000218346A068F9F37FF14FF0000882466D
:1037000009E008EB070220465146FFF768FF08F181
:10371000010829F8020BA845F3D1A0685946F9F32E
:103720006BF1C6F800800020BDE8F88F6FF0010053
:10373000BDE8F88F73B50023ADF80430ADF806305E
:10374000836804465B690D46272B05DDCB691B05A5
:103750001B0D1B11043B06E01B2B06D84FF4926295
:103760009A4002D50C2383620EE0242B01D0272B34
:1037700004D1238A7F2B05D80C2304E0172B01D01A
:10378000182B01DD1423A362EB6903F4E023B3F5E6
:10379000803F0ED04FF00443AB61002300E00133C3
:1037A000AA69002A2E4A02DA9342F8D157E09342DE
:1037B00055D02B69A26AA361033220462946FFF740
:1037C0000EFF284BA269000903401343A36103F4D1
:1037D00040730022B3F5407F84F82E2002D10123EC
:1037E00084F82E30A36A0DF106020433A383238AE2
:1037F0002046E383E38401A9FFF784FEBDF8062099
:10380000BDF80430D61AB6B216B1E3836384A2843D
:10381000A369DB050AD520462946A26AFFF7DFFE29
:10382000000980B200B1E083E38B00E0A38B238426
:10383000AEB92046FFF7B5FEA36900EBD07040108B
:103840006084980509D5A26A204629460132FFF70F
:10385000C6FE00096084A08401E0238CA3847CBDA3
:103860008096980000FFFF00F8B543690546152BC8
:1038700001D0162B3CDD2846F8F340F70646002819
:1038800036D12846F8F33CF7002833D02846F8F321
:1038900003F3314607462846F9F3AEF00646EAF749
:1038A000FDF86B690446302B04DDF16901F47041C9
:1038B000090B03E0A96901F46011C90C91B1F36926
:1038C00003F4E0231B0C012B03D12046FFF742FE3B
:1038D00003E013B92046FFF71AFE20463146FFF7F2
:1038E00029FF00E00C4628463946F9F385F002E04E
:1038F000002400E004462046F8BD08B54368DB68B4
:10390000984708BD08B543681B68984708BD73B55C
:10391000002604460196EAF7C1F84C2231460546D6
:10392000EEF3E6F16369152B2B6001D0162B02D95B
:10393000EAF7B8F868606B68D3B1AC602046F8F37A
:1039400013F7E8602046F8F3DBF6064620B9204678
:10395000012101AAF8F30AF76B6820461B69984712
:10396000054636B92046314601AAF8F3FFF600E0D5
:103970001D4628467CBD2DE9F743994600230446A1
:103980000F4690460193F8F3BBF6054620B9204652
:10399000012101AAF8F3EAF62046F8F3B1F678B16E
:1039A0002046F8F3ABF658B92046FFF7B0FF50B108
:1039B000436839465E6942464B46B047064604E0D6
:1039C0006FF0180601E04FF0FF3625B92046294672
:1039D00001AAF8F3CBF63046BDE8FE838260416071
:1039E000016070472DE9F041541A012C0F461E4624
:1039F000069D0EDD2046F3F391F1804670B1394605
:103A00002246EEF3F1F0C6F8008000202C60BDE8FD
:103A1000F081002018602860BDE8F0816FF01A0086
:103A2000BDE8F0810EB4F3B581680446012945D99B
:103A300008AB4068079A0193EEF3A8F2431C0646D0
:103A400003D0A368023B984202DD0020A06036E06C
:103A500060683D21EEF3CAF140B367682568C71B73
:103A600021E028463A46EEF3ABF0B0B9EB5D3D2BD2
:103A700013D12846EEF3E8F16268471C731CDB1B88
:103A8000521BE919D2182846EEF30EF16368DB1BCE
:103A90006360A368DF19A76008E02B4613F8012BC9
:103AA0001D46002AFAD161688D42DAD3A368701CE2
:103AB0001B1AA36063681B18636000E00020BDE868
:103AC000FC4003B0704700002DE9F04FBBB01A90E6
:103AD00019911B921893002B02F01C874FF4805011
:103AE000F3F31CF11290002802F0148737A8129902
:103AF0004FF48052FFF772FF00214FF4805212986A
:103B0000EEF3F6F0189A1168D9B10B78CBB1449A5C
:103B10001368022B03D814E0013A026000E04498D5
:103B200002688B1813F8014C1CB913F8023C002BE7
:103B3000F2D01298EEF358F04499389A0B68D318E3
:103B4000389300238DF89C304FF0FF321593139378
:103B500001231192169302F0A8BE1999012251F87F
:103B6000046B0023199117921493179949B1F25CD1
:103B70005F1C1092013AD2B2FD2A0FD8F55D9F1C4E
:103B80000DE0F15C4A1ED2B2FD2A109103D88022CA
:103B90000D46109200E0179D5F1C00E000257B1988
:103BA000B3F5607F82F27E86109B202B28D005D84B
:103BB000152B0BD01B2B42F0708664E01099222944
:103BC00035D030D3802942F0688667E0F3195A78FF
:103BD000F35D1202D318072B12DDBC1C34192246E8
:103BE000E14937A8FFF71EFF2046EEF32DF1FA1C3E
:103BF0001218DE4937A8B218FFF714FF02F04DBEC5
:103C0000F4196278F35D1202D21837A8D849FFF789
:103C100009FFE378A2781B0237A8D6499A18FFF764
:103C200001FF02F03ABEF25D149202F036BE149B20
:103C30000C2B02F02D869DF89C30002B42F02D8637
:103C4000F35D042B42F0298607F1020806EB080415
:103C50002046EEF3B9F6002842F01F8616F8083029
:103C6000DB0702F11A8627A92046EEF325F3119906
:103C7000013142F01286F3199A79DB791202D318D6
:103C8000119302F00ABEF319DA799B7937A8BA4981
:103C900043EA0222FFF7C6FE02F0FFBDF35DF4190E
:103CA0008F2B02F2FA8501A252F823F0399301001A
:103CB0006B9301005594010015990100F19A0100E0
:103CC000D598010053980100719801007B94010080
:103CD000199B01008D9B0100B59B0100C99B010050
:103CE00057BC01003B9A0100BB980100F797010007
:103CF000619C0100A19C01004B930100E19C01002B
:103D0000EF9C0100119D01001F9D01001793010010
:103D1000D992010057BC0100FD9401002D9D0100C6
:103D20001195010057BC010057BC010057BC0100B0
:103D3000439D0100879D01009B9D0100BD9E0100E8
:103D400081A0010057BC010057BC010025A2010061
:103D5000C9920100B9920100A99201009FA301003C
:103D6000B3A30100C7A30100DBA3010057BC0100FE
:103D7000E99B0100EF94010057BC010057BC010012
:103D8000ED930100A7A60100EFA301006B9D0100C8
:103D9000799D0100B5A601001DB4010057BC0100CA
:103DA00057BC010057BC010057BC01001D95010024
:103DB00047A4010071A40100B3A40100F1A4010013
:103DC0002FA501006DA50100ABA50100E9A501002B
:103DD000FDA5010057BC0100C595010057BC0100BD
:103DE00057BC010057BC0100D79701003195010075
:103DF00057BC010057BC010057BC010057BC010073
:103E000071B4010057BC01000B9801002BA7010001
:103E1000FBA7010051A901003BAA010025AB01004D
:103E20005FAB0100E7AB010035AC010043AD010021
:103E3000CDAE010079AF010025B001008FB40100C3
:103E40007B9601003B97010071B00100ADB101000C
:103E5000B9B20100C5B30100D5B40100AFB601008D
:103E6000E7B4010005B5010023B5010041B501002B
:103E700053B5010065B5010077B5010089B50100B2
:103E8000F3B50100FFB501000BB601002FBC010026
:103E900057BC010057BC010057BC010057BC0100D2
:103EA00057BC010057BC010057BC010057BC0100C2
:103EB00057BC010011A6010085A6010057BC0100F6
:103EC00057BC010001B7010069B70100EFB701005D
:103ED00075B80100A1B90100B3B90100BFB9010073
:103EE000E9B90100E1BA0100D9BB01004FEA950A26
:103EF0005FFA8AFA4FF0000801F03CB84FEA550922
:103F00005FFA89F94FF0000801F005B84FEA55094A
:103F10005FFA89F94FF0000800F0EBBF07F10108E4
:103F200006EB08042046EEF34FF5002842F0B58476
:103F300016F80830D80702F1B084204627A9EEF31E
:103F4000BBF1119B013342F0A884F3195A799B7994
:103F50001202D318119302F0A0BCA37862781B025E
:103F60009A18119202F099BCDE93020005890200B2
:103F7000378F0200748A020043920200647837A8E7
:103F8000A54922461694FFF74DFD02F086BCE37862
:103F900022791B0443EA0263627837A81343A278AC
:103FA0009E4943EA0222FFF73DFD02F076BCA2786B
:103FB00063781202D2189A4937A8FFF733FD2279A5
:103FC000E378120237A89749D218FFF72BFD062D88
:103FD00042F26384A2796379120237A89249D21817
:103FE000FFF720FD082D42F25884237AE2791B0264
:103FF00037A88E499A18FFF715FD0A2D42F24D8415
:1040000007F10A0807F1090416F80820335D1202C7
:10401000D21837A88649FFF705FD16F80830325D3B
:104020001B0237A883499A18FFF7FCFC02F035BC45
:10403000814B0622B5FBF2F21A704FF00008994648
:1040400024E0434610217D4A1DA8EDF3B7F6434610
:1040500010217B4A2FA8EDF3B1F66378A2781DA951
:1040600043EA022237A8FFF7DDFC6379A2791B043B
:1040700043EA0263E27837A8134322792FA943EA7F
:104080000222FFF7CFFC08F10108063499F800304E
:104090009845D6DB02F001BC022D06D137A869494C
:1040A0006278FFF7BFFC02F0F8BBA37862781B02CE
:1040B00037A864499A18FFF7B5FC02F0EEBBA27866
:1040C00063781202042D1A4405D92379E1781B067E
:1040D00009045B181A4337A85B49FFF7A3FC062DB8
:1040E00042F2DB83F3199A7959791202082D0A44B6
:1040F00005D9197ADB7909061B04C9180A4337A8C0
:104100005249FFF78FFC0A2D42F2C783F3199A7ABE
:10411000597A12020C2D0A4405D9197BDB7A09065B
:104120001B04C9180A4337A84949FFF77BFC02F072
:10413000B4BB37A847496278FFF774FC02F0ADBB07
:10414000A37862781B0237A83A499A18FFF76AFCED
:1041500002F0A3BB01350021EDB2179102F09DBB27
:10416000A378627837A83C4942EA0322FFF75AFC59
:1041700002F093BB94F803A023794FEA0A4A4AEA73
:10418000036A6378B5F1050B4AEA030A48BFA5F153
:10419000020BA3784FEAAB0B4AEA032A5FFA8BFBC8
:1041A0004FF0000824E043441021244A2FA8EDF3E7
:1041B00005F699F8003010214344214A1DA8EDF37B
:1041C000FDF552462FA937A8FFF72CFCE37822799A
:1041D0001B0443EA0263627837A81343A2781DA93F
:1041E00043EA0222FFF71EFC0AF1040A08F1010863
:1041F000DFF844900434D84599F80030D3DB9B4471
:1042000089F800B002F049BB0B4BEA081A704FF076
:10421000000899464DE000BF2C9402003490020043
:10422000628D02005A9402008E8A02008D8702007D
:1042300088900200FF8F020028610100003E01000B
:104240000B3E01001F930200D98D0200238A020059
:10425000348A0200298B0200AF8D020043461021F0
:10426000B14A1DA8EDF3AAF543461021AF4A2FA885
:10427000EDF3A4F5E37822791B0443EA0263627844
:104280001DA91343A27837A843EA0222FFF7CAFB0D
:10429000E379227A1B0443EA0263627937A8134365
:1042A000A2792FA943EA0222FFF7BCFB08F101081B
:1042B000083499F800309845D0DB02F0EEBA94F853
:1042C00003A023794FEA0A4A4AEA036A6378B5F100
:1042D000050B4AEA030A48BF05F1020BA3784FEA2F
:1042E000EB0B4AEA032A5FFA8BFB4FF000083BE036
:1042F000434410218C4A2FA8EDF360F599F8003063
:10430000102143448A4A1DA8EDF358F599F800306E
:1043100010214344874A33A8EDF350F552462FA9A4
:1043200037A8FFF77FFBE379227A1B0443EA026395
:10433000627933A91343A27937A843EA0222FFF72F
:1043400071FBE37A227B1B0443EA0263627A37A89B
:104350001343A27A1DA943EA0222FFF763FB0AF185
:10436000080A08F101080834DFF8CC91D84599F81B
:104370000030BDDB9B4489F800B002F08EBA6E4B72
:104380000C22B5FBF2F21A704FF0000899463EE09D
:1043900043461021644A33A8EDF310F5434610213B
:1043A000634A1DA8EDF30AF543461021614A2FA880
:1043B000EDF304F5E37822791B0443EA02636278A3
:1043C00033A91343A27837A843EA0222FFF72AFB56
:1043D000E379227A1B0443EA026362792FA913432B
:1043E000A27937A843EA0222FFF71CFBE37A227B7B
:1043F0001B0443EA0263627A37A81343A27A1DA919
:1044000043EA0222FFF70EFB08F101080C3499F889
:1044100000309845BCDB02F040BAE37822791B04F7
:1044200043EA0263627837A81343A278434943EA18
:104430000222FFF7F7FA02F030BAA378627837A8C1
:104440003F4942EA0322FFF7EDFA02F026BA4FF0A5
:104450000509B5FBF9F95FFA89F94FF0000816E094
:1044600063781021374A2FA8EDF3A8F423796279F5
:104470001B0443EA0263A27837A81343E2782FA90A
:1044800043EA0222FFF7CEFA08F101080534C845D5
:10449000E6DB02F002BA37A82B496278FFF7C2FACE
:1044A000022D42F2FA8137A82849A278FFF7BAFA1A
:1044B00002F0F3B9002237A825496378FFF7B2FA72
:1044C000022D42F22D82012237A82149A378FFF75D
:1044D000A9FA032D02F02482022237A81C49E378AE
:1044E000FFF7A0FA042D02F0D681032237A818495D
:1044F0002379FFF797FA0122139202F0CEB962787E
:1045000037A81249FFF78EFA37A811490122A3787C
:10451000FFF788FA02F0C1B937A80E496278FFF7B1
:1045200081FA02F0BAB900BF003E01000B3E010063
:10453000163E0100223E010028610100458702006D
:10454000299002002E3E01006A8A02003191020089
:104550009C8702005A8B0200AB1E0E2B02F29D813B
:1045600001A151F823F000BF6199010057BC01007F
:1045700057BC010057BC010057BC0100D99901008C
:10458000A7990100879901006F99010057BC0100AC
:1045900057BC0100D9990100A79901008799010032
:1045A0006F99010037A8A9496278FFF73BFA02F03A
:1045B00074B937A8A649627AFFF734FA0C2D8CBF7C
:1045C0004FF009084FF0000801E04FF00008F31920
:1045D00037A89E491A7AFFF725FA0C2D07D9B8F1AA
:1045E000000F08BF4FF0080801E04FF0000807F186
:1045F0000709984916F8092037A8FFF713FA00228F
:1046000037A8954916F80930FFF70CFA0C2D07D991
:10461000B8F1000F08BF4FF0070801E04FF00008A5
:104620004FF00009A27863788C491202494437A8F8
:10463000D21809F10909FFF7F5F90234B9F11B0F96
:10464000F0D10C2D42F22981B8F1000F08BF4FF0D4
:104650000608834CB844B04404F1240998F80220B9
:1046600098F801301202214637A8D2180C34FFF70F
:10467000D9F94C4508F10208F0D102F00EB9142D19
:1046800019D0172D03D0132D42F0078119E006EB46
:104690000708744998F8162037A8FFF7C3F972493C
:1046A00098F8152037A8FFF7BDF937A86F4998F893
:1046B0001420FFF7B7F9F31937A86D49DA7CFFF733
:1046C000B1F9A946A2464FF000082546AA786B78B2
:1046D00068491202414437A8D21808F10908FFF7C7
:1046E000A1F90235B8F11B0FF0D14D464FF000088B
:1046F000227AE37960491202414437A8D21808F1BE
:104700000B08FFF78FF90234B8F1210FF0D1002424
:104710009AF80E209AF80D3058491202091937A854
:10472000D2180B34FFF77EF9212C0AF1020AEFD1DF
:1047300002F0B3B8E1786278A3780091217937A8C4
:10474000019161790291A1790391E1790491217A32
:1047500005914B49FFF766F902F09FB8A9464FF063
:104760000008254615F8013FFF2B04D037A845491E
:104770004246FFF757F908F10108B8F1040FF1D1EB
:10478000B9F10C0F4D4642F2888004EB08035B78C8
:10479000FF2B04D037A83B494246FFF743F908F105
:1047A0000108B8F10C0FF0D1102D42F2768004EB25
:1047B00008035B78FF2B04D037A832494246FFF745
:1047C00031F908F10108B8F1100FF0D102F065B825
:1047D000627837A80AB1A3781BB92B49FFF722F9F1
:1047E00002E02A49FFF71EF9F31937A82849DA78B9
:1047F000FFF718F902F051B8A378627837A8254975
:1048000042EA0322FFF70EF902F047B8E378227973
:104810001B0443EA0263627837A81343A2781E4957
:1048200043EA0222FFF7FEF802F037B837A81B4927
:104830006278FFF7F7F8022D42F22F8037A8184967
:10484000A278FFF7EFF802F028B800BF368E02001A
:10485000D38E02009B9302004A890200D38B020090
:10486000B38F0200BD8D0200E6900200E7860200D1
:10487000C68B0200E98D020096900200B786020006
:10488000A6870200458A0200399202008495020040
:10489000A78C02003C8D0200CB870200A794020087
:1048A000E89402007C1C325D37A8764902F00F02C2
:1048B000FFF7B8F8325D37A81209BC1C7249FFF740
:1048C000B1F8325D37A8714902F00702FFF7AAF884
:1048D000325D37A8D2086E4902F00302FFF7A2F852
:1048E00001F0DBBF7C1C325D37A86A4902F00F0281
:1048F000FFF798F8325D37A81209BC1C6649FFF72C
:1049000091F8325D37A8654902F00702FFF78AF88F
:10491000325D37A8D208624902F00302FFF782F83D
:1049200001F0BBBF37A85F496278FFF77BF801F061
:10493000B4BF627837A85C49FFF774F8A27837A84B
:104940005A49FFF76FF837A85949E278FFF76AF834
:1049500001F0A3BF37A857496278FFF763F801F069
:104960009CBF37A854496278FFF75CF801F095BF07
:10497000A2786378120637A8504942EA0322FFF76B
:1049800051F801F08ABF627837A84D49FFF74AF81D
:10499000A27837A84B49FFF745F82379E2781B0244
:1049A00037A849499A18FFF73DF801F076BF37A8B4
:1049B00046496278FFF736F801F06FBF37A84449DF
:1049C0006278FFF72FF801F068BFA37862781B02C6
:1049D00037A840499A18FFF725F801F05EBF94F810
:1049E000028063784FEA082898441FFA88F83A4909
:1049F0004FEAD82237A8FFF715F808F4E062120A48
:104A0000364937A8FFF70EF808F0F802D208344903
:104A100037A8FFF707F808F006025208314937A80F
:104A2000FFF700F837A8304908F00102FEF7FAFF57
:104A3000042D41F232872379E4781B021C19A4B2B9
:104A4000E20A37A82949FEF7EDFF04F4E062120AF2
:104A500037A82749FEF7E6FF04F0F802D20837A886
:104A60002449FEF7DFFF04F00602520837A8224966
:104A7000FEF7D8FF37A8214904F00102FEF7D2FF64
:104A800001F00BBFF487020042880200C68E0200CC
:104A900039880200BF94020038870200558C02005A
:104AA000438E020093920200E6930200478D0200BB
:104AB000D4930200B7930200E78E0200AC8E02008E
:104AC000048E0200CC8D02000E900200438F020083
:104AD000F29402009B8C0200F5880200CC94020044
:104AE0006D870200E4880200D994020076920200E9
:104AF000888B0200E3890200F18E0200A893020075
:104B000000226378674937A8FEF78CFF4FF0000852
:104B10006549A27837A8FEF785FFCDF80080227995
:104B2000E3781202D318019302226049434637A862
:104B3000FEF778FFCDF80080A27963791202D318CE
:104B4000019302220123594937A8FEF76BFFCDF8E4
:104B50000080227AE3791202D3180222019337A847
:104B600052491346FEF75EFF1E2D41F29686627A89
:104B700037A84F49FEF756FFA27A37A84D49FEF7EE
:104B800051FFE27A37A84C49FEF74CFF227B37A849
:104B90004A49FEF747FFCDF80080A27B637B1202F3
:104BA000D31801930522434637A84049FEF73AFF40
:104BB000CDF80080227CE37B1202D31801930522FA
:104BC000012337A83949FEF72DFFCDF80080A27CDC
:104BD000637C1202D31801930522022337A83349BC
:104BE000FEF720FFCDF80080CDF80480227DE37C25
:104BF0001202D318029305226C234FF0010937A843
:104C00002F49FEF70FFFCDF80090CDF80480A27D6C
:104C1000637D1202D318029305226C234FF0020A1F
:104C200037A82749FEF7FEFECDF800A0CDF8048096
:104C3000227EE37D1202D318029305226C2337A84B
:104C40001F49FEF7EFFECDF80080CDF80480A27E6C
:104C5000637E1202D31802930522682337A81849ED
:104C6000FEF7E0FECDF80090CDF80480227FE37ED1
:104C70001202D3180293052237A868231049FEF7C1
:104C8000D1FECDF800A0CDF80480A37F627F1B0287
:104C90009B18029337A80A4905226823FEF7C2FE33
:104CA00001F0FBBD4A8902002C880200A6860200A2
:104CB000E4910200C2920200409002007B94020044
:104CC00026920200012263789C4937A8FEF7AAFECB
:104CD0004FF001089A49A27837A8FEF7A3FECDF855
:104CE00000802279E3781202D31801930222002374
:104CF000944937A8FEF796FECDF80080A279637933
:104D00001202D318019302228E49434637A8FEF7B8
:104D100089FECDF80080227AE3791202D3180222AC
:104D2000019337A887491346FEF77CFE1E2D41F2FA
:104D3000B485627A37A88449FEF774FEA27A37A850
:104D40008249FEF76FFEE27A37A88149FEF76AFED4
:104D5000227B37A87F49FEF765FECDF80080A27B55
:104D6000637B1202D31801930522002337A87549EB
:104D7000FEF758FECDF80080227CE37B1202D318A8
:104D800001930522434637A86E49FEF74BFECDF846
:104D90000080A27C637C1202D318019305220223B7
:104DA0004FF0000937A86749FEF73CFECDF80090A8
:104DB000CDF80480227DE37C1202D31802930522F1
:104DC0006C2337A86449FEF72DFECDF80080CDF89E
:104DD0000480A27D637D1202D318029305226C2306
:104DE0004FF0020A37A85C49FEF71CFECDF800A080
:104DF000CDF80480227EE37D1202D31802930522AF
:104E00006C2337A85449FEF70DFECDF80090CDF87D
:104E10000480A27E637E1202D318029305226823C7
:104E200037A84D49FEF7FEFDCDF80080CDF804808F
:104E3000227FE37E1202D3180293052237A868234B
:104E40004549FEF7EFFDCDF800A0CDF80480A37F23
:104E5000627F1B029B18029337A83F4905226823F3
:104E6000FEF7E0FD01F019BDA27863781202D218B6
:104E70003A4937A8FEF7D6FDA279637912061B04DA
:104E8000D218237937A81B02D218E3783449D218F4
:104E9000FEF7C8FD122D41F20085A27A637A120650
:104EA0001B04D218237A37A81B02D218E3792D49A4
:104EB000D218FEF7B7FDA27B637B12061B04D21843
:104EC000237B37A81B02D218E37A2749D218FEF7B2
:104ED000A9FDA27C637C12061B04D318227C37A890
:104EE00012029B18E27B21499A18FEF79BFD01F004
:104EF000D4BCA27863781202D318009302224346EE
:104F000037A81B4908F10108FEF78CFD0234C8459B
:104F1000EFDD01F0C2BCA27863781202D3180093CF
:104F20000522434637A8124908F10108FEF77AFD29
:104F30000234C845EFDD01F0B0BC00BF4A89020071
:104F4000DA8E0200A6860200F2910200CF920200E1
:104F50004B9402008A94020026920200869202007C
:104F600098860200169102008C930200028F0200C4
:104F7000138A0200CDF80080A27863781202D31859
:104F8000019305226C2337A8BB4908F10108FEF7FD
:104F900049FD0234D045EDDD4FEA55095FFA89F944
:104FA00009F1010B09F10209B944BB4406EB0904FC
:104FB0004FF00008CDF800802278C9EB040313F805
:104FC0000B301202D31801930522682337A8AA498F
:104FD00008F10108FEF726FD0234D045EADD01F0B4
:104FE0005CBCA37862781B0237A8A4499A18FEF724
:104FF00019FD01F052BCA37862781B0237A8A049C2
:105000009A18FEF70FFD01F048BCA37862781B02E6
:1050100037A89C499A18FEF705FD01F03EBCA3781D
:1050200062781B0237A898499A18FEF7FBFC01F03A
:1050300034BC2279E37812061B04D218A37837A86F
:105040001B02D21863789149D218FEF7EBFC227A42
:10505000E37912061B04D218A37937A81B02D218D1
:1050600063798B49D218FEF7DDFC227BE37A1206C6
:105070001B04D318A27A37A812029B18627A8549BA
:105080009A18FEF7CFFC01F008BCA27863781202F0
:1050900037A88149D218FEF7C5FC042D41F2FD83E3
:1050A0002379E2781B0237A87C499A18FEF7BAFCEC
:1050B00001F0F3BB2279E37812061B04D218A3781F
:1050C00037A81B02D21863787549D218FEF7AAFCDC
:1050D000062D41F2E283227AE37912061B04D318EB
:1050E000A27937A812029B1862796E499A18FEF7C6
:1050F00099FC01F0D2BBDFF8BC914FF00108A84544
:1051000081F2CB832279E37812061B04D218A378AC
:1051100049461B02D218637837A8D21808F1040850
:10512000FEF780FC0434B8F1190F09F11809E6D133
:1051300001F0B3BBDFF880914FF00108A84581F280
:10514000AC832279E37812061B04D218A37849466F
:105150001B02D218637837A8D21808F10408FEF7AA
:1051600061FC0434B8F10D0F09F11309E6D101F027
:1051700094BBDFF848914FF00108A84581F28D8378
:105180002279E37812061B04D218A37849461B0241
:10519000D218637837A8D21808F10408FEF742FC49
:1051A0000434B8F10D0F09F11409E6D101F075BB13
:1051B000DFF80C914FF00108A84581F26E83227947
:1051C000E37812061B04D218A37849461B02D218B2
:1051D000637837A8D21808F10408FEF723FC0434DA
:1051E000B8F10D0F09F11409E6D101F056BBDFF853
:1051F000D4904FF00108A84581F24F832279E378DB
:1052000012061B04D218A37849461B02D2186378F1
:1052100037A8D21808F10408FEF704FC0434B8F1EA
:105220000D0F09F11409E6D101F037BBA3786278BC
:105230001B0237A81C499A18FEF7F4FB01F02DBB9E
:10524000A37862781B0237A818499A18FEF7EAFB80
:1052500001F023BB2279E37812061B04D318A2784D
:10526000647812029B1837A8114901221B19FEF716
:10527000D9FB01F012BB00BF00920200F48F0200C4
:10528000B79002008089020059890200169102003D
:105290008C930200028F02009C920200AF920200E7
:1052A000A9910200C0910200B98E02003794020059
:1052B0003B910200998A0200628C020097880200EA
:1052C00048950200F09302002279E37812061B044D
:1052D000D318A278647812029B1837A89749022243
:1052E0001B19FEF79FFB01F0D8BA37A894496278E2
:1052F000FEF798FB01F0D1BA9249627807F10208F3
:1053000037A8FEF78FFB16F808208F49120937A837
:10531000FEF788FB16F8082037A88C4902F00F0228
:10532000FEF780FB032D41F2B882E27837A8884966
:10533000FEF778FB07F10508227937A88549FEF7C3
:1053400071FB16F8082037A892088349FEF76AFB1C
:1053500016F8082037A8814902F00302FEF762FB25
:1053600037A87F49A279FEF75DFB01F096BA94F861
:10537000028063784FEA082898441FFA88F84FEAB9
:10538000D82237A87749FEF74DFB08F48063022244
:105390009B0A37A87449FEF745FB08F40073022204
:1053A0005B0A37A87149FEF73DFB08F4F873022247
:1053B0001B0937A86E49FEF735FB08F00E030222E1
:1053C0005B0837A86B49FEF72DFB022208F00103AA
:1053D00037A86949FEF726FB2379E4781B021C19DC
:1053E000A4B2E20A37A86549FEF71CFB04F4806307
:1053F00005229B0A37A85C49FEF714FB04F40073EE
:1054000005225B0A37A85949FEF70CFB04F4F87330
:1054100005221B0937A85649FEF704FB04F00E03CA
:1054200005225B0837A85349FEF7FCFA37A8524912
:10543000052204F00103FEF7F5FA01F02EBAA27876
:1054400063781202D21837A84D49FEF7EBFA94F8A8
:1054500004E0E3784FEA0E2E0022734437A849494E
:10546000FEF7E0FA217AE27909028A1894F806E058
:1054700063790092A17A627A09024FEA0E2E8A18A5
:105480007344019237A800223F49FEF7CBFA227BF2
:10549000E37A0092627B37A80192A27B3B49029299
:1054A0000022FEF7BFFAA17C627C09028A1894F8F8
:1054B00010E0E37B0092217DE27C09028A180192D0
:1054C000A17D627D09028A180292217EE27D090295
:1054D0008A180392A17E627E09028A180492217FB3
:1054E000E27E09028A180592A17F627F09028A186A
:1054F000069294F82010E27F09028A18079294F825
:10550000221094F8212009028A18089294F8241095
:1055100094F8232009028A18099294F8262094F816
:105520002510120252184FEA0E2E0A9237A8184977
:1055300000227344FEF776FA01F0AFB93B91020006
:10554000508D0200808A0200328B0200FF89020027
:10555000D7870200958B0200099102008791020013
:10556000129202006E8D02009B910200118F0200C8
:10557000D791020099940200C1930200D8860200DC
:10558000458C02004A89020021870200A88B020094
:10559000EE8B020094F802E063784FEA0E2E0122AF
:1055A000734437A8AA49FEF73DFAA1796279090246
:1055B0008A1894F804E0E3780092217AE2790902EB
:1055C0004FEA0E2E8A187344019237A80122A1498E
:1055D000FEF728FAA27A637A0092E27A37A801925B
:1055E000227B9D4902920122FEF71CFA217CE27B7C
:1055F00009028A1894F80EE0637B0092A17C627C19
:1056000009028A180192217DE27C09028A1802921D
:10561000A17D627D09028A180392217EE27D090242
:105620008A180492A17E627E09028A180592217F5F
:10563000E27E09028A180692A17F627F09028A1817
:10564000079294F82010E27F09028A18089294F8D1
:10565000221094F8212009028A18099294F8242033
:1056600094F82310120252184FEA0E2E0A9237A80D
:105670007A4901227344FEF7D5F901F00EB994F886
:1056800002E063784FEA0E2E0222734437A8704975
:10569000FEF7C8F9A179627909028A1894F804E042
:1056A000E3780092217AE27909024FEA0E2E8A18F5
:1056B0007344019237A802226649FEF7B3F9A27A31
:1056C000637A0092E27A37A80192227B62490292C1
:1056D0000222FEF7A7F9217CE27B09028A1894F8DE
:1056E0000EE0637B0092A17C627C09028A18019221
:1056F000217DE27C09028A180292A17D627D090265
:105700008A180392217EE27D09028A180492A17E02
:10571000627E09028A180592217FE27E09028A18B8
:105720000692A17F627F09028A18079294F82010DE
:10573000E27F09028A18089294F8221094F8212036
:1057400009028A18099294F8242094F8231012026E
:1057500052184FEA0E2E0A9237A84049022273448B
:10576000FEF760F901F099B8627837A83C49FEF776
:1057700059F90122A37837A83A49FEF753F90222D2
:10578000E37837A83749FEF74DF96379227903F0BA
:1057900001031B0237A834499A18FEF743F901F0B8
:1057A0007CB8A27863781202D318009328220023D1
:1057B00037A82E49FEF736F92279E3781202D3187A
:1057C00000932822012337A82849FEF72BF9A27954
:1057D00063791202D31800932822022337A82349A1
:1057E000FEF720F9227AE3791202D31800935022AF
:1057F000002337A81D49FEF715F9A27A637A120231
:10580000D31800935022012337A81849FEF70AF94C
:10581000237BE27A1B029B18009337A8134950227E
:105820000223FEF7FFF801F038B8A278637812027D
:10583000D21837A80E49FEF7F5F82379E2781B0253
:1058400037A80C499A18FEF7EDF801F026B800BF0A
:105850004A89020021870200A88B0200EE8B020019
:10586000E5870200F48602002D930200F590020005
:10587000118802005292020094F804E0E3784FEAA3
:105880000E6E1B049E44A3786C221B029E44637818
:1058900037A873449749FEF7C5F894F808E0E37910
:1058A0004FEA0E6E1B049E44A3796C221B029E4499
:1058B000637937A873449049FEF7B4F894F80CE084
:1058C000E37A4FEA0E6E1B049E44A37A6D221B02FC
:1058D0009E44637A37A873448649FEF7A3F894F888
:1058E00010E0E37B4FEA0E6E1B049E44A37B6D2207
:1058F0001B029E44637B37A873447F49FEF792F8EE
:1059000094F814E0E37C4FEA0E6E1B049E44A37CE3
:1059100068221B029E44637C37A873447549FEF7D6
:1059200081F894F818E0E37D4FEA0E6E1B049E4464
:10593000A37D68221B029E44637D37A873446E4991
:10594000FEF770F894F81AE0637E4FEA0E2E6C2290
:10595000734437A86949FEF765F894F81CE0E37EC4
:105960004FEA0E2E6D22734437A86449FEF75AF8A9
:10597000A37F647F1B0237A8604968221B19FEF7CA
:1059800051F800F08ABF94F802E063784FEA0E2ED7
:105990007344682237A85A49FEF744F82279E3781D
:1059A0001202D318009368226C2337A85549FEF7DA
:1059B00039F8A27963791202D318009368226C2314
:1059C00037A85149FEF72EF8227AE3791202D3184C
:1059D000009368226D2337A84A49FEF723F8A27A7C
:1059E000637A1202D318009368226D2337A84649C0
:1059F000FEF718F8227BE37A1202D318682200938C
:105A000037A813463F49FEF70DF8A27B637B1202CD
:105A1000D3186822009337A813463B49FEF702F8D3
:105A200094F810E0E37B4FEA0E2E73446C2237A803
:105A30003349FDF7F7FFA27C637C1202D3186C2276
:105A4000009337A813462F49FDF7ECFF227DE37C36
:105A50001202D3186C22009337A813462A49FDF787
:105A6000E1FFA27D637D1202D31800936C2207F13F
:105A700018086D2337A82349FDF7D4FF16F808202E
:105A8000E37D1202D31800936C226D2307F11A09EB
:105A900037A81D49FDF7C6FF16F80920637E1202DC
:105AA000D31800936C22682337A81649FDF7BAFF74
:105AB000227FE37E1202D31800936C22682337A85A
:105AC0001149FDF7AFFFA37F16F808E01B0268221B
:105AD000734437A80D49FDF7A5FF94F8203016F858
:105AE00009401B0237A809496C221B19FDF79AFFD0
:105AF00000F0D3BE328C02008F950200DC920200CF
:105B0000248F0200D78F0200428B0200688B0200B4
:105B10006378002237A8AA4903F01F03FDF782FF2C
:105B2000A378012237A8A64903F01F03FDF77AFFE7
:105B3000E378022237A8A24903F01F03FDF772FFA2
:105B40006279237902F01F020092A27937A802F04D
:105B50001F020192E2799B4902F01F02029203F0B8
:105B60001F030022FDF75EFF627A237A02F01F0214
:105B70000092A27A37A802F01F020192E27A9149BC
:105B800002F01F02029203F01F030122FDF74AFFF9
:105B9000627B237B02F01F020092A27B37A802F0F7
:105BA0001F020192E27B874902F01F02029203F07A
:105BB0001F030222FDF736FF00F06FBE637800225C
:105BC00037A8814903F03F03FDF72CFFA37801229A
:105BD00037A87D4903F01F03FDF724FFE378022275
:105BE00037A8794903F01F03FDF71CFF6279237979
:105BF00002F03F020092A27937A802F03F02019220
:105C0000E279724902F03F02029203F03F03002260
:105C1000FDF708FF627A237A02F01F020092A27A4F
:105C200037A802F01F020192E27A684902F01F02CF
:105C3000029203F01F030122FDF7F4FE627B237B37
:105C400002F01F020092A27B37A802F01F0201920D
:105C5000E27B5E4902F01F02029203F01F03022260
:105C6000FDF7E0FE00F019BE0022637837A858491E
:105C7000FDF7D8FE0122A37837A85549FDF7D2FEDB
:105C80000222E37837A85249FDF7CCFE002223799F
:105C900037A85049FDF7C6FE0122637937A84D4960
:105CA000FDF7C0FE37A84B490222A379FDF7BAFEE3
:105CB00000F0F3BD94F8028063784FEA0828984416
:105CC0001FFA88F84FEAD83300930522002337A83B
:105CD0004149FDF7A7FE08F4F043DB1200930522CB
:105CE000002337A83D49FDF79DFE08F4E0631B1231
:105CF00000930522002337A83949FDF793FE08F0E9
:105D00008003DB1100930222002337A83249FDF7FC
:105D100089FE08F07803DB1000930222002337A8E5
:105D20002E49FDF77FFE08F00703009302220023AF
:105D300037A82B49FDF776FE2379E4781B021C195E
:105D4000A4B24FF000084FEAD4390522682337A8DF
:105D5000244904F4F04A4FEAEA2A8DE8000304F4E7
:105D6000E064FDF75FFE0522682337A81E49241270
:105D70008DE80005FDF756FE682337A81B4905226C
:105D8000CDF800800194FDF74DFE052237A86D2364
:105D900014498DE80003FDF745FE05226D2337A861
:105DA00011498DE80005FDF73DFE37A80F49052292
:105DB0006D23CDF800800194FDF734FE00F06DBD39
:105DC000B18C02006689020032890200C390020091
:105DD0004C8E02007D8B0200059302006594020048
:105DE0004F90020005870200528A0200118E0200C5
:105DF00094F8028063784FEA082898441FFA88F8DC
:105E00004FEAD83300930522012337A8B549FDF79F
:105E100009FE08F4F043DB1200930522012337A8A2
:105E2000B149FDF7FFFD08F4E0631B120093052262
:105E3000012337A8AD49FDF7F5FD08F08003DB111C
:105E400000930222012337A8A649FDF7EBFD08F0D5
:105E50007803DB1000930222012337A8A249FDF743
:105E6000E1FD08F0070300930222012337A89F49B0
:105E7000FDF7D8FD2379E4781B021C19A4B24FF07A
:105E800001084FEAD4390522682337A8984904F459
:105E9000F04A4FEAEA2A8DE8000304F4E064FDF7D3
:105EA000C1FD0522682337A8924924128DE8000518
:105EB000FDF7B8FD682337A88F490522CDF800808B
:105EC0000194FDF7AFFD052237A86D2388498DE8C1
:105ED0000003FDF7A7FD05226D2337A885498DE84E
:105EE0000005FDF79FFD37A8834905226D23CDF8F6
:105EF00000800194FDF796FD00F0CFBC94F802807D
:105F000063784FEA082898441FFA88F84FEAD83394
:105F100000930522022337A87249FDF783FD08F498
:105F2000F043DB1200930522022337A86E49FDF7E8
:105F300079FD08F4E0631B1200930522022337A8C1
:105F40006A49FDF76FFD08F080030222DB11009320
:105F500037A813466349FDF765FD08F07803022270
:105F6000DB10009337A813465F49FDF75BFD022263
:105F700008F00703009337A813465C49FDF752FD6C
:105F80002379E4781B021C19A4B24FF002084FEAEF
:105F9000D4390522682337A8554904F4F04A4FEA5A
:105FA000EA2A8DE8000304F4E064FDF73BFD0522D6
:105FB000682337A84F4924128DE80005FDF732FD0C
:105FC0000522682337A84C49CDF800800194FDF7DD
:105FD00029FD6D2337A8464905228DE80003FDF70A
:105FE00021FD052237A86D2342498DE80005FDF704
:105FF00019FD37A8404905226D23CDF80080019492
:10600000FDF710FD00F049BC94F802E063784FEA18
:106010000E2E2822734437A83849FDF703FD94F863
:1060200004E0E3784FEA0E2E2822734437A834495F
:10603000FDF7F8FC94F806E063794FEA0E2E502243
:10604000734437A82D49FDF7EDFC237AE4791B0250
:1060500037A82B4950221B19FDF7E4FC00F01DBCAA
:10606000A27863780092E2782521019222791DA816
:10607000029262790392A2790492E2790592227ADD
:106080000692627A0792A27A0892E27A0992227BB9
:106090000A92627B0B92A27B0C92E27B0D92227C95
:1060A0000E92184AEBF38AF637A817491DAAFDF796
:1060B000B9FCF2E37C1C325D37A8144902F07F0280
:1060C000FDF7B0FC325D37A81149D209FDF7AAFCF3
:1060D000E3E3A378627837A80E4942EA0322FDF78A
:1060E000A1FCDAE305930200659402004F900200E0
:1060F00005870200528A0200118E02004C910200B4
:10610000148902003A3E010068910200B294020034
:106110006692020070910200A378627837A89449D1
:1061200042EA0322FDF77EFCB7E3E37822791B0401
:1061300043EA0263627837A81343A2788D4943EAA1
:106140000222FDF76FFCA8E3E37822791B0443EAFF
:106150000263627837A81343A278874943EA022290
:10616000FDF760FC99E3E37822791B0443EA0263BC
:10617000627837A81343A278804943EA0222FDF7E8
:1061800051FC8AE3A378627837A87D4942EA03226A
:10619000FDF748FC81E3A378627837A8794942EAA1
:1061A0000322FDF73FFC78E3A378627837A87649AD
:1061B00042EA0322FDF736FC6FE3A378627837A842
:1061C000724942EA0322FDF72DFC66E394F8019040
:1061D0005FEA990900F061834FF00008A179E27944
:1061E000090294F803E041EA0241627923790A4303
:1061F0004FEA0E2E4EEA034EA3780092617AA27AFD
:10620000090241EA0241227A37A80A430192217B1E
:10621000627B090241EA0241E27A4EEA03030A4341
:1062200002925B49424608F10108FDF7FBFB0C3482
:10623000C845D3DB31E337A856496278FDF7F2FB56
:106240002BE337A854496278FDF7ECFB25E3227A6B
:10625000E17923791143A27994F803E0114362793B
:106260004EEA030EA3780A434EEA030E63780092C7
:10627000227BE17A4EEA03031143A27A37A8114345
:10628000627A0A430192227CE17B1143A27B114393
:10629000627B0A43029241490022FDF7C3FB227E42
:1062A000E17D237D1143A27D94F813E01143627DCB
:1062B0004EEA030EA37C0A434EEA030E637C00926F
:1062C000227FE17E37A81143A27E4EEA03031143E9
:1062D000627E0A43019294F82020E17F1143A27F5D
:1062E0000A43617F0A4302922C490122FDF79AFB7F
:1062F000D3E2A37864781B021C19A4B204F00F0344
:1063000000932822002337A82549FDF78BFB04F0D2
:10631000F0031B1100932822012337A82049FDF721
:1063200081FB04F470631B1200932822022337A818
:106330001B49FDF777FB37A81A492822E30BFDF725
:1063400071FBAAE22179E27809028A1894F802E046
:1063500063780092A2796179120252184FEA0E2EE8
:10636000019237A8104900227344FDF75BFB94E2C9
:10637000D38802003F930200579302006F930200FC
:10638000588E02006D8E0200828E0200978E0200EF
:106390006890020024910200D4890200798D0200E5
:1063A000998D0200ED920200538702002179E27874
:1063B00009028A1894F802E063780092A179627960
:1063C00009028A180192217AE27909028A18029256
:1063D000A17A627A09028A180392217BE27A090281
:1063E0008A180492A17B627B09028A180592217C9B
:1063F000E27B09028A180692A17C627C09028A1853
:106400000792217DE27C09028A180892A17D627DB3
:1064100009028A180992227EE17D120252184FEA7F
:106420000E2E0A9237A87B4900227344FDF7FAFA30
:1064300033E22179E27809028A1894F802E063785D
:106440000092A179627909028A180192217AE2798F
:1064500009028A180292A17A627A09028A180392C2
:10646000217BE27A09028A180492A17B627B0902ED
:106470008A180592217CE27B09028A180692A17C87
:10648000627C09028A180792217DE27C09028A183F
:106490000892A17D627D09028A180992227EE17D1F
:1064A000120252184FEA0E2E0A9237A85A490022B9
:1064B0007344FDF7B7FAF0E12179E27809028A180E
:1064C00094F802E063780092A179627909028A184F
:1064D0000192217AE27909028A180292A17A627AFB
:1064E00009028A180392217BE27A09028A1804922F
:1064F000A17B627B09028A180592217CE27B09025A
:106500008A180692A17C627C09028A180792217D72
:10651000E27C09028A180892A17D627D09028A182C
:106520000992217EE27D09024FEA0E2E8A180A9214
:106530007344002237A83949FDF774FA217FE27EBF
:1065400009028A1894F81AE0637E0092A17F627FA4
:1065500009028A18019294F82010E27F09028A1831
:10656000029294F8221094F8212009028A180392CA
:1065700094F8241094F8232009028A18049294F8BD
:10658000261094F8252009028A18059294F82810FC
:1065900094F8272009028A18069294F82A1094F891
:1065A000292009028A18079294F82C1094F82B20BD
:1065B00009028A18089294F82E1094F82D200902E6
:1065C0008A18099294F8302094F82F101202521869
:1065D0004FEA0E2E0A9237A8104901227344FDF7A4
:1065E00021FA5AE1A37862781B0237A80C499A185D
:1065F000FDF718FA51E137A80A496278FDF712FA57
:106600004BE1A378627837A8074942EA0322FDF7F5
:1066100009FA42E14F8802008C890200FE940200D0
:10662000458C0200018802007E870200E27823790F
:10663000120442EA03626378217A1A43E379207BE9
:106640001B0443EA0163617994F802C00B43E17AC9
:1066500094F806E0090441EA0061607A42EA0C22FB
:106660000143A07A43EA0E2341EA00210091E17B35
:10667000207C090441EA0061607B0143A07B41EA80
:1066800000210191E17C207D090441EA0061607CE8
:106690000143A07C41EA00210291E17D207E0904B2
:1066A00041EA0061607D0143A07D41EA0021039140
:1066B000E17E207F090441EA0061607E0143A07E03
:1066C00041EA00210491E17F94F82000090441EAA5
:1066D0000061607F0143A07F41EA0021059194F8A9
:1066E000231094F82400090441EA006194F8210081
:1066F000014394F8220041EA0021069194F8270012
:1067000094F82810000440EA016094F82510014331
:1067100094F8260041EA0021079137A88249FDF745
:1067200081F9BAE0E2782379120442EA03626378DD
:10673000217A1A43E379207B1B0443EA01636179E0
:1067400094F802C00B43E17A94F806E0090441EAA8
:106750000061607A42EA0C220143A07A43EA0E23E8
:1067600041EA00210091E17B207C090441EA0061BB
:10677000607B0143A07B41EA00210191E17C207D07
:10678000090441EA0061607C0143A07C41EA0021E8
:106790000291E17D207E090441EA0061607D0143B0
:1067A000A07D41EA00210391E17E207F090441EAB6
:1067B0000061607E0143A07E41EA00210491E17FF7
:1067C00094F82000090441EA0061607F0143A07F42
:1067D00041EA0021059194F8231094F8240009045B
:1067E00041EA006194F82100014394F8220041EA53
:1067F0000021069194F8270094F82810000440EA3C
:10680000016094F82510014394F8260041EA002124
:10681000079137A84549FDF705F93EE00B2D3CD11E
:10682000A37862781B02D21837A84149FDF7FAF81D
:106830002379E2781B02D21837A83E49FDF7F2F817
:10684000A37962791B02D21837A83B49FDF7EAF811
:10685000237AE2791B02D21837A83849FDF7E2F80B
:10686000A27A637A120237A835499A18FDF7DAF846
:1068700013E0E37822791B0443EA0263627837A8C5
:106880001343A2782F4943EA0222FDF7CBF804E034
:106890000022149201E00123139310997B19FF2920
:1068A0007DF463A9159A01321592159B1B998B42B1
:1068B0007DF453A9119A511C03D037A82249FDF742
:1068C000B1F89DF89C3023B137A8204927AAFDF7DD
:1068D000A9F8169B0A2B0CD800201D49ECF3A4F054
:1068E00038B9139929B937A81A49139AFF23FDF724
:1068F00099F8389A002302F8013B449B1A980093B8
:106900001299189B3892FDF76DF804461298F0F32F
:1069100017F201E06FF0010420463BB0BDE8F08FB4
:1069200001211391B9E700BFC28C0200FF8C020065
:106930004F8F0200638F0200778F02008B8F02005F
:106940009F8F02002C8E02001D900200F48902002D
:10695000468902009C8702002DE9F04F8DB0059218
:1069600005468A4606A80021142298460B91EBF3AF
:10697000BFF1594B1C78002C40F0A3806B69232B8E
:106980000CDD1C222846214623460094F5F388F2AC
:10699000002806DA01260227B14605E00427012671
:1069A00001E00C270326A1462846F5F30BF2012847
:1069B000834602D0022813D105E028465146EBF366
:1069C000CBF040000BE02846FCF7A1FF044638B1AD
:1069D000FCF793FFC20503D52046FCF793FF0B900D
:1069E0000B9800284ED0F0F399F1044600286ED0A1
:1069F000BBF1010F03D0BBF1020F1BD10BE00B9BCE
:106A0000002101930290059A284653460091039174
:106A1000EBF3A0F00CE00B9A0CAB520843F8042DFA
:106A2000284601212246FCF7A6FF0B9B5B000B9337
:106A3000002840D122884FF6FD73013A92B29A4263
:106A400003D92046F0F37CF11CE0B9F1000F03D02C
:106A500004EB4707069719E0E31962880693A388B9
:106A6000A7F5805707EB12221B0602EB1343E3182E
:106A70000793E388DB19E31808932389DF19E719E3
:106A8000099703E0154B002406930126169A5046F9
:106A9000009206A932464346FDF716F850B9169BF8
:106AA00028461A68D8F8001001F038FDD8F8002000
:106AB0000B4B1A6014B12046F0F342F1064A012351
:106AC0001370169B0020C8F80000186001E06FF0FA
:106AD0001A000DB0BDE8F08F29610100608B020043
:106AE0008893020030B51946039B049C43B14CB116
:106AF00000251D6025600394BDE83040FFF72CBFE2
:106B0000184630BD204630BD014B00221A70704738
:106B100029610100F8B50C4F06463C688CB101258F
:106B20000BE0284600212C46E6F7C6FF20B1284698
:106B30003146E6F7BBFF04E001353B689D42F0D9E2
:106B400000242046F8BD00BF2C61010010B58478F8
:106B500001462046E6F7B0FF28B120460021E6F7BF
:106B6000A5FF002010BD4FF0FF3010BD70B50C4EDA
:106B70000D46306880B90B49E6F798FF012404E020
:106B800020460021E6F792FF013433689C42F7D992
:106B9000034B28461D6070BD4FF0FF3070BD00BF35
:106BA0002C610100ADDEADDE064B1A68194632B12C
:106BB000012300E001339342FCD900230B60002045
:106BC000704700BF2C6101002DE9F0470C461668A4
:106BD0008246154608468422002198469DF8247076
:106BE000EBF386F02046FFF795FFC0B2002832D0C5
:106BF000012323709DF82030A070003318BF0123BB
:106C0000E3703C233C2EB4BFB1464FF03C09A4F8DE
:106C10000E806770A381002615E0504641463A4633
:106C2000F0F390F030B96368002B0CBF6FF01A00DE
:106C300000200BE0A3780136C370636843612389A9
:106C40006060013323814E45E7DB002023896381A7
:106C50002B60BDE8F0874FF0FF30BDE8F087F8B556
:106C600006460C4600250BE07B6930466360002336
:106C70007B61FB703946E278F0F386F00135ADB206
:106C80006768002FF0D1238920465B1B238163892D
:106C90005D1B6581FFF75AFFA77027703846F8BD66
:106CA00010B5C37C032B08D09C1D00EBC40401333A
:106CB0006160A260C374002010BD4FF0FF3010BDB2
:106CC0002DE9F84311F01F0618BF012606EB5117F6
:106CD00007F107094FEA890948460D4601F01F08E8
:106CE000F0F31CF0044600283BD000214A46BFB216
:106CF000EAF3FEF76780A580E580A460214622467E
:106D0000002303E04FF0FF30906101330432BB42B7
:106D1000F8D356B14FF0FF3202FA08F87B1D04EBAE
:106D200083035A6882EA08025A6017F01F0318BFEB
:106D3000012307F01F0003EB57172780002203E011
:106D40004FF0FF358D6001320431BA42F8D343B1C0
:106D50004FF0FF338340013704EB87077A685340D5
:106D60007B602046BDE8F8830846EFF3E9B7436B44
:106D700023B14FF47F629A60436B05E0836B4BB1A4
:106D80004FF47F629A60836B9868D0F1010038BF3E
:106D900000207047012070470346002001E00130C9
:106DA000C0B25B08FBD170470B6843F440330B6003
:106DB00008680B6800F4403023F440330B60A0F502
:106DC0004031484240EB0100704708B5416B09B9BA
:106DD000816B21B1806AFFF7E7FF012008BD0846FB
:106DE00008BD2DE9F047DDF820801F88099D104679
:106DF000894614461E46394642462B46EFF38EF42A
:106E00008246E8B1012313FA07F72B68013BDB192F
:106E1000B3FBF7F35F43631EDB195F4017EA090F0B
:106E20000ED02046FFF7B8FF30805046EFF380F4D5
:106E30003188204642462B46BDE8F047EFF36EB45A
:106E40005046BDE8F08770B5002301290CBFB0F8AB
:106E50004620B0F86C2086B00493B0F8443012019C
:106E600001290446ADF816300D46806A41F6FF73DD
:106E700029D104AED4F8C410009604F15C06019642
:106E8000994214BF4FF480314FF4005104F1500681
:106E90000DF116030296FFF7A4FF002840D0BDF8BD
:106EA0001630E26D15FA03F3511EC918B1FBF3F168
:106EB0004B43A3659B1A9BB2C018A4F86030049B97
:106EC000E06363662BE004ADD4F8CC10009504F1C8
:106ED00084050195994214BF4FF480314FF400515D
:106EE00004F178050DF116030295FFF77AFFB8B1AA
:106EF000BDF81630012515FA03F3D4F88420511E8D
:106F0000C918B1FBF3F14B43C4F880309B1A9BB214
:106F1000C018A4F88830049B2064C4F88C3028463C
:106F200006B070BDFFF78FBF2DE9F74F8DE8030066
:106F30000EAEE02014469A460D9F96E8400ADDF812
:106F40004C80EFF3EBF60546002800F07981002134
:106F5000E022EAF3CDF69A4B0021B8F1000F08BF0A
:106F600098460A46C5F81C802046F4F38BF70C9B24
:106F7000C0F30030AB63934B03212B60002285F8F4
:106F80003000C5F834A02846EDF3F8F5082205F1E5
:106F900020000199EAF384F7002385F82730009B4D
:106FA000EC62AB62BBF1FF3F14BF5B46CC23B9F18F
:106FB000CC0F88BFC3EB0909C5F89830BDF8443041
:106FC000A5F84670C5F89C309DF84830A5F86C606F
:106FD000C5F8A0300C9BA5F89490002B45D0AA6B67
:106FE0001368D80704D523F001031360AA6B13605C
:106FF000AB6B4FF0FF329A602046F4F345F740F652
:107000003C03984212D1E86AF4F34EF7052809D000
:10701000E86AF4F349F7082804D0E86AF4F344F77F
:107020000C2803D1AB6B4FF0FF329A60AB6B9A68C0
:107030001205120D1AB15A6842F00F0201E041F632
:10704000FF72C5F8CC201A6802F4E012920C85F8A1
:10705000B5201A6802F46002520D85F8BA201B6848
:1070600003F040731B0E85F8BB30BAF1000F4DD012
:107070006A6B1368D90704D523F0010313606A6BA8
:1070800013606B6B4FF0FF329A60E86AF4F3FCF622
:1070900040F63C03984212D1E86AF4F305F705285C
:1070A00009D0E86AF4F300F7082804D0E86AF4F39A
:1070B000FBF60C2803D16B6B4FF0FF329A606B6BC1
:1070C0009A681205120D1AB15A6842F00F0201E0D7
:1070D00041F6FF72C5F8C420C5F8C8201A6802F44A
:1070E000E012920C85F8B6201A6802F4E072920958
:1070F00085F8B7201A6802F46002520D85F8B820AE
:107100001B6803F040731B0E85F8B93062680023DA
:10711000012AC5F8A430C5F8AC3018D1A268B2F580
:10712000026F03D040F63C018A4202D14FF0004387
:1071300003E04FF08042C5F8A420C5F8A830D5F888
:10714000A430C5F8AC30D5F8A830C5F8B03020462A
:10715000F4F39AF640F62903984208D12046F4F356
:10716000A3F620B12046F4F39FF602280FD920465B
:10717000F4F38AF640F6340398420CD12046F4F337
:1071800093F620B12046F4F38FF6012803D10023B3
:1071900085F8313004E02846FFF717FE85F8310006
:1071A0002846FFF7E4FD85F8B40068B10D23FF2FF2
:1071B000A5F844300CD8FF2E09D80C2305E000BFF9
:1071C000906101008C5001000423A5F844304FB1B8
:1071D000BC002046EFF3A2F5E86468B30021224624
:1071E000EAF386F54EB1B4002046EFF397F56867F1
:1071F00010B300212246EAF37BF527B1284601218E
:10720000FFF790FEC0B126B128460221FFF78AFEA3
:1072100090B1D5F8A4305BB195F8313043B9AB6D7E
:10722000B3F1804F08D8D5F88030B3F1804F03D840
:10723000012385F8DD3003E02846EDF3F9F400255D
:107240002846BDE8FE8F00BF10B50446F5F38CF26A
:10725000002120460A46F4F315F6C30407D520465C
:1072600001F0DBFA00280CBF2020402010BD2020B8
:1072700010BD2DE9F0470446266A09A9042E666A66
:107280009DF82000CCBF06F4781606F4F01691E8BD
:107290002202760C4FF000084BE031F828A01FFACC
:1072A00083FCE24501EB880703D197F802C08445CF
:1072B00004D008F101085FFA88F83AE0002A35D0D6
:1072C00006FB08F800252EE063692046222B0ADD24
:1072D000E3695A0607D540F627010022F4F342F786
:1072E0000146204600E000214FF4CC62F4F3DAF5C9
:1072F000056063692046222B0ADDE3695B0607D53A
:1073000040F627010022F4F32DF70146204600E065
:10731000002140F26462F4F3C5F509EB880353F8E9
:10732000253001350360EBB2B342CDD3F878BDE828
:10733000F087A845B1D30020BDE8F0872DE9F843D8
:1073400004461E46002B00F0B480436A02EB06158B
:1073500003F4F8594FEA192955F8043C013E0BB9DA
:1073600000279FE020469847002800F09E80F7E71E
:107370000122BA4055F8103C1A4200F0928063692D
:107380002046222B0ADDE3695A0607D540F627017D
:107390000022F4F3E7F60146204600E000214FF416
:1073A000C462F4F37FF5076015F90C2C22B1012AB1
:1073B00019D0013275D144E063692046222B09DDE2
:1073C000E3695B0606D540F62701F4F3CBF60146E8
:1073D000204600E0002140F22462F4F363F555F802
:1073E000083C03605DE063692046222B0ADDE36907
:1073F000590607D540F627010022F4F3B3F60146FB
:10740000204600E0002140F22462F4F34BF563696A
:107410008046222B20460ADDE3695A0607D540F64E
:1074200027010022F4F39EF60146204600E00021E9
:1074300040F22462F4F336F555F8083C0268134331
:107440002DE063692046222B0ADDE3695B0607D540
:1074500040F627010022F4F385F60146204600E0BD
:10746000002140F22462F4F31DF563698046222B6B
:1074700020460ADDE369590607D540F627010022B8
:10748000F4F370F60146204600E0002140F2246249
:10749000F4F308F555F8082C036823EA0203C8F84A
:1074A000003001374F457FF463AF103D002E7FF46D
:1074B00053AFBDE8F883000070B59D490446002035
:1074C000EBF38EF2002800F0318100209849EBF3B5
:1074D00087F2974905460020EBF382F2944906466D
:1074E0000020EBF37DF215F0006500F0AC804FF466
:1074F0000012002113462046E6F741FD0222062134
:1075000013462046F4F344F663692046222B0ADD35
:10751000E3695A0607D540F627010022F4F322F664
:107520000146204600E000214FF4C162F4F3BAF4B2
:107530000668002506F480761BE04FF47A70EFF3BE
:10754000DBF063692046222B0ADDE3695B0607D581
:1075500040F627013246F4F305F60146204600E0E6
:1075600000214FF4C162F4F39DF40668013506F47E
:1075700080761EB9B5F57A7FDFD170BDB5F57A7F1B
:1075800000F0D4804FF47A70EFF3B6F008220621B1
:1075900013462046F4F3FCF500230621042220467E
:1075A000F4F3F6F54FF47A70EFF3A6F06369204632
:1075B000222B0ADDE369590607D540F62701002290
:1075C000F4F3D0F50146204600E000214FF4C062FC
:1075D000F4F368F40568002605F001051BE04FF49C
:1075E0007A70EFF389F063692046222B0ADDE369A4
:1075F0005A0607D540F627010022F4F3B3F50146F9
:10760000204600E000214FF4C062F4F34BF405681B
:10761000013605F001051DB1B6F57A7FDFD102E034
:10762000B6F57A7F03D120460621082279E0294663
:107630004FF480122B462046E6F7A1FC2046062197
:1076400001222B466EE0730170D54FF48012134671
:1076500029462046E6F793FC0122062113462046E0
:10766000F4F396F54FF47A70EFF346F00422062116
:1076700013462046F4F38CF5062108222B462046BB
:10768000F4F386F54FF47A70EFF336F06369204631
:10769000222B0ADDE3695E0607D540F627012A465C
:1076A000F4F360F50146204600E000214FF4C0628B
:1076B000F4F3F8F30668002506F001061BE04FF42A
:1076C0007A70EFF319F063692046222B0ADDE36933
:1076D000590607D540F627013246F4F343F5014633
:1076E000204600E000214FF4C062F4F3DBF30668AB
:1076F000013506F001061EB9B5F57A7FDFD102E04B
:10770000B5F57A7F03D120460621042209E0002145
:107710004FF400120B462046E6F731FC20460621C6
:1077200002220023BDE87040F4F332B570BD00BF03
:107730006853010046F29053994210B5044609D0AF
:1077400049F21823994207D0B1F5964F0CBF1F2379
:10775000002302E02A2300E03C230521FF222046EB
:10776000E6F779FC4FF40002062113462046E6F7BF
:107770003CFC1E20EEF3C0F7204606214FF4000229
:107780000023BDE81040E6F730BC0000F0B5036A06
:10779000466A042BCCBF06F4781606F4F01685B0C2
:1077A0000446760C00253BE0102168461F4A2B4614
:1077B000EAF304F300206946EBF336F100282ED0FB
:1077C00000210A46EAF3CCF663690746222B2046DD
:1077D0000ADDE369590607D540F627010022F4F3D4
:1077E000C1F40146204600E000214FF4CC62F4F3DE
:1077F00059F3056063692046222B0ADDE3695A06C6
:1078000007D540F627010022F4F3ACF401462046E8
:1078100000E0002140F26462F4F344F307600135B4
:10782000EBB2B342C0D305B0F0BD00BFD5950200A6
:10783000F0B5036A85B0042B0446466A03DD06F002
:10784000F866B60D02E006F0F076760D00253BE016
:10785000102168461F4A2B46EAF3B0F20020694621
:10786000EBF3E2F000282ED000210A46EAF378F686
:1078700063690746222B20460ADDE3695A0607D5CD
:1078800040F627010022F4F36DF40146204600E0A3
:1078900000214FF4CB62F4F305F3056063692046E1
:1078A000222B0ADDE3695B0607D540F6270100229B
:1078B000F4F358F40146204600E0002140F25C62F7
:1078C000F4F3F0F207600135EBB2B342C0D305B078
:1078D000F0BD00BF0C990200F0B5036A85B0042B1F
:1078E0000446466A01DDF60E02E006F0F056760E1A
:1078F00000253BE0102168461E4A2B46EAF35EF263
:1079000000206946EBF390F000282ED000210A46B3
:10791000EAF326F663690746222B20460ADDE3696F
:107920005B0607D540F627010022F4F31BF401465D
:10793000204600E000214FF4CA62F4F3B3F2056080
:1079400063692046222B0ADDE369590607D540F614
:1079500027010022F4F306F40146204600E000214E
:1079600040F25462F4F39EF207600135B542C1D192
:1079700005B0F0BD1B99020000487047C0AD3A0247
:107980002DE9F04304460F4685B000209049154686
:107990001E46EBF325F060B92046394615B1FFF7D6
:1079A000EBFF07E0FFF7E8FF4FF47A75B0FBF5F562
:1079B00000E0054600208749EBF312F000F00F00CD
:1079C000012808D0022809D0834B844A032814BF19
:1079D0009146994604E0DFF8149201E0DFF8109236
:1079E00029462046FFF7A6FE2046F4F355F2002173
:1079F00080462046F5F300F0794B0246002E4BD12D
:107A00000193032302933946204632462B460096C3
:107A1000CDF80C90FFF72DFC0746002837D063699E
:107A20002046222B0ADDE3695B0607D540F62701D5
:107A30003246F4F397F30146204600E000214FF46C
:107A4000C062F4F32FF20268BF004FF68373134055
:107A500007F07C0205F17F07FF09013F42EA074773
:107A60001F4363692046222B0ADDE369590607D5C7
:107A700040F627010022F4F375F30146204600E0AA
:107A800000214FF4C062F4F30DF2076096E029463E
:107A90005448EAF353F192E000218DE80A000323F1
:107AA0000293204639462B46CDF80C90FFF7E1FBB8
:107AB000002D00F083802046E6F774F8064606E0C5
:107AC000AB4203D16369222B07DC12E00C36002E97
:107AD00074D03388002BF3D170E0E3695A0608D5DF
:107AE00040F6270120460022F4F33CF301462046ED
:107AF00001E0204600214FF4C062F4F3D3F10268A4
:107B0000B37802F07C02B3EB920F57D03579F3785B
:107B10002D061B0505F0706503F4700300214FF07E
:107B20007F622B432046E6F796FA737902211B0504
:107B30002D4A43F400332046E6F78DFAB3686FF020
:107B40007F42032113402046E6F785FA6369204609
:107B5000222B0ADDE3695B0607D540F627010022E8
:107B6000F4F300F30146204600E000214FF4C06228
:107B7000F4F398F102684FF6837335881340B278B6
:107B80007F35ED119200013D02F07C0242EA05458D
:107B90001D4363692046222B0ADDE3695E0607D593
:107BA00040F627010022F4F3DDF20146204600E012
:107BB00000214FF4C062F4F375F105600126204600
:107BC0004146F4F319F7304605B0BDE8F08300BF35
:107BD000EC950200745301008C5101000C5201001D
:107BE00006970200A39502000000FE1F80530100CB
:107BF000F85301002DE9F04399468BB00023079319
:107C000008930993036A476A042BCCBF07F47817DB
:107C100007F4F01704460D4690467F0C00260CE052
:107C2000102103A8334A3346EAF3C8F0002003A921
:107C3000EAF3FAF620B90136F6B2BE42F0D34EE0CE
:107C400008AB009309AB019320462946424607AB97
:107C5000E6F7C0FB012329464A462046FFF790FE7F
:107C600020462946FFF792FD236A012B2CDD63692C
:107C70002046222B0ADDE3695E0607D540F6270180
:107C80000022F4F36FF20146204600E000214FF499
:107C9000C062F4F307F163690646222B20460ADD31
:107CA000E369590607D540F627010022F4F35AF29A
:107CB0000146204600E000214FF4C062F4F3F2F0E8
:107CC000036843F480633360089B20460093099B5C
:107CD000294601934246079BE6F7D4F807E0204681
:107CE00029464A460023FFF74BFE0028A8D10BB0D7
:107CF000BDE8F083D59502002DE9F04F002587B04F
:107D000004460E4604950595F4F3C6F029468346CD
:107D10002046F4F371F6A14982462846EAF384F638
:107D200048B1012384F8603329462A46EAF318F45F
:107D3000C4F85C0301E084F8600300209849EAF38A
:107D400073F648B10123002184F868330A46EAF348
:107D500007F4C4F8640301E084F868032046F3F3F1
:107D6000F5F7904B676A98428F4B94BF20252125E9
:107D7000A3F1080898BF984607F4F8573F0A08EBA4
:107D8000C50863692046222B0ADDE3695A0607D538
:107D900040F627010022F4F3E5F10146204600E019
:107DA00000214FF4C462F4F37DF018F8083C013D63
:107DB000036063692046222B0ADDE3695B0607D571
:107DC00040F627010022F4F3CDF10146204600E001
:107DD00000214FF4C562F4F365F058F8043CA8F1B3
:107DE00008080360002DCCD147E0082102A86F4AA3
:107DF0002B46E9F3E3F7002002A9EAF315F6002881
:107E00003AD000210A46EAF3ABF3236A80460C2BF2
:107E100007DDB0F5803F04D2C3B24FEA102843EA31
:107E2000084863692046222B0ADDE369590607D515
:107E300040F627010022F4F395F10146204600E0C8
:107E400000214FF4C462F4F32DF00560636920460D
:107E5000222B0ADDE3695A0607D540F627010022E6
:107E6000F4F380F10146204600E000214FF4C562A2
:107E7000F4F318F0C0F800800135BD42B5D12046BA
:107E800031464B4A1F23FFF759FA00253EE00821EF
:107E9000484A2B4602A8E9F391F7002002A9EAF329
:107EA000C3F58146002830D063692046222B0ADDC5
:107EB000E3695B0607D540F627010022F4F352F18F
:107EC0000146204600E000214FF4C462F3F3EAF7D4
:107ED000056063692046222B0ADDE369590607D550
:107EE00040F627010022F4F33DF10146204600E070
:107EF000002140F22462F3F3D5F7002180460A46C0
:107F00004846EAF32DF3C8F800000135BD42BED162
:107F1000204604A905AAE5F70FFF049F52463B46F9
:107F20003146002520460095E5F752FE384304907F
:107F30002046F4F347F4059A049B002A3CD01A43E8
:107F400063690592222B20460ADDE3695A0607D5AC
:107F500040F627012A46F4F305F10146204600E0E9
:107F6000002140F21C62F3F39DF763690546222B62
:107F700020460ADDE3695B0607D540F627010022AB
:107F8000F4F3F0F00146204600E0002140F21C62CC
:107F9000F3F388F7059B02683AE000BFC59502003D
:107FA00000970200BFAD3A0200960200E79502007A
:107FB0001C970200E2950200002B2BD0636920463B
:107FC000222B09DDE369590606D540F62701F4F3B3
:107FD000C9F00146204600E0002140F21C62F3F3A4
:107FE00061F763690546222B20460ADDE3695A06DC
:107FF00007D540F627010022F4F3B4F001462046ED
:1080000000E0002140F21C62F3F34CF7049B02688D
:1080100013432B60049BABB163692046222B0ADD1E
:10802000E3695B0607D540F627010022F4F39AF0D6
:108030000146204600E000214FF4C362F3F332F71B
:10804000049B0360059BABB163692046222B0ADDCC
:10805000E369590607D540F627010022F4F382F0C0
:108060000146204600E0002140F21C62F3F31AF7BB
:10807000059B0360314652462046E6F77EF94FF4F1
:10808000FA60EEF339F320465946F4F3B5F407B03D
:10809000BDE8F08FF8B5044615460E46F3F3FCF63E
:1080A000002107462046F4F3A7F4314602462B464A
:1080B0002046FFF79FFD204631462A46E5F7D8FDCA
:1080C00020463946BDE8F840F4F396B438B5036A63
:1080D0000446012B2DD14369222B0ADDC3695A06C0
:1080E00007D540F627010022F4F33CF00146204674
:1080F00001E0204600214FF4C062F3F3D3F6636938
:108100000546222B20460ADDE3695B0607D540F6CB
:1081100027010022F4F326F00146204600E000216A
:108120004FF4C062F3F3BEF6036823F400732B60D0
:1081300038BD2CDD4369222B0ADDC369590607D5FA
:1081400040F627010022F4F30DF00146204601E03D
:10815000204600214FF4C062F3F3A4F6636905469C
:10816000222B20460ADDE3695A0607D540F627018F
:108170000022F3F3F7F70146204600E000214FF418
:10818000C062F3F38FF6036843F400732B6038BDCD
:1081900070470120704738B505460C46FFF79CFB39
:1081A000284621460022FFF7F3FF28462146BDE876
:1081B0003840FFF781B9000038B504460D4600206D
:1081C0003149EAF331F440B100210A46EAF3C8F13B
:1081D0002946C3B20122204603E020462946012257
:1081E0000523E5F78BFF00202849EAF31DF448B189
:1081F00000210A46EAF3B4F12946C3B20922204617
:10820000E5F77CFF00202249EAF30EF448B1002193
:108210000A46EAF3A5F12946C3B205222046E5F74E
:108220006DFF00201B49EAF3FFF348B100210A4625
:10823000EAF396F12946C3B206222046E5F75EFF2F
:10824000002120464FF478624FF43863E5F7CDFE05
:10825000002120464FF460424FF42043E5F7C5FE6D
:108260004FF4C022002113462046E5F7BEFE01224E
:10827000002120461346E5F7B8FE20462946BDE812
:108280003840FFF7D5BA00BF12970200DB95020015
:1082900012990200CA95020038B5036A0446092BF8
:1082A00069DD4369222B0ADDC3695B0607D540F609
:1082B00027010022F3F356F70146204601E020464D
:1082C00000214FF4C062F3F3EDF5026812F00102F1
:1082D00053D163692046222B09DDE3695D0606D58B
:1082E00040F62701F3F33EF70146204600E0002167
:1082F00040F26C62F3F3D6F54FF0004303604FF4A5
:108300007A70EEF3F9F163692046222B0ADDE36906
:10831000590607D540F627010022F3F323F701465B
:10832000204600E0002140F26C62F3F3BBF50568E3
:108330006369ED04ED0C222B20460ADDE3695A0641
:1083400007D540F627010022F3F30CF7014620463B
:1083500000E0002140F26C62F3F3A4F56D0300230A
:10836000036005F54245064805F5A875B5FBF0F52F
:108370006420684338BD002038BD002038BD00BFF0
:10838000A086010038B5002105461020E3F7A0FFC4
:10839000002104461022E9F3ABF46560204638BDA5
:1083A00008B1E4F71DB8704710B50446E4F706F9C4
:1083B0006060E0602068E7F716FA6368A0F5006087
:1083C000206118180123A060237610BD38B505463A
:1083D000F4F3CAF11C20EEF3A1F4084C00211C2296
:1083E0002060E9F385F420680560FFF7DDFF0449AC
:1083F00022682846BDE83840E6F726BC9004000015
:10840000D93F00002DE9F84F0C46F4F3ADF141F2ED
:108410000100E568EEF382F400287CD000F1010C45
:10842000064620E001321970D2B2434639783D4603
:108430000137C1B13D2903F10108F3D1327029465A
:108440004646002203E001323770D2B2664611F888
:10845000017FC3EB0508B04406F1010C002FF2D1F7
:108460001A7008F10105E768A368FB189D4205D260
:108470002B781BB12F4663460022D7E72546012300
:10848000E2688346BA1A2A823BE0594611F8012B6A
:108490009A4202D14FF0000C0AE0102B2AD10F2A89
:1084A000F8DC27E01BF8018F07F80C800CF1010CB9
:1084B0006245F7D101EB0208895C07EB020C4FF033
:1084C0003D0907F8029008F1010B0CF1010701F1D9
:1084D0000109002203E018F802A00CF802A0013202
:1084E0004A45F8D17A184FF0000C07F801C08B44C8
:1084F000571C06E011F802B001EB020C0BF1010B66
:10850000E344B345C1D301330235112BB8D1BDE8E3
:10851000F84FEEF315B4BDE8F88F0000F8B50E463D
:1085200017460446F4F320F13020EEF3F7F3054646
:1085300068B1C660074E30234360336887600360CC
:1085400029462046FFF75EFF35600020F8BD6FF03A
:108550001A00F8BD9404000008B5064B1B683BB92F
:10856000054B196821B1054B1A680AB1FFF7D6FF10
:10857000002008BD94040000985C01009C5C010090
:10858000F8B5104B07461C681E46BCB1E3689BB1AA
:108590000D4D2A689A420FD1F4F3E6F0E068EEF34D
:1085A000CFF300232B6007E038462568F4F3DCF0B6
:1085B0002046EEF3C5F32C46002CF5D100233360A2
:1085C000F8BD00BF940400008893020073B5856E67
:1085D00004466DB1D0F8CC3000EB8303D3F8D4203F
:1085E000036E9A4203D1406EA847054600E000257D
:1085F0002046F3F351F4002302A941F8083D064652
:108600006946204601AA0DF0C1FE9DE806004FF420
:10861000FF20E9F3E9F220463146F4F3EDF1E36E91
:108620005BB1D4F8CC2004EB8202D2F8D410226ED5
:10863000914202D1606E294698477CBDF8B5044648
:10864000F0F3BAF000284FD0A56E6DB1D4F8CC305D
:1086500004EB8303D3F8D420236E9A4203D1606ED7
:10866000A847054600E000252046F3F315F4002155
:1086700007462046F4F3C0F10121064600222046B9
:10868000F0F3BAF04FF480110A462046F0F396F06A
:1086900040210A462046F0F3A5F04FF080710A46CB
:1086A0002046F0F38BF02046FFF790FF0F4B01219F
:1086B000C6F804354FF4FC73C6F808350A46204660
:1086C000F0F39AF020463946F4F396F1E36E5BB18D
:1086D000D4F8CC2004EB8202D2F8D410226E91425E
:1086E00002D1606E29469847F8BD00BFF2003940BC
:1086F00001207047C36B44F2583293420DD004D826
:1087000044F25632934218D112E04AF62E22934296
:1087100008D04AF62F2293420FD1C0F884334AF68C
:10872000322303E0C0F884334AF63123C363704731
:10873000C0F8843344F25433C363704738B541F210
:10874000E443044603630D4629B108460F49EAF3A2
:1087500047F1A06240B928460D49EAF341F1A06211
:1087600010B94FF6FF73A3620A492846EAF338F1BD
:108770000949E0622846EAF333F108496063284674
:10878000EAF32EF184F8550038BD00BF2D990200A0
:108790002399020064990200439902004E99020055
:1087A0007047000030B585B00190002404A840F85F
:1087B000044D01A90422E9F317F2019DB5B12B463E
:1087C000D3F88C2012B10022C3F88C20013404337A
:1087D000102CF5D10398FEF797F90398FFF7D0FE18
:1087E000034B9D4202D02846EEF3AAF205B030BDFD
:1087F000E46101000367D0F8CC3010B500EB8303CF
:10880000029CD3F8D43044668166C266036610BD0C
:1088100000238366C366036770478069C0F3C06046
:1088200070472DE9F84304461E46089D099FFAF754
:1088300061FC00212046F4F3DFF080462046F3F38C
:1088400033F30A28C8BFD8F82C306061C8BFA364CE
:108850002228D8F80430C8BFD8F8AC20A361C8BF1C
:10886000E261DA001CD5222814DDE3695B0611D52C
:108870000022204640F62701F3F374F40146204617
:10888000F4F3BAF0D0F80436002163622046F4F322
:10889000B3F002E0D8F80436636294F8243023621F
:1088A0004FF4E063A3604FF0FF33E36011232361D3
:1088B000A1464FF0000817E04146F4F39DF0204632
:1088C000F3F3E2F22046F3F3EFF21EB1D9F81431DC
:1088D0009E4203D0D9F88C309F4201D1C5F8008068
:1088E00008F1010809F10409D4F8D0302046984570
:1088F000E2D32968F4F380F00120BDE8F883F7B5EE
:10890000002213460D4601210446E5F738FB0021FD
:10891000282207460B4620460091F3F3C1F2064693
:10892000280709D0204601210622F3F367F62046E6
:1089300002210622F3F362F615F0F00F04D0204670
:1089400000210222F3F35AF615F4706F0ED0204680
:1089500000210122F3F352F601210A462046F3F3E7
:108960004DF6204602210122F3F348F601213B4651
:1089700020464FF0FF32E5F702FB20460021282277
:108980004FF0FF330096F3F38BF2FEBD0020EAF3C5
:1089900027B0000010B50C490446FFF7F7FF80B27E
:1089A00088B9D4F880000849EAF31AF080B250B9C7
:1089B000D4F880000549EAF313F04FF6FF7380B254
:1089C000002808BF184610BD6D9902007B9902006F
:1089D000436907B50A2B09DD003118BF0121009159
:1089E000242200210123F3F35BF201E04FF0FF307A
:1089F0000EBD07B50021F8220B460091F3F350F2AB
:108A000000F00F000EBD00002DE9FF47DDF83080BB
:108A10009246DDF834900F464FF46372002104460D
:108A20001E460E9DB8F1010F08BF4FF00008E9F394
:108A30005FF111232361C4F88860C4F85C90C4F826
:108A400058A0C4F80480B8F1000F40F0C58020465B
:108A500041463A464B46FFF74BFE002800F0C080E7
:108A60004FF0C0531A68130F02F47021236093B2C1
:108A700002F47002120D626444F25832090C9342FF
:108A8000E36321640AD004D844F25632934208D1F9
:108A900004E0A3F52A432E3B012B02D82046FFF722
:108AA00029FE636C20460E3B012B8CBF0023012363
:108AB00084F84C304FF0C0513A46FAF793F9D4F8A5
:108AC000D030002B00F08A80002704AB43F8047DEF
:108AD0008DE8480020464FF0C0513A463B46FFF72C
:108AE000A0FE00287CD02046FFF736FD0F9B0095A6
:108AF0000193204639463246A36DFDF7F3FF002867
:108B000070D105B12D683A4E20462946FFF716FE72
:108B10003278002A42D16369132B19DD4FF40061CA
:108B20002046F3F35BF7334907462846E9F37CF721
:108B300038B128462F49E9F353F7B0F1FF3F08BF9A
:108B400000200023BB650399F8652046F3F354F732
:108B50002046A16DFFF7BAFA2046A16DFFF71BFB77
:108B600028462549E9F33CF7024620B92046A16D85
:108B7000FFF792FB0246C4F88823A16D2046FFF759
:108B800089FA2046FFF75AFD2046A16DFFF7B4F899
:108B90002046A16DFFF710FB012333702046F3F34D
:108BA000E1F528461549E9F33FF738B1134928465E
:108BB000E9F316F701462046FFF7A1FE28461049C3
:108BC000E9F332F778B128460D49E9F309F7014690
:108BD0002046FFF7E5FD06E0002404E01C4602E025
:108BE000044600E03C46204604B0BDE8F08700BFE4
:108BF000E06101003E9902005B9902007399020056
:108C0000349902001FB50F4C02462378BBB910B946
:108C10000346014601E00C4B191D00200090019015
:108C200002930391094844F210714FF0C053FFF7CB
:108C3000EBFE28B1064B20221A6001232370034863
:108C400004B010BD7065010064620100E4610100C0
:108C5000A00400002DE9FF4707464FF463708846E3
:108C600091469A460D9E0E9DEEF358F00446C8B10B
:108C70000C9B3946019342464B46CDF800A0029624
:108C80000395FFF7C1FE074620B92046EEF358F0E2
:108C90003C4607E006B13668C4F8806005B12D682F
:108CA000C4F88450204604B0BDE8F08770B506468D
:108CB00086B04FF4BC70EEF331F00446E8B1002109
:108CC0004FF4BC72E9F314F00D4B266000930D4B8A
:108CD0000025019330680C490C4A23460295039500
:108CE0000495059500F0D8FE30B94FF49663C4F8AA
:108CF000603184F8640100E02C46204606B070BD67
:108D0000A53881005D3D8100D8D288003CC589002E
:108D100010B5044650B1036805491868224600F0B2
:108D200060FE2046BDE81040EEF30AB010BD00BF63
:108D30003CC589002DE9F041054686B08020EDF361
:108D4000EDF70446002844D000218022E8F3D0F754
:108D500004236360B4232560A381A046C5F8584767
:108D6000274600260EE01C2202FB06423C61A86852
:108D70001B4910320023FAF36DF338621C370028C8
:108D80002BD0013663689E42EDDB164B16490093EB
:108D90000023019302930393049305932868134AD5
:108DA000234600F079FEC0B913E0D8F8201031B1A5
:108DB00023689868FAF336F30023C8F820300135A9
:108DC00008F11C0863689D42EFDB2046EDF3B8F71D
:108DD0000024204606B0BDE8F0810025F2E700BF80
:108DE00049488100A94681007CD388007F3F8900E3
:108DF00070B5044600281ED003680F491868224643
:108E000000F0EFFD254600260DE0296A29B1236810
:108E10009868FAF307F300232B62E86908B1EDF3D1
:108E20008FF701361C3563689E42EEDB2046BDE8B5
:108E30007040EDF385B770BD7F3F890010B50446E3
:108E4000C06F08B1FFF764FFD4F8840008B107F0E1
:108E5000C1FED4F8800008B1FFF7CAFFD4F8B00013
:108E600008B100F013F9A06808B101F0E3F9204659
:108E7000BDE81040EDF364B72DE9F04F07468DB023
:108E8000B8208A4690461D46179EEDF347F70446E4
:108E9000002800F0A0804FF0000B0021B822E8F37A
:108EA00027F7266084F88CB03846FFF76BFA0BABD7
:108EB000C4F8A8B02A4601900693814641F2E441E5
:108EC00020463346CDF800B0CDF808A0CDF80C8090
:108ED0000494CDF814B001F05DFA0546002875D071
:108EE000A06010F06FDA2B691021E3603C4B6060EA
:108EF000A3643C4A3346276164643846E8F35EF76E
:108F00002B69D86FF2F356F749F6981398422B69FC
:108F1000D86F06D8F2F34EF708210346324A09A863
:108F200005E0F2F347F7314A0346082109A8E8F3C0
:108F300045F7314609AA2E4B2E48E8F3FFF6324694
:108F4000002016992C4B8DE88001F8F7A9FB064606
:108F500000283BD16368012783F8787008210A460E
:108F6000286930F0D5DA36213A46D5F89802EFF77D
:108F700030FD2846FFF7DEFEC4F8800030B32846F7
:108F800007F0F6FDC4F8840000B32846FFF78EFE14
:108F9000E067D8B16368194983F8E070184B02960E
:108FA0008DE848000396049605962868154A2346DE
:108FB00000F072FD50B9284600F032F8C4F8B00055
:108FC00020B111482146EDF3A9F120B120464946D0
:108FD000FFF734FF002420460DB0BDE8F08F00BF3E
:108FE000BD888100DB550100E05501004D49890035
:108FF0004039010081990200FD8D81002CD5880047
:10900000198A810058FB8900F58981000120704789
:10901000024B01221A70E3F763BA00BFFC030000A1
:1090200070B5064686B02020EDF37EF60446F0B11A
:1090300000212022E8F35CF64FF4E153E3804B2358
:1090400023810A2363810E4B26600025009330683C
:109050000C490D4A23460195029503950495059503
:1090600000F01AFD30B93368012283F863212046ED
:1090700006B070BD2046EDF363F62C46F7E700BF5F
:109080007D9A81008CD58800C04B890010B50446BC
:1090900078B1FBF309F3236822461868054900F00C
:1090A000A0FC2046EDF34CF6236800221B6883F8F1
:1090B000632110BDC04B89000368D3F8D42041F26E
:1090C0006B03116B99420BD1936AEF2B28D001D817
:1090D000D62B04E0F52B23D040F20F118B421FD08A
:1090E000936A40F2C65293421AD040F274529342AD
:1090F00016D0036A7F2210E0482283F8FD2006E0A4
:1091000002F0C002921102EB810183F8FD10036AA4
:1091100093F9FD20142A0BDC482283F8FD207047C8
:10912000036A93F8FD104AB2B2F1FF3FE8D1E3E7DA
:109130007047D0F8E81110B5044629B18068FAF3F9
:1091400071F10023C4F8E831D4F8001229B1A06805
:10915000FAF368F10023C4F80032D4F88434D3F869
:10916000301139B1A068FAF35DF1D4F884340022EB
:10917000C3F83021D4F8501329B1A068FAF352F1A2
:109180000023C4F85033D4F8541529B1A068FAF379
:1091900049F10023C4F85435D4F8F41529B1A06876
:1091A000FAF340F10023C4F8F435D4F8C41729B118
:1091B000A068FAF337F10023C4F8C43710BD10B526
:1091C0000446006807F0D8F8D4F8800620B106F00D
:1091D00021F80023C4F88036D4F87C0620B106F0CC
:1091E00049FA0023C4F87C36D4F89C0120B108F079
:1091F00089FE0023C4F89C31D4F88C0120B101F021
:1092000025FE0023C4F88C31D4F8400120B102F0CF
:1092100069FF0023C4F84031D4F8540120B1FEF3B3
:10922000FFF30023C4F85431D4F8300120B102F028
:1092300019FC0023C4F83031D4F8340120B102F015
:10924000C1F90023C4F83431D4F8380120B102F058
:109250001BFB0023C4F83831204602F0D5FAD4F8BD
:109260004C0120B106F0BAFA0023C4F84C31D4F80E
:10927000480120B108F078FD0023C4F84831D4F843
:10928000440120B106F032F90023C4F84431D4F887
:109290005C0120B108F016FA0023C4F85C31D4F860
:1092A0002C3113B10023C4F82C31D4F8600120B163
:1092B00004F0B4F90023C4F86031204608F0AAFA9B
:1092C000204605F09FFFD4F8500120B105F0FAFFC9
:1092D0000023C4F85031D4F8700120B101F09EFC95
:1092E0000023C4F87031D4F8780120B104F0A8FC50
:1092F0000023C4F87831D4F87C0120B107F06CFE6B
:109300000023C4F87C31D4F8740120B108F072FD58
:109310000023C4F87431D4F8840120B101F01CFC9E
:109320000023C4F88431D4F8880120B104F0E2FBB2
:109330000023C4F88831D4F8780420B107F0F4FC95
:109340000023C4F87834D4F87C0420B107F02EFD53
:109350000023C4F87C34D4F8800420B107F0C0FDA9
:109360000023C4F88034D4F8940120B108F0A2FEA0
:109370000023C4F89431D4F8640820B108F0F6FE54
:109380000023C4F86438D4F8F80620B108F040F996
:109390000023C4F8F836D4F89C0620B104F0E2FEAD
:1093A0000023C4F89C36D4F8A00620B101F060FD7B
:1093B0000023C4F8A036D4F8CC0620B104F0BAFEDD
:1093C0000023C4F8CC36D4F8D40620B104F0F4FC61
:1093D0000023C4F8D436D4F8D00620B108F084FABB
:1093E0000023C4F8D036D4F8600820B107F0D6FEC8
:1093F0000023C4F86038D4F8DC0620B107F0FEFB87
:109400000023C4F8DC36D4F8BC0608B105F081FDB1
:10941000D4F8C00608B105F07CFDD4F8A00120B155
:1094200003F0F8FE0023C4F8A031D4F8F00620B110
:1094300006F0C2F90023C4F8F036D4F8300720B1A2
:10944000EDF37EF40023C4F83037D4F8A40620B13D
:1094500005F03AFD0023C4F8A436D4F8940620B1F0
:1094600004F070FF0023C4F89436D4F8240120B12E
:1094700008F06CF80023C4F82431D4F8280120B196
:1094800003F0A6FD0023C4F82831D4F8880420B1E5
:1094900006F0A8FA0023C4F88834D4F8E80520B10F
:1094A00004F0D2FD0023C4F8E835D4F8380620B122
:1094B000F9F7CEFF0023C4F838362046BDE8104047
:1094C00004F0D4BB70B5D0F884340568012204469A
:1094D000A3F89020D5F8D8003C49E9F3A5F240B1B3
:1094E000D5F8D8003949D4F88464E9F379F2A6F8BC
:1094F0009000D4F884346422A3F84A20D5F8D80028
:109500003349E9F391F240B1D5F8D8003049D4F8A5
:109510008464E9F365F2A6F84A00D4F8843464223E
:10952000A3F84C20D5F8D8002A49E9F37DF240B1E0
:10953000D5F8D8002749D4F88464E9F351F2A6F8A5
:109540004C00D4F884346422A3F89220D5F8D800D3
:109550002149E9F369F240B1D5F8D8001E49D4F8A1
:109560008464E9F33DF2A6F89200D4F88434012231
:10957000A3F89620D5F8D8001849E9F355F240B180
:10958000D5F8D8001549D4F88464E9F329F2A6F88F
:109590009600D4F884340422A3F89E20D5F8D8008D
:1095A0000F49E9F341F240B1D5F8D8000C49D4F89D
:1095B0008464E9F315F2A6F89E00D4F8843464229A
:1095C000A3F894200122A3F8982070BD079A020006
:1095D000239A0200E3990200749B0200CD990200D5
:1095E000B5990200F7B5036A044693F9FC00421CE2
:1095F0002CD0236893F87C200A2A02D8FEF308F2C4
:1096000025E0D3F8D85014492846E9F3E9F1134985
:109610008DF804002846E9F3E3F111498DF80500BF
:109620002846E9F3DDF100258DF806002E4601AF4E
:109630007857FEF3EDF176B2E8550135B042A8BF98
:109640000646032DF6B2F2D1304600E00820236A28
:1096500083F8FC00FEBD00BFF5990200FB990200F3
:10966000019A02000368D0F8842470B5D3F8D8506A
:109670000323D371D0F8842404461372D0F88424D1
:10968000444982F8AD30D0F88424284682F8AE30C0
:10969000E9F3A6F140B220B928463F49E9F3A0F129
:1096A00040B2431E0E2B0CD80128D4F8842401D1DB
:1096B000002302E0022804D10123D371D4F88424CA
:1096C0001372D4F8843493F81C210AB10322DA719E
:1096D00032492846266AE9F383F186F8FC002046E1
:1096E000FFF780FF2E492846266AE9F379F186F8CC
:1096F000FD002046FFF7E0FC236A93F8FD2083F885
:10970000FE20216841F26B02D1F8D430186B9042F0
:1097100029D1226A92F9FC00082824DC9B6AD12B0B
:1097200012D0E92B10D0902B0ED08B2B0CD08D2B80
:1097300001D10D2315E0932B0AD1B1F87A301B0526
:109740001B0DB3F5826F01DC18230AE01B2308E030
:109750008E2B01D1102304E0D62B01D0E42B02D1B3
:10976000172382F8FC30236840F27452D3F8D430C7
:109770009B6A934203D040F2C652934207D1236AB8
:1097800093F9FC20082A02DC172283F8FC20012030
:1097900070BD00BF579A02001F9A0200959B0200FD
:1097A000519A020010B504461C49806822460023E5
:1097B000F9F350F6C4F8E80170B3A06818492246DE
:1097C0000023F9F347F6C4F8000228B3A06815494E
:1097D00022460023F9F33EF6C4F85003E0B1A06836
:1097E000114922460023F9F335F6C4F8540598B11F
:1097F000A0680E4922460023F9F32CF6C4F8F405BC
:1098000050B10023A0680A492246F9F323F6C4F8B0
:10981000C407003018BF012010BD00BF713D820099
:109820005D01820075EF81001DFD8100CD37820052
:10983000A5CF810070B5FF220446012384F873246C
:1098400084F8DB2241F20101D4F884240026037657
:10985000A4F858146420032184F8400584F8763471
:1098600084F87264D171D4F8842440F62A151172F8
:10987000A4F85A54A4F85C54A4F85E54A4F86054B4
:10988000A4F86254A4F86454A4F86654A4F86E14BE
:1098900040F62B150221A4F86854A4F8701407258B
:1098A0000421A4F86A54A4F86C14A4F82E06A4F8B1
:1098B000686384F82062A4F82C6684F8346284F823
:1098C000236284F8216284F8F26484F8B06284F838
:1098D000276521684FF0FF3081F8533048632168D5
:1098E000204681F84130216881F84230216881F8B2
:1098F000D160216881F84360216884F80E6284F8A1
:109900000F62C4F8506681F89430216881F8F53010
:10991000216881F8F430216881F89D30216881F850
:109920003431216881F86931216881F82861216822
:1099300081F86161216881F86A612268966684F81D
:10994000643384F8653392F84F10890718BF82F8A2
:10995000523003230125002284F8DC3184F8E431FD
:109960004FF44873A4F8343584F85065A4F84E25B4
:1099700084F8DC5505F096DD052384F8203623684D
:1099800084F8206184F8585683F8115123684FF009
:10999000FF31A4F87017A4F8541884F8736784F89A
:1099A000A15784F8B05783F84251236883F8435194
:1099B000236883F85C61236883F86451236883F823
:1099C0006651236883F86B51236883F867512368D5
:1099D00083F86851236883F83B612368C3F83C61CE
:1099E00070BD2DE9F0470F469246002834D0046838
:1099F000002C35D04FF00008C14628E0D4F8C4024E
:109A000039464044E8F300F2E8B9D4F8C8324FEAE6
:109A1000890653F82930534515D1D4F8C43243444C
:109A20005D6B013D5D63EDB9184629463822E8F3C8
:109A30005FF1D4F8C802294680190422E8F358F1EE
:109A40002846BDE8F08709F1010908F138082368C4
:109A500093F8B4309945D1DB6FF01D00BDE8F08775
:109A60006FF01D00BDE8F087F8B500250F460668C9
:109A70002C4608E0D6F8C40239464019E8F3C4F190
:109A8000383538B10134336893F8B4309C42F1DB97
:109A90006FF01D042046F8BD2DE9F0478A461146B7
:109AA000984691460468FFF7DFFF031E05DA236836
:109AB000002693F8B42035463BE0D4F8C82238207D
:109AC00042F82380D4F8C42200FB0320436B013307
:109AD00043630020BDE8F087D4F8C43206F13801B2
:109AE0009F5D98191FBB49461F22E8F3D9F1D4F8AE
:109AF000C4320C999E19089BC6F820A0B362099B3A
:109B0000384673620A9BF3620B9B3363D4F81837B1
:109B100043F8351003EBC5020D9B5360736B0133A3
:109B20007363D4F8C83243F82580BDE8F087013567
:109B30000E469542D0DB6FF01500BDE8F0872DE9A9
:109B4000F04107680C4615469846D7F8CC02002627
:109B500004E003689C420BD0064600690028F8D157
:109B600011E0002303610EB1306101E0C7F8CC02BF
:109B7000069B80E83001C3600020BDE8F0816FF0F3
:109B80001500BDE8F0811420EDF3C8F00028E8D1FD
:109B9000F5E7000013B50023044600932146006852
:109BA000194AFFF7CCFF014658BBD4F888040322BA
:109BB000164B05F07FFF014618BBD4F8880402223B
:109BC000134B05F077FF0146D8B9D4F88804052275
:109BD000104B05F06FFF014698B9D4F888040622AF
:109BE0000D4B05F067FF014658B9D4F888040822E8
:109BF0000A4B05F05FFF002814BF4FF0FF30002034
:109C000001E04FF0FF301CBDC9A381002DCC8100C5
:109C1000B12C8200F92E8200FD4E000029FD81004A
:109C2000026810B5D2F8CC0200230EE00468A1420D
:109C300009D101690BB1196101E0C2F8CC12EDF351
:109C40007FF0002010BD034600690028EED16FF0C0
:109C50001D0010BD41F2E443984208D10023064A9A
:109C60009A5A8A4205D00233B3F58C7FF7D100208F
:109C700070470120704700BF5C9A02002DE9F04355
:109C8000D0F854530021C82287B004462846E8F390
:109C90002FF06423EB85032385F860300022012335
:109CA000D4F858014FF4805139F042D8FF280746C4
:109CB00005D1236A186919684DF094D90746236ABB
:109CC0006F860021A4F85674204607F46057B3F855
:109CD00008801E680CF008DBB7F5205F05F1380935
:109CE00008D0B7F5C05F07D0B7F5805F14BF0A276B
:109CF000142702E0A02700E028270021FF238DE899
:109D00000A00D4F88434029003971B7942460493E6
:109D1000484633465BF07ADA236893F84F309A0767
:109D200003D0EB8843F02003EB8007B0BDE8F0835D
:109D300082B010B514246143D0F8D4420393635029
:109D4000059B60184360069B02618360049BC360AF
:109D5000BDE8104002B0704730B503680446DB69C7
:109D600085B09A6D4068D4F83C16DB6DF9F738FB86
:109D7000C4F83806002800F0DE81204604F068F9B7
:109D8000C4F8E805002800F0D981204605F04AFE15
:109D9000C4F88804002800F0D481204603F048F974
:109DA000C4F82801002800F0CF81204607F098FB76
:109DB000C4F82401002800F0CA81204604F0D6FC33
:109DC000C4F89406002800F0D181204605F08EF8F2
:109DD000C4F8A406002800F0CC81204604F0F2FE6E
:109DE000002840F0C981204604F04EFF002840F0D2
:109DF000C381204604F076FF002840F0BD81204654
:109E000004F0D4FF002840F0B781204605F00AF89E
:109E1000002840F0B181204605F020F805460028D2
:109E200040F0AA810321D4F8A4060A4605F054F9AB
:109E3000C4F8BC06002800F0A281D4F8A4060221D0
:109E40002A4605F049F9C4F8C006002800F09A81B6
:109E50002946C04AC04B20460095019407F084FB78
:109E6000BE4B1A1D07CA1B688DE807000821224651
:109E70002046FFF75DFF206806F062FA204606F0F4
:109E800065FFC4F87804002800F07F81204606F0C2
:109E9000A7FFC4F87C04002800F07981204607F071
:109EA00035F8C4F88004002800F07381204601F0E2
:109EB00063FEC4F81805002800F06D81A84B204609
:109EC000C4F8543101F0E8FDC4F83001002800F076
:109ED0006481204601F0A0FBC4F83401002800F0A2
:109EE0005E81204601F000FDC4F83801002800F032
:109EF0005881204601F092FC002840F05581204610
:109F000007F092FBC4F85C01002800F05081204665
:109F100007F06CF9C4F86008002800F04A81206856
:109F20002146A2688F4B03F0CBFEC4F898020028AC
:109F300000F04181204603F0BBFBC4F8600100281B
:109F400000F03B81884B2046C4F82C3105F000FB23
:109F5000C4F84401002800F03281204607F01EFFBB
:109F6000C4F84801002800F02C81204605F074FC5C
:109F7000C4F84C01002800F02781204602F0D6F8F2
:109F8000C4F84001002800F021812368012283F8F1
:109F9000A120204604F0EAF8C4F89C06002800F04E
:109FA0001781204607F09EFB002840F013812046D1
:109FB00005F0E4F9C4F85001002800F00D812046B6
:109FC00005F004F9002840F00981204600F03CFE2D
:109FD000C4F87001002800F00381204603F09AFDC8
:109FE000C4F87801002800F0FD80204607F010F842
:109FF000C4F87C01002800F0F880204607F010FF2C
:10A00000C4F87401002800F0F380204600F0BAFD87
:10A01000C4F88401002800F0ED80204603F034FDF0
:10A02000C4F88801002800F0E780204607F0BEFF52
:10A03000C4F89401002800F0E180204600F06AFE98
:10A04000C4F88C01002800F0DB80204607F070FF88
:10A05000C4F89C01002800F0D580204669F094DE09
:10A0600060B1204608F036F8C4F86408002800F013
:10A07000C9802368012283F8322102E0236883F833
:10A080003201204607F08EFAC4F8F806002800F0E6
:10A09000BB80204605F002FBC4F87C06002800F0D7
:10A0A000B580204605F0C4F8C4F88006002800F00A
:10A0B000AF80204607F03EFCC4F8D006002800F030
:10A0C000A9802368012283F8A320204600F0E2FE45
:10A0D000C4F8A006002800F09F80204603F0D4FFBB
:10A0E000C4F8CC06002800F09980204603F08AFED0
:10A0F000C4F8D406002800F09380204606F08EFDB8
:10A10000C4F8DC06002800F08D80236893F86931DC
:10A110003BB1204603F09CF8C4F8A001002800F0F1
:10A120008380204605F022FBC4F8F00600280CBF0F
:10A130007620002079E04FF4967076E040F22D1002
:10A1400073E04FF4977070E040F22F106DE04FF421
:10A1500098706AE019348200E5338200389A020070
:10A16000EFBEADDE41FF8100EFBEAD0D40F231101C
:10A170005BE04FF4997058E040F2411055E040F236
:10A18000471052E04FF4A4704FE024204DE025200A
:10A190004BE0262049E02A2047E0312045E03220EC
:10A1A00043E040F2F51040E04FF4FB703DE0352015
:10A1B0003BE0BD2039E0392037E03C2035E03E204F
:10A1C00033E040F26D2030E03F202EE043202CE0D1
:10A1D0006A202AE0472028E0492026E0482024E0A1
:10A1E0004A2022E040F2E5201FE040F2E6201CE099
:10A1F0004B201AE05A2018E05B2016E05E2014E0A5
:10A200005F2012E0632010E065200EE008480CE0BB
:10A2100067200AE06C2008E06E2006E06F2004E072
:10A22000702002E0722000E0732005B030BD00BF56
:10A2300050464D00F8B50446002800F0A6800FF007
:10A2400099D9D4F8F415D0F1010638BF002621B110
:10A25000A068F9F37BF000B901362046D4F82C133E
:10A2600005F00CDF2046D4F8DC1405F007DF2046AB
:10A27000D4F8341305F002DFD4F8400308B1ECF34E
:10A280005FF5D4F8980220B103F070FD0023C4F804
:10A290009832276AB96911B1204661F09BD8002530
:10A2A000BD61D4F86432595911B1204632F098DAC0
:10A2B0000435202DF5D1D4F8580103F0B3FA204627
:10A2C000FEF737FFD4F8180520B101F031FC002368
:10A2D000C4F818352046FEF772FF204602F042FA15
:10A2E00023688619D3F8D41031B1606802F035FACA
:10A2F00023680022C3F8D4202368D3F8D80028B1FB
:10A30000ECF31EF523680022C3F8D820D4F8D0520D
:10A3100004E02846EF68ECF313F53D46002DF8D134
:10A320002146C4F8D0522068FFF77AFC206818490B
:10A330002246FFF756FBD4F8640118B107F09EF8E7
:10A34000C4F86451D4F89C0220B1ECF3F9F4002372
:10A35000C4F89C32D4F8F80448B1ECF3F1F40023CB
:10A36000C4F8F83403E02046616815F037D8D4F813
:10A370009422002AF7D104F5C6600C30F8F7B2FF3A
:10A380002046616801F08AF800E006463046F8BDD4
:10A39000DD5601002DE9F04F91B0002491461B9E3F
:10A3A0009DF868200790DDF878B02046099198461E
:10A3B0000892DDF880A00C940D940E94E3F792FBC4
:10A3C000484631461C9A1D9BCDF800B00CF031F880
:10A3D000054608B1012376E3FEF71AFE0DAB0193A3
:10A3E0000EAB0293484631461C9A1D9BCDF800B037
:10A3F00002F0AEF9074618B901230C93044688E32E
:10A400000D9848B1AA49E8F30FF328B129462A4626
:10A41000E8F3A6F01FFA80F91F9B304600934146EF
:10A420000CAA4B4601F06CF80446002800F0898322
:10A4300005680E9A46600D9BC5F8DC20D0F8842490
:10A44000FF21C5F8D470C5F8D83082F86010426A90
:10A450000023C261079A0D938260964AC5F80C806A
:10A46000C5F8A4206E610E93012280F84226D0F830
:10A47000E022C0F8A4B163F31722C0F8E022089AE2
:10A48000414685F8212080F8CF31032380F84135FB
:10A49000FFF7D0F9236804F5C662DB696068196EBE
:10A4A0000C32F8F7E2FE0746002840F032832046DF
:10A4B000394605F007D8204607993246434606F04C
:10A4C00045FFC4F8640108B90F23FCE27A4B284623
:10A4D0008DE88800794B7A4904937A4B7A4A059340
:10A4E000234602970397FFF7D7FA08B11023EAE251
:10A4F000089B1C9A8DE848001D9B029203932046FE
:10A5000009994A464346CDF810B002F01DFA0C9066
:10A51000002840F0FE822369D86FFEF76AFAA4F89B
:10A520004006B4F8AA010DF0CFD9003018BF0120C1
:10A530000A3054F820300AA9236220692FF0FCDF8A
:10A5400000283DD10A9B0746C4F8B03139460FAA0E
:10A55000204604F0ADDC39462046BDF83C200137EA
:10A5600004F0AADC062FF1D14FF44073C5F8E830AF
:10A570002A23C5F8B8303223C5F8BC3036234FF44F
:10A580007D62C5F8C43040F2D453A5F8CA20A5F8BE
:10A59000C0304FF45D72002385F8B670A5F8C8206E
:10A5A00084F89437D5F8B830842B02D98423C5F8C1
:10A5B000B8304FF40470ECF3B1F3C4F89C0208B95E
:10A5C000142380E24FF404720021E7F391F3224652
:10A5D0000023D2F8A002D4F89C12043241F82300E0
:10A5E000D4F89C1251F823108B710133042BF0D155
:10A5F000012385F89330236A1869EEF7A1FF00F074
:10A60000010085F85400236A1869EEF799FFC0F33A
:10A61000C00085F855002946204607F0EDF92B4982
:10A62000D5F8D800E8F3DCF1D5F8D42040F26E512B
:10A63000936A07468B4208D0126B41F26B018A4243
:10A640005AD1D12B01D0E92B12D1D4F8843419225C
:10A6500083F84920D4F884344FF0FF325A646422DE
:10A6600083F87A20D4F88434012283F8302059E02A
:10A67000B3F5897F11D8B3F5887F32D8F52B07D889
:10A68000F42B2ED2E42B2CD0EF2B2AD0D62B27E084
:10A69000A3F58773012B45D823E0B3F59A7F17D232
:10A6A000B3F5987F1DD840F21712934218E000BF0F
:10A6B000839B020000315F0701638200EC560100BA
:10A6C00008D68800514F0000DD560100899B02002A
:10A6D000B3F59A7F26D9B3F59B7F02D9B3F5A57F51
:10A6E00020D1D4F88434322283F87A20D4F8843408
:10A6F000642283F8492010E041F2E4418A4211D1FA
:10A7000040F2DA5293420DD1D4F88424642382F8C3
:10A710007A30D4F8842482F84930D4F884344FF065
:10A72000FF325A642046FEF7CDFED4F88434192255
:10A73000A3F8AA20204607F07FF8D4F88434226AD0
:10A7400019781069DA784EF0D1D8D4F878364FF00D
:10A75000010983F83490E1692069043103F0D7FDE1
:10A76000236AD4F884B418694EF0D8D9CBF84000E5
:10A7700004F5E47B206959462EF064DF0622281D8B
:10A780005946E7F331F2B4F8AA010DF09DD8003034
:10A7900018BF01200A3054F8203020462362FEF70B
:10A7A00061FF08B918238EE1216A0F2340F2FF32BE
:10A7B000A1F80031A1F8022101F1F80301F1F4023E
:10A7C000204601F01BFC236AD3F8F420C3F8F020E4
:10A7D000C3F8E820D3F8F820C3F8EC201A68022A5E
:10A7E00008BF83F8159007F00103002B0CBF03236B
:10A7F000002385F84F30236A1869EEF7A1FE10F4A4
:10A800000060236806D093F84F2002B1012283F83C
:10A81000512001E083F85100216A20461C3106F0E6
:10A820006DDA00212046D4F820900BF05DDD002287
:10A830007F2309F1500100930190134609F11C0098
:10A840005AF020DD204664F02FDF40F2CC63C4F8DC
:10A8500028362046FFF780FA0C90002840F05981F6
:10A86000D4F8800402219DF92C2059F0F9DD20460E
:10A870004146FEF797FF10B94FF47A7323E1204663
:10A8800002F0F4FFC4F8580110B940F2E9331AE1BC
:10A890002046FFF7F3F92046314614F07FDD10B96A
:10A8A00040F2EB330FE1C4F8BC05C4F8C0053146F3
:10A8B000204614F073DD10B94FF47B7303E10123DC
:10A8C000C4F8C40585F8A830204602F045FC10B154
:10A8D00040F2ED33F7E00623A5F86030A5F86230CA
:10A8E00095F89C30012B04D14022A5F86020A5F8F2
:10A8F0006220D5F888300A221A804FF454725A80A8
:10A90000D5F88C300126C4221E805A80D4F830013C
:10A910001FF0C8DD08B184F80E62B4F8E13243F4E8
:10A92000C05343F01E03A4F8E132236A1869EEF71E
:10A9300007FEC10607D5D4F8843401229A74D4F8EE
:10A940008434FF22DA74B4F8E1224FF2FF7313402B
:10A95000D4F88424A4F8E132D278012A07D123F470
:10A96000006323F00C031B041B0CA4F8E132FF2648
:10A970000221012284F8E06284F8DF6284F8DE625A
:10A98000204603F0BDDB01213246204603F0B8DB50
:10A99000236A4FF0FF38C4F814821869EEF7D0FD2F
:10A9A00010F00406204605D00321FEF3C3F684F818
:10A9B0001C8204E03146FEF3BDF684F81C62236A73
:10A9C0001869EEF7BDFD3A0702D5002384F81C3262
:10A9D000FB0603D520460021FEF3ACF6BE070ED5DC
:10A9E000A26A002382F84D30E26A82F84D30B4F852
:10A9F000E13223F080031B041B0CA4F8E13278073A
:10AA000003D52046002164F0D5DF390607D5B4F818
:10AA1000E13223F010031B041B0CA4F8E13295F87B
:10AA20004130A3B195F842308BB117F0600F0ED0D2
:10AA300007F02001D1F1010107F0400238BF0021E9
:10AA4000D2F10102204638BF002200F00FFFB4F817
:10AA5000AA010CF039DF003018BF012000F10A060E
:10AA600054F82670D4F868122046384A3B4660F005
:10AA70006FDCB86154F82610886910B940F24C4375
:10AA800021E0503128223C30E7F3AEF01420ECF303
:10AA90004BF1C4F8300710B940F24D4313E0AB6DF1
:10AAA000204643F00403AB650EF078DD2046FFF747
:10AAB00071F810B14FF4FA6305E0204603F0DEF8B8
:10AAC00018B140F2D1730C9323E023682049D3F8E6
:10AAD000D800E7F3A9F770B10346184613F8012B25
:10AAE0001AB11C498A5C5207F7D500210A22E7F304
:10AAF00037F5C4F88406A0680021F8F3A7F4012311
:10AB000084F8A837BAF1000F17D00023CAF8003034
:10AB100013E00D9820B1ECF313F100230D930E9385
:10AB200014B12046FFF786FBBAF1000F04D00C9B4E
:10AB30000024CAF8003000E05446204611B0BDE8B9
:10AB4000F08F3046394601F008FEE2E71057010069
:10AB5000489A02000AA0880038B5044670B105681A
:10AB600021462868FFF75CF8286805492246FEF769
:10AB700038FF2046BDE83840ECF3E2B038BD00BFF6
:10AB80001657010070B5066A8EB005463820ECF302
:10AB9000CBF0044600282FD01B4B05600093002308
:10ABA0000193029303930493059328681749184A65
:10ABB0002346FEF771FFF8B9164B2146009328682B
:10ABC000154A0223FEF7BBFF0546A8B929461C22F9
:10ABD00004F10B00E7F38CF03069316807AA4CF000
:10ABE00025DA234607AAD97AAA5C01350A43DA7224
:10ABF00001331C2DF6D103E02046FFF7ADFF002402
:10AC000020460EB070BD00BFC54F830084E18800B0
:10AC10001657010074E188007D4F830038B5044663
:10AC200070B1056821462868FEF7FAFF28680549D3
:10AC30002246FEF7D6FE2046BDE83840ECF380B051
:10AC400038BD00BF1A57010030B5054687B00C204B
:10AC5000ECF36AF0044600283FD000230560012190
:10AC600000930190204A2846204B02F037FA002832
:10AC7000606032DB1E4BD5F894068DE81800052184
:10AC800021221C4B03F0F2FB38BB1B4BD5F894067A
:10AC90008DE8180005212422184B03F0E7FBE0B9EA
:10ACA000174B019000930290039004900590154972
:10ACB0002868154A2346FEF7EFFE70B9134B286843
:10ACC00000932146124A0323FEF739FF28B92A6868
:10ACD0000123A36082F8A93003E02046FFF79EFF1E
:10ACE0000024204607B030BD79548300755483009A
:10ACF000C15583007D548300915683009D54830089
:10AD00004D558300C0E188001A570100A8E1880072
:10AD1000D154830030B5054687B000286DD0082097
:10AD2000ECF302F00446002868D0002305601421EB
:10AD300000930190354A2846354B02F0CFF90028A0
:10AD400060605EDB334B4FF498718DE818006B2226
:10AD5000D5F89406304B03F089FB002851D12F4BD6
:10AD600005218DE818006B22D5F894062C4B03F0D2
:10AD70007DFB002845D12B4B4FF490718DE81800D6
:10AD80006C22D5F89406284B03F070FB002838D1CC
:10AD9000264B4FF490718DE818006F22D5F8940679
:10ADA000234B03F063FB00282BD1224B0A218DE8B3
:10ADB00018006E22D5F894061F4B03F057FB0028AD
:10ADC0001FD10095D5F894060A216E221B4B03F083
:10ADD00003FEB0B91A4B01900093029003900490C7
:10ADE000059028681749184A2346FEF755FE40B9D2
:10ADF0002B68012283F8AC2000E00446204607B00F
:10AE000030BD2046EBF39CF70024F7E7215C83007C
:10AE1000015C8300395E8300555C8300195E83000A
:10AE2000355C8300595E8300815C8300C55E8300CE
:10AE3000C15C8300F15E8300ED5C8300E15B830015
:10AE4000195D8300D8E188001E57010010B5044643
:10AE500050B10368054918682246FEF7C2FD204636
:10AE6000BDE81040EBF36CB710BD00BF1E570100EA
:10AE700010B5044650B10368054918682246FEF72C
:10AE8000B0FD2046BDE81040EBF35AB710BD00BF3F
:10AE9000999B020070B5054686B00820EBF33EF79B
:10AEA0000446002800F0B9805F4B05604FF49071B4
:10AEB000009301903022D5F894065C4B03F0D6FA4B
:10AEC000002840F0AA805A4BD5F894068DE8180067
:10AED0004FF49071F422574B03F0C8FA002840F069
:10AEE0009C80554BD5F894068DE818000A21F42271
:10AEF000504B03F0BBFA002840F08F804F4BD5F841
:10AF000094068DE818004FF49071A0224C4B03F08A
:10AF100039FB002840F081804A4BD5F894068DE833
:10AF2000180005213022484B03F0A0FA002874D104
:10AF3000464BD5F894068DE818000521F422444BC1
:10AF400003F094FA002868D1424BD5F894068DE8B6
:10AF500018000521A022404B03F014FB00285CD10F
:10AF6000D5F89406052130223C4B009403F034FDC3
:10AF7000002852D1D5F894060521F422384B0094CC
:10AF800003F02AFD002848D1D5F894060521A02217
:10AF9000344B009403F0A6FD00283ED1D5F894066A
:10AFA000C0213022304B009403F016FD002834D12C
:10AFB000D5F89406C021A0222C4B009403F092FDFA
:10AFC00058BBD5F89406C021F422294B009403F015
:10AFD00003FD10BBD5F894060A21F422254B0094FA
:10AFE00003F0FAFC0646C0B98DE81100012128469D
:10AFF000214A224B02F072F8002860600DDB204BE2
:10B0000028688DE848001F491F4A23460296039688
:10B0100004960596FEF740FD18B12046FFF728FF7D
:10B020000024204606B070BD59638300216383006D
:10B030003BA10000D59C0000E5A000006D638300EB
:10B040003D638300996283002161830077A0000043
:10B0500031A00000E962830071618300A96183006F
:10B060000D9D00001D6283003D66830055668300D0
:10B070005D9C00008F9C00008563830081638300DA
:10B08000B964830038E28800999B020020234021A4
:10B0900080E80A00C0F8B010C16218214FF4F062D5
:10B0A0008163016401651D212DE9F04182600B255A
:10B0B0001022C16505210A24C26045618561426292
:10B0C0000425C0F8B820016680224FF4F0714FF4D7
:10B0D00080660461C4618562012409254FF0140C67
:10B0E00042631127082281664FF027080321C0F828
:10B0F000B43004624466C46443658567C0F830C0F8
:10B10000C2638765C66606674167C0F87C80C0F881
:10B11000A440B024C0F8C0404824C0F8C440602413
:10B12000C0F88450C0F88850C0F8C84002253024C8
:10B13000C0F8E030C0F8F030D3234FF01208C0F868
:10B140008C50C0F89050C0F89C50C0F8A050C0F887
:10B15000CC404FF4FA650624C0F8F4300023C0F860
:10B160008080C0F894C0C0F89810C0F8A810C0F84B
:10B17000AC20C0F80021C0F80421C0F8D040C0F8CD
:10B18000D470C0F8D850C0F8DC20C0F8E840C0F84F
:10B19000E460C0F8FC30C0F8F810BDE8F081012090
:10B1A0007047704738B50446D0F82C0320B1EBF354
:10B1B000C7F50023C4F82C33D4F8340320B1EBF3E3
:10B1C000BFF50023C4F83433D4F8180730B123682E
:10B1D00023B1EBF3B5F50023C4F81837D4F8C40253
:10B1E00018B123680BB1EBF3ABF5D4F8C802002516
:10B1F000C4F8C45228B123681BB1EBF3A1F5C4F81D
:10B20000C852D4F8640208B1EBF39AF5D4F85403A9
:10B210000025C4F8645218B1EBF392F5C4F8545306
:10B22000D4F8140320B1EBF38BF50023C4F81433E6
:10B23000D4F8D40208B1EBF383F500256319D3F8F1
:10B24000A032D3F8E00008B1EBF37AF50435102D05
:10B25000F4D1D4F8A00208B1EBF372F5D4F8840469
:10B2600020B1EBF36DF50023C4F88434D4F8DC048A
:10B2700020B1EBF365F50023C4F8DC34D4F82805DD
:10B2800020B1EBF35DF50023C4F8283538BD10B5C7
:10B290000C46D1B1C86918B1EBF352F50023E36154
:10B2A000D4F8880020B1EBF34BF50023C4F88830C4
:10B2B000D4F88C0020B1EBF343F50023C4F88C30B4
:10B2C0002046BDE81040EBF33BB510BD70B5044619
:10B2D0004FF4B8701646EBF327F50546A8B14FF4C6
:10B2E0008470EBF321F5E86178B13146FFF7CEFECB
:10B2F0004FF45470EBF318F5C5F8880028B1C4205A
:10B30000EBF312F5C5F88C0020B929462046FFF76B
:10B31000BEFF0025284670BD2DE9F0411D460026E0
:10B320000368C0F8C46293F8B43004463820584328
:10B33000EBF3FAF4C4F8C402002855D0236893F85C
:10B34000B4008000EBF3F0F4C4F8C80210B940F286
:10B35000F53394E04FF40070EBF3E6F4C4F818070B
:10B36000002800F09580C4F864622020EBF3DCF440
:10B37000C4F8640210B94FF47E7380E0C820EBF388
:10B38000D3F4C4F8540310B940F2F23377E04FF429
:10B39000B870EBF3C9F4C4F8840410B940F2F9337F
:10B3A0006DE08020666AEBF3BFF4B06210B940F242
:10B3B000034364E04FF48470EBF3B6F4C4F82C0359
:10B3C00010B940F2EF335AE04FF48470EBF3ACF471
:10B3D000C4F8340310B94FF47C7350E01220EBF33F
:10B3E000A3F4C4F8140310B94FF47D7347E0B420FC
:10B3F000EBF39AF4C4F8D40210B940F2F6333EE00D
:10B400004FF46470EBF390F4C4F8A002F0B100F1D3
:10B41000E403C4F8A43200F5E47300F52B70C4F81B
:10B42000A832C4F8AC02264604F110072368D6F807
:10B43000A082DB69D3F8D4004001EBF375F4C8F8BF
:10B44000E000D6F8A032D3F8E00010B940F2F733AC
:10B4500015E00436BE42E9D14FF48470EBF364F496
:10B46000C4F8DC0410B940F2FB3308E04FF48670F6
:10B47000EBF35AF4C4F8280520B940F2FF332B60EF
:10B48000BDE8F0813820EBF34FF4C4F8780610B92A
:10B490004FF48163F3E70120BDE8F08138B50D4634
:10B4A000044600282BD0FFF77CFE20462946FFF7F4
:10B4B00079FEA06A08B1EBF343F4636A5BB1986A62
:10B4C00020B1EBF33DF4636A00229A62606AEBF309
:10B4D00037F400236362D4F8780620B1EBF330F43C
:10B4E0000023C4F87836216821B12846FFF7CFFE43
:10B4F000002323602046BDE83840EBF321B438BD7B
:10B500002DE9F341064640F67400884615461F466D
:10B51000EBF30AF4044610B940F2EA3310E02623B4
:10B52000C0F8E035C0F8E435089B4146C0F81C3748
:10B530003A463046FFF7CAFE206018B940F2EB33B6
:10B540002B602DE040231A4A80F8B430236812683B
:10B550000460C3F898204FF40870EBF3E5F3A062A1
:10B5600040B100F58870E0622C20EBF3DDF36062FF
:10B5700030B902E040F2F233E2E740F2F333DFE7C2
:10B580002046314642462B460097FFF7C5FE38B1AC
:10B590002046314642462B460097FFF700FE20B971
:10B5A00020463146FFF77AFF00242046BDE8FC81A3
:10B5B0004404000003680B22DB69C3F8BC205A6115
:10B5C0009A61704710B50446F8B1D0F8500208B13E
:10B5D000EBF3B6F3D4F8E80220B1EBF3B1F30023B8
:10B5E000C4F8E832D4F8FC0320B1EBF3A9F300234C
:10B5F000C4F8FC332368054918682246FEF7F1F9C0
:10B600002046BDE81040EBF39BB310BD6E7D890072
:10B6100080F8C01370470000F0B587B00546FFF70B
:10B62000C9FF4FF48160EBF379F30446002800F082
:10B63000D48000214FF481624026E6F359F325605F
:10B6400084F8E163BC20EBF369F3C4F850020028EE
:10B6500000F0BA800021BC22E6F34AF30123A37272
:10B660006373A373E373A37494F8E13300223F2B55
:10B67000E67498BFE374FF2384F828300B23227408
:10B6800062742273E2720521022284F8DE33002301
:10B6900084F8271084F82D2041F2285084F82C30AB
:10B6A0006085286890F89C00217501280CBF012056
:10B6B000104684F82E00012084F8C0034FF4006087
:10B6C000A2756063224621460520D0750220D077FE
:10B6D00023B94FF48070A4F8E40302E02020A1F81D
:10B6E000E403013301320231082BEDD1002601279A
:10B6F000204641F2285184F82F6084F8307018F009
:10B70000D1DA0221204685F8DA721AF011DE84F8C7
:10B71000D86304212846324A324B0096019401F046
:10B72000DDFCB042C4F800044EDB042128462E4A5A
:10B730002E4B0096019405F017FFB042606043DB8A
:10B740004FF43E70EBF3EAF2C4F8E80200283BD075
:10B7500031464FF43E72E6F3CBF21020EBF3E4F205
:10B76000C4F8FC0300282FD0214B28680093214BFC
:10B7700021490193214B224A0393234602960496C2
:10B780000596FEF789F9F8B91E4B84F854721A1D14
:10B7900007CA8DE8070022461B6828460721FEF7E6
:10B7A000C7FAFF2384F8DD332B68204693F8411055
:10B7B0001BF03CDDC823C4F8EC3220461BF04AD80D
:10B7C000202384F8E23308E0D4F8500208B1EBF308
:10B7D000B7F22046EBF3B4F20024204607B0F0BDE8
:10B7E00001918300E5908300A19183008191830002
:10B7F0006199830099B783005CE2880015AA8300F1
:10B800006E7D8900A09B0200024618B100680249C3
:10B81000FEF7E7B8704700BF5D89890010B50446A0
:10B8200086B00E490E4A234600680AF0F1D90D4B46
:10B8300020680093002301930293039304930593DC
:10B840000949064A2346FEF727F920B12046FFF7AB
:10B85000DBFF4FF0FF3006B010BD00BF5D898900EF
:10B8600021CF830015CE83004CE3880038B5044611
:10B87000D0F834011546FFF7CBFED4F8380129463D
:10B88000BDE8384000F02CB810B50446002824D09C
:10B89000416969B190F829301BB103689868F7F3E2
:10B8A00055F5236861699868F7F3BCF50023636177
:10B8B000A06908B1EBF344F2E06918B1EBF340F290
:10B8C0000023E3612368054918682246FEF789F8DA
:10B8D0002046BDE81040EBF333B210BD76868900F8
:10B8E00080F828107047000070B5054686B03420F7
:10B8F000EBF314F20446002800F092800021342279
:10B90000E6F3F6F14023256084F82A305020EBF36B
:10B9100005F2A06100287BD000215022E6F3E8F177
:10B92000012384F8203084F8213084F8223084F810
:10B93000233084F8243084F8253084F8263084F8C5
:10B94000273023721023637294F82A300F2B98BF8C
:10B9500063722B6A00261869EDF7F2FD4FF47A73D3
:10B96000E381C823238200F01000012300280CBFCC
:10B970000520072084F8283003232073E372204633
:10B98000A6721DF0FDDC04212846274A274B0096AD
:10B99000019401F0A3FBB042206339DB0421284667
:10B9A000234A244B0096019405F0DEFDB04260600E
:10B9B0002EDBA868204922463346F7F34BF5606139
:10B9C00030B34FF4BA70EBF3A9F1E06100B3314644
:10B9D0004FF4BA72E6F38CF1184B28680093184BB9
:10B9E00018490193184B194A0393194B0296049373
:10B9F000184B05932346FEF74FF8064640B92B68CF
:10BA0000204693F842101DF06DDC84F8296007E0B1
:10BA1000A06908B1EBF394F12046EBF391F1002417
:10BA2000204606B070BD00BF05DF8300EDDE830059
:10BA300061DF830041DF830071E28300DDDF83008B
:10BA400045E5830088E3880029E183007686890044
:10BA50004457010025A300000023037440F6FB6354
:10BA6000C381704710B5044690B11EF025D96068B7
:10BA700008492246FDF7B5FFE06E08B1EBF360F12F
:10BA8000206EEBF35DF12046BDE81040EBF358B1BA
:10BA900010BD00BF6E88890030B5054687B07020A4
:10BAA000EBF33CF10446002834D000217022E6F389
:10BAB0001FF12B68256063601820EBF32FF12066DF
:10BAC00020B300211822E6F313F16420EBF326F1F2
:10BAD000E066D8B100216422E6F30AF10F4A104B68
:10BAE0000292104A0093002301930392049305935A
:10BAF00060680D490D4A2346FDF7CEFF30B901239A
:10BB00006382A3822046FFF7A7FF03E02046FFF7EA
:10BB1000A9FF0024204607B030BD00BFDDF183003F
:10BB200095EE830075F08300DCE388006E88890061
:10BB300070B50446E8B18569C669284600F016F973
:10BB4000616C41B1A868F7F301F4A868616CF7F380
:10BB500069F400236364224630460649FDF741FF3D
:10BB600028682146FEF75CF82046BDE87040EBF3FC
:10BB7000E7B070BD826A89002DE9F0433C234FF0A5
:10BB800005090A27D0F80080C0F80435C0F80895E8
:10BB9000C0F8107587B00446A020EBF3BFF005464F
:10BBA000002800F0B1800021A0220026E6F3A0F0DA
:10BBB0002E70AC61C5F81C80284620F0AFDF042150
:10BBC000A862554A204633460096019501F086FA50
:10BBD000B042A866C0F29880204600F0E1F8064620
:10BBE000002840F09180A0684C492A463346F7F37C
:10BBF00031F46864002800F08780494B4046009388
:10BC0000484B49490193494B494A02932B460396B5
:10BC100004960596FDF740FF0346002874D1009076
:10BC200029462068434AFDF78AFF014600286BD168
:10BC3000D4F888040122404B03F03CFF002863D174
:10BC40003E4BD4F894068DE81800394601223C4B4F
:10BC500002F00CFC002857D13A4B32228DE8180034
:10BC6000D4F894063946384B02F000FC024600280E
:10BC70004AD1D4F894064946344B009402F0ACFE05
:10BC8000002841D1D4F8940649460122304B009453
:10BC900002F0A2FE002837D1D4F894064946322299
:10BCA0002C4B009402F098FE70BBD4F894064946E1
:10BCB000A422294B009402F015FF28BBD4F8940667
:10BCC00049463022254B009402F086FEE0B9D4F8B4
:10BCD0009406C0212D22224B009402F07DFE98B9DB
:10BCE000D4F8940690212D221E4B009402F0D6FC2D
:10BCF00050B9D8F8D8001C49E6F372F64FF47A73BD
:10BD000090FBF3F36B8103E02846FFF711FF00255A
:10BD1000284607B0BDE8F08301FD8300DD168400EE
:10BD200009FD8300AD0F8400A8E488008911840018
:10BD3000826A890065068400F9078400F51384008F
:10BD4000A5118400D91384009511840091128400F8
:10BD5000C912840055128400791384000D138400E5
:10BD6000A9148400A51484006885890038B5D0F82A
:10BD70001455044675B10849024660F0B5D9074923
:10BD800022462068FDF72DFE2846EAF3D9F7002366
:10BD9000C4F8143538BD00BF11398400665701005E
:10BDA000F0B5044687B04FF40A60EAF3B7F70546EA
:10BDB00020B9C4F814054FF0FF3005E100214FF41D
:10BDC0000A62E5F395F7226805F120032B6000264F
:10BDD00008236B612E61F821D36520467B4A7C4B9A
:10BDE0000096019405F0C0FBB042A86105DA204638
:10BDF000FFF7BCFF6FF00100E6E0764B002243F84E
:10BE0000042BF2071FD5744901270A780D2A07FA77
:10BE100002FE03DCD21917FA02F001E04FF40040F1
:10BE2000CA78012111FA02F70D2A47EA0E0747EAFC
:10BE3000000003DC521811FA02F201E04FF4004254
:10BE4000024343F8042CB00723D5634901274A78FD
:10BE500053F804EC0D2A07FA02FC03DCD21917FA96
:10BE600002F001E04FF400408A78012111FA02F754
:10BE70000D2A47EA0C0747EA000003DC521811FAC2
:10BE800002F201E04FF40042024342EA0E0243F89C
:10BE9000042C710723D5504901270A7953F804EC83
:10BEA0000D2A07FA02FC03DCD21917FA02F001E0AE
:10BEB0004FF400404A79012111FA02F70D2A47EAAE
:10BEC0000C0747EA000003DC521811FA02F201E005
:10BED0004FF40042024342EA0E0243F8042C3207B8
:10BEE00023D53D4901278A7953F804EC0D2A07FA36
:10BEF00002FC03DCD21917FA02F001E04FF4004013
:10BF0000CA79012111FA02F70D2A47EA0C0747EA1C
:10BF1000000003DC521811FA02F201E04FF4004273
:10BF2000024342EA0E0243F8042C0136102E7FF43D
:10BF300065AF2A4B002103932068294A23460091CC
:10BF40000191029104910591FDF7A6FD70BB0121BD
:10BF5000D4F888040A46234B03F0ACFD48BBD4F860
:10BF6000880401210222204B03F0A4FD20BB1F4BBB
:10BF7000D4F894068DE81800802105221C4B02F0AD
:10BF8000F3F9E0B91B4B1A1D07CA8DE807002046DC
:10BF9000032122461B68FDF7CBFE204616492246A8
:10BFA00060F09CD870B9C4F814550DE06FF0030030
:10BFB0000AE06FF0040007E06FF0050004E06FF0A6
:10BFC000060001E06FF0080007B0F0BDC53884003E
:10BFD000453884007465010060E188000D328400FA
:10BFE00066570100CD2F840009368400F93984009A
:10BFF000FD318400B09B02001139840070B51E46EB
:10C000008B89154642F2560293420C4608D842F2FA
:10C01000550293422DD242F25002934229D108E0B8
:10C0200042F2600293421AD04EF2F542934220D17E
:10C030001AE0CB89012B04D16FF03B032B600F2357
:10C0400003E06FF045032B60142333600368D3F8DB
:10C050008030D90412D52B68023B2B600EE06FF0C4
:10C060004A032B600F2308E06FF095032B609623A3
:10C0700003E06FF04A032B6014233360D4F8080107
:10C0800030B300214022E5F333F6D4F808218023B1
:10C090001370D4F8082129685170D4F808219370DE
:10C0A000D4F808313268DA70D4F80831BF221A7136
:10C0B000D4F8083100225A71D4F808310322DA800A
:10C0C00046221A810A225A8101229A810A22DA81A1
:10C0D000D4F80C0128B100211022BDE87040E5F32E
:10C0E00007B670BD10B50446E0B103680E49186884
:10C0F0002246FDF776FCE36833B1214651F80C3B4C
:10C10000D3F83C06F7F712F9A36833B1214651F88A
:10C11000083BD3F83C06F7F709F92046BDE8104084
:10C12000EAF30EB610BD00BF969F890070B50546B4
:10C1300086B01020EAF3F2F50446002837D000213B
:10C140001022E5F3D5F5D5F83C06E421194A04F1AF
:10C150000803F7F7DFF830BBD5F83C06E821164AAC
:10C1600004F10C03F7F7D6F80646E0B98DE81100A4
:10C1700004212846114A124B05F0F6F900286060A8
:10C1800011DB104B286800930F4B10490193104BA3
:10C19000104A03932346029604960596FDF77CFC0D
:10C1A00008B9256003E02046FFF79CFF00242046E5
:10C1B00006B070BD6B57010071570100DDBD8400F2
:10C1C0009DBD840075B6840051BE840050E6880091
:10C1D00079B68400969F890001207047012970B5C7
:10C1E0000E46144607D1174B03211046D3F8B8303A
:10C1F0000A46984770BD19BB124BD3F8C050FFF7E1
:10C20000EBFF314602462046A84720460121324630
:10C21000A847204602213246A84720460321012292
:10C22000A84720464FF481710122A84720464FF4C9
:10C2300080713246A847204640F201113246A84795
:10C2400070BD00BF10A78800806C20381F2805D85B
:10C25000802333FA00F000F001007047002070479F
:10C26000C16FB0F84E3010B58A6AB3B1FF2B16D942
:10C27000180B0138012814D803F47060000A09284B
:10C280000FD878B103F0F00090280AD803F00F001F
:10C2900009288CBF0020012004E0184602E001209C
:10C2A00000E000200C6B41F2E4418C4215D1A2F574
:10C2B00082610739012903D83F2B98BF002010BDA8
:10C2C00040F20C418A4207D040F221418A4204D117
:10C2D000502B98BF002010BD002010BD90F8763084
:10C2E00010B504463BB9044B04491A682CF03CDAFB
:10C2F000012384F8763010BD78B802007CB80200C3
:10C3000070B50C460546164608460A220021E5F39C
:10C31000EFF463881E432B6D6680980603D523884F
:10C3200043F480632380D5F8943042F25002198C94
:10C33000914205D15B8C052B9CBF46F004066680BC
:10C3400070BD0000D0F880000149E6F36DB300BF76
:10C35000119C020010B504460C20EAF3DFF4C4F887
:10C360000C0138B10C220021E5F3C2F4D4F80C31F1
:10C3700010229A7210BD10B50446D0F80C0120B1FD
:10C38000EAF3DEF40023C4F80C3110BD70B50646A4
:10C3900005460024686938B1064B1B68984730464B
:10C3A000214600223BF03ADE01340435062CF1D15F
:10C3B00070BD00BF10A788002DE9F043046985B067
:10C3C0000546EC20A66FEAF3A9F43062002875D088
:10C3D0001020A66FEAF3A2F4706200286ED0002647
:10C3E00037460F216846384A3346E5F3E7F4D4F878
:10C3F00080006946E6F318F308B10137BFB2013691
:10C4000040F2F1339E42ECD137B9D4F880002F4985
:10C41000E6F30AF3002843D0B8000630EAF37EF4CE
:10C42000C5F85C06002849D00023838000260F2130
:10C430006846254A3346E5F3C1F4D4F880006946DE
:10C44000E6F3F2F298B1D5F85C866946D4F880003C
:10C45000B8F80490E6F3C4F208EB89031881D5F824
:10C460005C369A8803EB82010132CE809A800136D5
:10C4700040F2F1339E42DAD1D4F880001349E6F35A
:10C48000D3F2D5F85C6650B1D4F880000F49E6F3DA
:10C49000A7F2D5F85C36012270801A7000E0307087
:10C4A000A36F586A60B1012303808380C380038136
:10C4B0000223438104238381002001E06FF01A00EE
:10C4C00005B0BDE8F08300BF629C02006F9C0200D3
:10C4D0002DE9F04F0568C6682B688FB0DF6900232F
:10C4E0000446009388460BA80921944A3346E5F395
:10C4F00065F4D4F81490B9F1000F40F01081D4F82D
:10C5000088103A6801F50071E06FD4F808A009922C
:10C51000D7F804B0FAF798FE0146A868FCF776FD54
:10C52000002800F005810921844A0BA83346CDF884
:10C530000090E5F343F4E26FD4F88810B8F1000FEF
:10C5400002D001F5007300E04346099801F5087137
:10C55000B8F1000F08BF002001900091CDF808B09D
:10C56000B9684FF0FF390391CDF81090F968DFF802
:10C57000DC810591D5F8E015504606910BA9CDF860
:10C580001C80FAF7D1FC0546002800F0D1802A462D
:10C590006B4B20460021FFF721FE2A462046002152
:10C5A0003BF03CDD00250921644A33464FF0010B86
:10C5B0000BA8CDF800B0E5F301F400953A68D4F883
:10C5C0008830019250460BA9E26F03F51073029573
:10C5D0000395CDF8109005950695CDF81C80FAF7D7
:10C5E000A3FC0746002800F0A4803A46544B20469E
:10C5F0002946FFF7F3FD59463A4620463BF00EDD4B
:10C600004FF0020B09214D4A33460BA8CDF800B07C
:10C61000E5F3D4F3099AD4F88830019250460BA977
:10C62000E26F03F52073009502950395CDF8109005
:10C6300005950695CDF81C80FAF776FC074600288C
:10C6400077D03A463E4B20462946FFF7C7FD59466C
:10C650003A4620463BF0E2DC4FF0030B0921374A13
:10C6600033460BA8CDF800B0E5F3A8F3099AD4F847
:10C670008830019250460BA9E26F03F530730095A4
:10C6800002950395CDF8109005950695CDF81C8080
:10C69000FAF74AFC074600284BD03A46284B20467A
:10C6A0002946FFF79BFD3A46204659463BF0B6DC4B
:10C6B000042733460921214A0BA80097E5F37EF3AE
:10C6C000099AD4F88830019250460BA9E26F03F51D
:10C6D0004073009502950395CDF810900595069549
:10C6E000CDF81C80FAF720FC064608B332462046F7
:10C6F0002946134BFFF772FD3246204639463BF080
:10C700008DDC2646706930B10E4B0F49D3F88C3062
:10C710009847C6F8C00001350436062DF2D1D4F88A
:10C720009410204608310022FFF7EAFD012700E0BF
:10C73000074638460FB0BDE8F08F00BFE29B02000D
:10C74000F05D010010A78800D4318900C403000007
:10C7500010B5BDE81040FCF77DBA11B10846FCF7F2
:10C7600021B87047F8B504690546002C42D0E06F47
:10C7700008B1FCF74DF82046FFF708FED4F89460A6
:10C78000B4F846000BF0A0D8706A28B103F04BFC57
:10C7900000230746736200E00746D4F8900003F0D8
:10C7A00021FC00263F18D4F88C0004F0D9F920466B
:10C7B000C4F88060E667FFF7DEFDD5F85C0618B1C7
:10C7C000EAF3BEF2C5F85C66A36F186A20B1EAF31B
:10C7D000B7F2A36F00221A62A36F586A20B1EAF37E
:10C7E000AFF2A36F00225A62204601F03BFD002306
:10C7F0002B6100E027463846F8BD0000F0B587B051
:10C800004FF480350021042303AA0446D0F8887031
:10C8100000952CF05BDC234B06AE46F8083D00216A
:10C8200004232046324600952CF09CDC0423002192
:10C8300005AA204600952CF049DC049B059A9A42F3
:10C840002AD1194B00210493204604233246009537
:10C850002CF088DC0423002105AA204600952CF04A
:10C8600035DC049B059A9A4216D104230021204608
:10C8700003AA00952CF076DC0023C7F88C31D7F89A
:10C880002031B3F1042F09D00848C0EB030CDCF1D0
:10C89000000040EB0C0002E0002000E0012007B0A7
:10C8A000F0BD00BFAA5555AA55AAAA550004008498
:10C8B000224B70B54FF00061002603660A464666BB
:10C8C000044605682DF0C6DD4FF08073C4F82031B2
:10C8D0000323A4F8A8300223A4F8AA300723A4F85D
:10C8E000A4300423A4F8A63041F2010384F8A26026
:10C8F000A4F8BC304FF41673A5F810362B6893F8E3
:10C900009C20012A0CBF0C220622A5F80E2693F8C3
:10C9100064211AB1226E42F08072226693F89C2044
:10C92000074812F1FF3218BF01220649E5F306F26B
:10C93000FF2384F834310123637470BD60A8E7B825
:10C9400078570100787502002DE9F04F97B09B46AB
:10C950004FF0000916AB8A46174643F8049D21990B
:10C960005A46054601F097FC0446002800F01D8356
:10C970009DF88030286103742B6840F61201D3F8CB
:10C98000D400D3F8D860D3F8DC304A46C4F88430F9
:10C99000E067C4F88060F0F321F0C4F888008046B6
:10C9A000E860E06FEFF380F2A0642046FFF780FFBD
:10C9B00030469749E6F338F028B149464A46E5F350
:10C9C000CFF51FFA80FA30469249E6F32DF048B1D0
:10C9D00000210A46E5F3C4F54FF6FF7380B2984292
:10C9E00018BF074650463946FDF734F908B90C23FD
:10C9F000DAE28949A4F844A0A4F846703046E5F389
:10CA0000EFF78649C4F860013046E5F3E9F7C4F86A
:10CA10006401B4F846000AF057DF003018BF012067
:10CA2000263054F82030B4F84600C4F894300AF0A8
:10CA30004BDF003018BF01200A3055F82030204667
:10CA40002B62FFF701FC08B90D23ADE2E06FEFF3B5
:10CA5000E5F1E06FEFF39CF6204600212BF0B0DB10
:10CA600020464FF0FF312CF021DC2046FFF7C6FEB8
:10CA700008B90E2398E230466949E5F3B1F7FF287B
:10CA800008BF0120A4F84E002046FFF7E9FB08B9D3
:10CA90000F2389E263493046E5F3A2F7624984F83F
:10CAA0004C003046E5F39CF7604920653046E5F3DD
:10CAB00097F794F84C3060650B2B05D930465C49EC
:10CAC000E5F38EF7C4F850015A493046E5F388F78C
:10CAD000594984F835013046E5F382F784F8360188
:10CAE0002B6893F86A312BB130465449E5F378F757
:10CAF000C4F8540152493046E5F372F7514984F8BD
:10CB000058013046E5F36CF7E36F41F26B02196BA5
:10CB1000A4F86801914220D19B6A4E2B08D1B4F849
:10CB20004E30402B19D9236D43F00203236514E0E6
:10CB3000E42B04D1B4F84E30B3F5A85F06E0EF2B38
:10CB40000BD1B4F84E2041F201239A4205D8236D4F
:10CB500043F480032365002363653B493046D4F8E2
:10CB60005C71E5F33DF7394938603046D4F85C71C3
:10CB7000E5F336F7364978603046D4F85C71E5F372
:10CB80002FF73449B8603046A76FE5F329F73876B8
:10CB9000A36F1A7E012A01D003221A76236D99060B
:10CBA00004D5012120460A462DF0F6D8D4F880009D
:10CBB0002949E5F339F720B1D4F880002649E5F397
:10CBC0000FF781462549D4F88000E5F32DF720B111
:10CBD000D4F880002149E5F303F707462049D4F84B
:10CBE0008000E5F321F720B1D4F880001C49E5F37B
:10CBF000F7F62B6893F82821BAB3226D920504D575
:10CC0000B9F1000F01D007B160BB00222BE000BFDB
:10CC1000259C0200B49C02004C9C0200579C020020
:10CC2000AB9C0200BA9C0200069C0200869C02009B
:10CC30009F9C0200CC9B0200D79B0200799C0200C3
:10CC4000369C0200C29C0200419C02002C9C020007
:10CC5000C09B0200ED9B0200199C0200F29B0200A7
:10CC6000929C0200012283F828212B6893F8692105
:10CC700032B1226D12F0010218BF012283F869213E
:10CC8000B4F846200123C4F8B830B4F844002B6847
:10CC9000A5F8AA21E26FA5F8A801C3F8D420A26CD8
:10CCA0001A6194F84C2083F87C202B68226DB4F82C
:10CCB0004E00C3F88020626DA3F87A00C3F8842088
:10CCC00094F84C2020460B2A84BFD4F85021C3F896
:10CCD0004821D4F8B820012783F83D705A62A9682A
:10CCE0002A4603F02BFFC4F88C0008B919235BE136
:10CCF000219AE36F0292A26C04900692B4F8462047
:10CD0000B4F84400ADF82A20DA6B03930B921A6C46
:10CD1000ADF828000C925A6C02A80D9294F84C20A1
:10CD2000CDF814B00E929A6A09960F92B4F84E207C
:10CD300010921A6B1192226D1292626D13925A68C0
:10CD4000DB680792089303F0AFFAC4F8900008B9C3
:10CD5000102329E12623C5F8E035C5F8E4354FF462
:10CD6000FF73C4F83831B4F846000AF0ADDD10F1B5
:10CD7000000918BF4FF00109494620462EF0FCD8A3
:10CD8000B9F1000FD4F894300CBF02220122C3F88D
:10CD900004901A602B6A14BF01220222C3F8049087
:10CDA0001A60E06FD5F81C90EFF376F0D8F85C319C
:10CDB000C9F8000023F000437E4AE3662367A36CB2
:10CDC0000C2101FB0323303BC4F8D8302046394600
:10CDD0002BF0ACDDD4F89490D4F890004146D9F80B
:10CDE0000020334603F066F9C9F8240008B911237E
:10CDF000DAE04FF0FF3120462DF04EDAD4F89430CF
:10CE0000E16E586A03F00CF9D4F8943003F1220271
:10CE1000009203F11C0103F11E02586A203303F053
:10CE2000ECF8D4F89480D8F8240003F0F4F888F8EB
:10CE30002800D4F89430D5F82080586A03F0EBF835
:10CE400088F81400D4F89480D8F8240003F0E6F8A9
:10CE5000D4F89430C8F81800DA8B37FA02F1C90711
:10CE600001D41223A0E0296A586A0861988B4A818C
:10CE700008811A8C588C8A81C8810F2240F2FF30B9
:10CE8000D8829A8220463946FFF722FB08B913233D
:10CE90008AE02B6893F86931002B32D000212046BC
:10CEA0002BF0F6DF30464449A76FE5F399F5236D83
:10CEB000C0B2DA07386020D5636D1B061DD4E36F5E
:10CEC0009A69900002D5DA69D10704D5DB69DA07DF
:10CED00001D4580711D5E36E99000ED53046364976
:10CEE000E5F3A2F530B134493046E5F379F5C1B246
:10CEF000204604E02046082101E0204600212BF0D6
:10CF000073DDE06FEBF358F420462DF017DF00944B
:10CF1000E06F2A492A4A0023FBF76CFC20460021D7
:10CF20002DF0EEDE2046FFF70DFA08B915233BE0A1
:10CF300004F1FC063146E5F3A9F13046E5F338F596
:10CF400018B93046E5F340F508B116232CE0204629
:10CF5000FFF700FA2846A16C01F0E2F92B68DA69C4
:10CF6000526AC5F84425013A85F84225D3F898005D
:10CF7000A8B103789BB113492246E5F3C7F62B68A5
:10CF80001149D3F898002246F9F78AFE606930B15A
:10CF90002B68D3F898100D4BD3F8B030984728463B
:10CFA000FFF70AFA10B11B231593159817B0BDE8C7
:10CFB000F08F00BF005E0100FD9B020001DC8400D9
:10CFC00015DC84005DD98400BDD9840010A78800D9
:10CFD00010B50446002828D0036814491868224672
:10CFE000FCF7FFFC236A1BB104F12000E4F396F088
:10CFF000E3691BB104F11C00E4F390F0A3691BB1D9
:10D0000004F11800E4F38AF063691BB104F1140021
:10D01000E4F384F023691BB104F11000E4F37EF023
:10D020002046BDE81040E9F38BB610BD8A570100D9
:10D03000036830B5DB690546586D87B000012430C0
:10D04000E9F372F60446002838D0034643F8245B1F
:10D05000C36004F11001D5F83806E4F349F068BB69
:10D06000D5F8380604F11401E4F342F030BBD5F8EA
:10D07000380604F11801E4F33BF0F8B9D5F83806A6
:10D0800004F11C01E4F334F0C0B9D5F8380604F11A
:10D090002001E4F32DF088B94FF4856363600B4BF6
:10D0A000019000930A4B0390029304900590094964
:10D0B0002868094A2346FCF7EFFC18B12046FFF721
:10D0C00087FF0024204607B030BD00BFC10B85009C
:10D0D0007513850080E688008A570100F0B5D0F806
:10D0E00028410068A568C069406D854211D2E76893
:10D0F0002E01B8194360059B01358360069BBA5128
:10D10000C3606068A560C31C591821F00301616009
:10D11000F0BD6FF01500F0BDD0F828311869E3F3C9
:10D12000C3B7D0F8280110B10069E4F31FB070470D
:10D13000D0F82831D869E3F3B7B7D0F82831D869E7
:10D14000E4F314B0D0F82831186AE3F3ADB7D0F89F
:10D150002831186AE4F30AB073B505462EF058DC9E
:10D160000446B8B12B684FF00052C5F8680200922F
:10D1700093F82F20284601922146002204332EF0F6
:10D18000D3D9064650B9284621462FF0B1DB0646D2
:10D1900020B901E06FF01A0630467CBD28462146D2
:10D1A0002FF01EDBF8E7F8B51F4603680D461E6931
:10D1B0001146D6F880001446E5F32AF440B3B8428D
:10D1C00024D121460022D6F88000E5F315F428701A
:10D1D00021460122D6F88000E5F30EF4687021465E
:10D1E0000222D6F88000E5F307F4A8702146032256
:10D1F000D6F88000E5F300F4E870D6F88000214608
:10D200000422E5F3F9F328710120F8BD4FF0FF3057
:10D21000F8BD000038B50446B8B103680B4918687A
:10D220002246FCF7DEFB606B08B1E9F389F5D4F820
:10D2300080000025656318B1E9F382F5C4F88050D9
:10D240002046BDE83840E9F37BB538BD9157010071
:10D250002DE9F04105698CB007468420E9F364F5B7
:10D260000446002800F0D28107603C20E9F35CF519
:10D270008046002800F0CA813B69012680F83860AA
:10D2800080F8396043603B6A046031461869ECF706
:10D290007EFAD8F80430B649D3F88000E5F3A0F35D
:10D2A000D8F80430C8F81400B249D3F88000E5F388
:10D2B00097F3D8F80430C8F81800AF49D3F88000C5
:10D2C000E5F38EF3D8F80430C8F81C00AB49D3F866
:10D2D0008000E5F385F3D8F80430C8F80800A849C1
:10D2E000D3F88000E5F37CF3D8F80430C8F81000D8
:10D2F000A449D3F88000E5F373F3A34BC8F80C00FE
:10D30000C4F880800093A14BA1490193A14BA24A8C
:10D310000293A24B0393A24B0493A24B059338684C
:10D320002346FCF7B9FB8046002840F06F8184F863
:10D330002C003B699C49D3F88000E5F351F384F855
:10D340006F003220E9F3F0F407466063002800F034
:10D350005D8141460A2206A8E4F3CAF40C238DF845
:10D36000193099238DF81A30A6238DF81B30082325
:10D370008DF81E30B7238DF81F30E2238DF8203052
:10D380008A4AC4238DF821308DF818608DF81D600D
:10D390001068516809AB03C3128985491A80854B0F
:10D3A0003E70A363844B84F85A80E363636B9E7181
:10D3B000D5F88000E5F338F3002800F093807C492D
:10D3C000D5F88000666BE5F30BF370707B49D5F8F8
:10D3D0008000666BE5F304F3B0707949D5F88000FE
:10D3E000666BE5F3FDF2F0707649D5F88000666B68
:10D3F000E5F3F6F230717449D5F88000666BE5F319
:10D40000EFF270717149D5F88000666BE5F3E8F2D0
:10D41000F0716F49D5F88000666BE5F3E1F2B07109
:10D420006C49D5F88000E5F3DBF284F844006A49E2
:10D43000D5F88000666BE5F3D3F230726749D5F812
:10D440008000666BE5F3CCF27072616B05230A31E4
:10D45000634A2046FFF7A7FE616B05230F3186B2B2
:10D46000604A2046FFF79FFE616B05231431361892
:10D470005D4A2046FFF797FE616BB6B2193105236E
:10D4800036185A4A2046FFF78EFE616BB6B2361840
:10D490000B7AB6B2B34225D11E310523544A204639
:10D4A000FFF781FE616B0523233186B2514A204686
:10D4B000FFF779FE616B0523283136184E4A204666
:10D4C000FFF771FE616BB6B2052336182D31204689
:10D4D0004A4AFFF768FE636BB6B236185B7AB6B29B
:10D4E000B34225D0626B00235370626B0C219370A2
:10D4F000626BD370626B1171616B02224A71A86F0B
:10D50000616B0068C871616B0A72616B4A72606B13
:10D51000812284F8402006A90A2284F841300A308A
:10D52000E4F362F3606B09A91E300A22E4F35CF3B2
:10D53000626BAB6FD27900211A6004F14D000822B2
:10D54000E4F3D6F3002384F8583084F85930A4F873
:10D550005630D5F880002A49E5F366F2002851D00C
:10D56000D5F880002649E5F33BF284F85F0051E0EE
:10D57000E49D0200D19C0200FA9C02000A9E020077
:10D58000629D0200D09D02005128850085DA0000CE
:10D59000A4E68800E12B850091570100D52B85007A
:10D5A000A45701006DD30000989E02003B38010093
:10D5B000479E02001127850089278500919D020062
:10D5C000319E02001B9E0200F39D0200E29C0200BD
:10D5D000A89D02004E9D0200819D02003D9D02001B
:10D5E0000D9D02001D9D02002D9D0200719D0200F7
:10D5F000549E0200659E0200769E0200879E0200F5
:10D60000BD9D0200BA2384F85F3003E02046FFF797
:10D6100001FE002420460CB0BDE8F08130B5044680
:10D6200085B0002840D0D0F8201131B10368986847
:10D63000F5F3F8F60023C4F8203123681A6892F84D
:10D640002F2022B3D3F8240101A900225EF0A2DA30
:10D650000FE043685A060CD5D4F83051451904E060
:10D660000368C5F81031E9F36BF3D5F81001002811
:10D67000F6D1236801A9D3F824015EF0A1DA0028CD
:10D68000E7D104E00368C4F84431E9F359F3D4F86E
:10D6900044010028F6D12368044918682246FCF7A3
:10D6A000A0F92046E9F34CF305B030BD5DB3890025
:10D6B00030B5054687B04FF4A670E9F32FF3044662
:10D6C000002875D000214FF4A672E4F311F33C4B0F
:10D6D000256000933B4B3C4A019300230293039245
:10D6E0000493059328683949394A2346FCF7D4F94D
:10D6F00000285DD12B6A1A68022A05D15B7D002BB8
:10D700000CBF1623302300E0302322184430B0F53C
:10D71000887F1374EED1A8682E492A460023F5F3BA
:10D7200099F6C4F82001002842D04FF47A7345F2EC
:10D730007352C4F81C31A4F83C2100234622C4F8DB
:10D740004431A4F83E2128468DE828004FF48A7120
:10D75000214A224B03F008FF0028C4F8300127DBE0
:10D760001F4BD5F894068DE818000521B0221D4BFB
:10D7700000F008FFE0B91C4BD5F894068DE81800BE
:10D780000521B222194B00F0FDFE88B9D5F89406A8
:10D790000A21B022164B009401F0A4F940B9D5F843
:10D7A000C006B021134A144B009401F005FC18B1D7
:10D7B0002046FFF733FF0024204607B030BD00BFEE
:10D7C0009150850011658500654E850018E8880038
:10D7D0005DB389005549850011568500ED558500DA
:10D7E000955D8500E94A8500D15C8500514A850038
:10D7F00095538500854E8500994E850010B50446E9
:10D8000030B133F091DE2046BDE81040E9F398B224
:10D8100010BD10B504462420E9F386F200B104607F
:10D8200010BD000010B50446E0B143680E49186809
:10D830002246FCF7D6F8D4F83C01FFF7DFFFD4F816
:10D840003401FFF7DBFFD4F89C0008B1E9F378F26C
:10D85000D4F8940008B1E9F373F22046BDE8104013
:10D86000E9F36EB210BD00BFBC5701002DE9F041D5
:10D87000754B00271F60754B056888B006461F6012
:10D880004FF4A070E9F34AF20446002800F0D78074
:10D8900039464FF4A072E4F32BF284E8600030467E
:10D8A000C6F85841FFF7B5FF8046C4F8340130B1DF
:10D8B0003046FFF7AEFF8046C4F83C0120B9204651
:10D8C000E9F33EF24446BAE07F21042204F1440029
:10D8D000E4F30EF27F21042204F17000E4F308F275
:10D8E000042207A83946E4F303F2336893F87C2056
:10D8F000D3F8D800012A13D95549E5F395F001462C
:10D9000058B107A80322E4F3CBF207A8042137F0AB
:10D91000B7D990B107A84F490CE007A84E4909E0D4
:10D920004E49E5F35DF00928034606D84C4907A89F
:10D9300001EB83010322E4F3B3F2032207A904F10C
:10D940000800E4F3ADF233684649D3F8D800E5F3B4
:10D9500047F0D5F8D43041F26B02196BE060914288
:10D960000ED19B6A8B2B01D0902B09D1022807D1B5
:10D9700007A83D490422E4F36FF208B90323E360EA
:10D98000D5F8D43041F26B02196B91420DD19B6AEC
:10D99000932B0AD107A835490422E4F35DF220B99C
:10D9A000E368042B01D10623E360D5F8D43041F2BB
:10D9B0006B02196B914218D19A6A40F235139A4260
:10D9C00013D107A82A490422E4F346F258B107A864
:10D9D00028490422E4F340F228B107A8264904228A
:10D9E000E4F33AF208B91323E3600025EAF786FF6F
:10D9F00035F058DF07A90422C4F89450C4F89850B1
:10DA0000C4F89C50C4F8A050C4F8A45084F8F45052
:10DA1000204633F0C3DE194B30688DE828001849E2
:10DA2000184A23460295039504950595FCF734F8AA
:10DA300028B12046C6F85851FFF7F4FE2C46204680
:10DA400008B0BDE8F08100BFB4650100B865010011
:10DA5000A89E0200BF57010041B58900AE9E02009A
:10DA600094E98800B19E0200C257010068EB88006B
:10DA700078E9880080E9880084E98800F16D8500F4
:10DA80003CE98800BC57010030B5054687B00C2042
:10DA9000E9F34AF10446D0B1114B05604FF490719F
:10DAA000009301900722D5F894060E4B00F0DEFC9F
:10DAB00080B90D4B01900093029003900490059063
:10DAC0000A4928680A4A2346FBF7E6FF10B92046B0
:10DAD00007B030BD2046E9F333F10024F7E700BF7B
:10DAE000C19D8500299B8500659B8500ECED880024
:10DAF00034590100036810B50446054918682246E8
:10DB0000FBF76FFF2046BDE81040E9F319B100BFF5
:10DB10003459010070B5054686B00C20E9F304F1D4
:10DB20000446002863D005600026019004212846A1
:10DB3000334A344B0096FFF7D1FAB042606059DBAC
:10DB400004212846304A314B0096019403F00CFD25
:10DB5000B042A0604EDB28462D492246FFF7DCFA92
:10DB6000002847D12B4BD5F894068DE818004FF4C8
:10DB700090712522284B00F079FC00283AD1274BE0
:10DB8000D5F894068DE818004FF490713C22244B90
:10DB900000F06CFC00282DD1D5F8940605219C22BC
:10DBA000204B009500F036FF002823D1D5F89406CD
:10DBB000802125221C4B009400F070FDD0B9D5F8CF
:10DBC000940680213C22194B009400F067FD88B92F
:10DBD000174B01900093174B03900293049005900C
:10DBE00015492868154A2346FBF756FF10B9204609
:10DBF00006B070BD2046E9F3A3F00024F7E700BFAC
:10DC000051A3850011A3850059A7850045A785006C
:10DC1000CDA38500E5A98500F1A3850015AA85009F
:10DC200019A4850031A28500D1A28500F1A285004A
:10DC300009A58500E1A9850028EE880050B9890072
:10DC400038B505680446224628680649FBF7C9FE30
:10DC5000284605492246FFF764FA2046BDE83840C9
:10DC6000E9F36EB050B98900CDA3850002460249A0
:10DC70000068FBF7B6BE00BF3A59010030B50D4B46
:10DC800087B0009300230446019302930393049307
:10DC900005930949094A23460068FBF7FDFE002861
:10DCA00014BF4FF0FF350025204638F071D82846C4
:10DCB00007B030BDA1B08500445901003A590100B8
:10DCC0002DE9F043064687B038200F469146984626
:10DCD000E9F324F00446002838D000213822E4F388
:10DCE00007F0D7F83C0640211A4A04F12003F5F763
:10DCF00011FB054620B12046E9F322F0002425E07F
:10DD0000154BC4F81C80A760C4F80C902661134919
:10DD100000930190029003900490059023463046B2
:10DD20000F4AFBF7B9FE034660B9E0680D49224689
:10DD3000F5F390F30546A06140B920690A492246EF
:10DD4000FBF74FFE2046E8F3FBF72C46204607B0D2
:10DD5000BDE8F08314C68900EDB4850058EE880054
:10DD6000B89E02004DB585005C59010010B504460F
:10DD700038F042DA0F4920692246FBF732FEA169EA
:10DD800061B1237D23B1E068F5F3E0F20023237550
:10DD9000E068A169F5F346F30023A361A36804F1E9
:10DDA0002001D3F83C06F5F7C1FA2046E8F3C8F79E
:10DDB000002010BDB89E020010B50446C0B1224636
:10DDC0000C494068FFF7C3F9224660680A4903F02E
:10DDD0000EFE224660680949FFF7A3F9A0680849CA
:10DDE0002246FBF7FEFD2046BDE81040E8F3A8B749
:10DDF00010BD00BF21BF850081C5850029BB8500FE
:10DE00006359010070B5054686B01820E8F386F71F
:10DE10000446002800F0E98000211822E3F368F7A7
:10DE20002B680022A360AB686560E3606B68042127
:10DE300023610423A38228466D4B8DE81400FFF76D
:10DE40004DF900282060C0F2CC802846694922465E
:10DE5000FFF778F9002840F0C4802846664922463A
:10DE6000FFF75AF9002840F0BC8028466349224653
:10DE700003F0B8FD002840F0B480614B019000939E
:10DE800002900390049005905E4928685E4A2346FC
:10DE9000FBF702FE002840F0A4805C490322D5F87D
:10DEA000BC063CF039DA5A4E5A490222D5F8C0066F
:10DEB0003CF032DAD5F89406B0213022564B009669
:10DEC000019400F051FA002840F08B80534BD5F8B4
:10DED00094068DE8180040F605013622504B00F0FC
:10DEE000C5FA00287DD14F4BD5F894068DE818006F
:10DEF00040F6040137224C4B00F0B8FA002870D1EC
:10DF0000D5F8BC063021444A3346009401F009F8A4
:10DF1000002866D1D5F8BC063621414A3F4B009413
:10DF200000F0FFFF00285CD1D5F8BC0637213E4A3F
:10DF30003C4B009400F0F5FF002852D1D5F8C00604
:10DF400039213A4A3A4B009400F0EBFF002848D1BF
:10DF5000D5F89406C0213622364B009400F03CFDE3
:10DF600000283ED13021D5F894060A46324B009461
:10DF700000F094FB002834D1D5F8940640F60A014D
:10DF800036222E4B009400F027FD50BBD5F89406A6
:10DF900040F60A0137222A4B009400F01DFD00BB19
:10DFA000D5F8940630213922264B009400F014FD58
:10DFB000B8B9D5F8BC0630211F4A234601F044F811
:10DFC00078B9D5F8BC0636211C4A234601F03CF846
:10DFD00038B9D5F8BC063721194A234601F034F880
:10DFE00018B12046FFF7E8FE0024204606B070BDB9
:10DFF000A1BA850021BF850029BB850081C58500A8
:10E0000035BC850080EE8800635901007CEE8800F5
:10E0100019BA8500A4EE880071B8850085C6850010
:10E02000A5BB8500C1C5850035BB850021BC850029
:10E03000DDC68500C9C4850005C28500C9C085004C
:10E0400011C0850035C1850008B1E8F379B6704785
:10E0500037B505463820E8F367F6044650B14FF06F
:10E06000FF33056005490193054A064B009539F0D9
:10E07000ABDD01E0FFF7E8FF20463EBDE9CD8500BE
:10E08000F1CD8500E1CD850070B5054686B0102044
:10E09000E8F344F60446002838D000211022E3F3C8
:10E0A00027F6002625600121C5F8CC462846194AE6
:10E0B000194B00960194FFF711F8B042E06021DBA4
:10E0C000164B28688DE848001549164A23460296E3
:10E0D000039604960596FBF7DFFC98B9124BD5F82A
:10E0E00094068DE828000521BE22104B00F04AFA64
:10E0F00040B9D5F89406C021BE220D4B009500F022
:10E10000F1FC18B12046E8F31BF60024204606B0C7
:10E1100070BD00BF8DD0850089D08500E1CF85001E
:10E12000A8EE8800BF9E02005DD085003DD085002E
:10E1300091D0850010B5044688B1037923B1806879
:10E14000E8F3FEF500232371236805491868224689
:10E15000FBF747FC2046BDE81040E8F3F1B510BDE1
:10E16000BF9E020008B1E8F3EBB5704737B505462E
:10E170000420E8F3D3F50446002855D02D4B056064
:10E1800040F23F11009301902D22D5F894062A4BBE
:10E1900000F06CF9002847D1284BD5F894068DE89B
:10E1A00018004FF495713D22254B00F05FF90028CF
:10E1B0003AD1244BD5F894068DE818004FF49571A8
:10E1C0004A22214B00F052F970BB204BD5F894063F
:10E1D0008DE81800152150221D4B00F0D3F918BB13
:10E1E000D5F8940605212D221A4B009400F0F4FB7B
:10E1F000D0B9D5F89406C0212D22174B009400F019
:10E20000EBFB88B9D5F89406C0213D22134B00944E
:10E2100000F0E2FB40B9D5F89406C0215022104B23
:10E22000009400F05FFC18B12046FFF79BFF00242C
:10E2300020463EBDC5D28500CDD0850011D38500D6
:10E24000E1D085000DD38500DDD0850071D2850039
:10E25000B5D0850041D1850001D2850021D285004D
:10E260007DD1850010B50446A0B10368806F0022FF
:10E270005A6108B1E8F364F5D4F8980008B1E8F3FE
:10E280005FF5606808B1E8F35BF52046BDE8104033
:10E29000E8F356B510BD2DE9F04104464FF4B670D1
:10E2A0000D4616469846E8F33FF5074610B940F28A
:10E2B000F2331EE004608560C6602820E8F334F580
:10E2C000B86710B940F2F33313E05820E8F32CF5A7
:10E2D000C7F8980040B12C30C7F89C003020E8F314
:10E2E00023F5786060B902E04FF47D7301E040F2FD
:10E2F000F5333846C8F80030FFF7B4FF002703E0D5
:10E300000023C8F8003060613846BDE8F081002382
:10E31000C218D2F8C020CA500433182BF8D1704765
:10E320004FF4C863C0F864366823C0F868364FF409
:10E330008073C0F86C360223C0F87036C0F87436AB
:10E340007047000010B5044650B1036805491868CD
:10E350002246FBF746FB2046BDE81040E8F3F0B448
:10E3600010BD00BF0D5A010001F0F0012DE9F04F82
:10E370000E110168B0F81080096889B0C969944627
:10E38000D1F8C010079388450446B0F812A0838ADC
:10E39000C78AB2B25CDA817900295CD1324D05EBD3
:10E3A000C200808806E055F8329019F80190E145E6
:10E3B00002D001318142F6D381424FD0E71937F8BC
:10E3C00012B0013237F81250A244454523441AD204
:10E3D000C5EB080805F101090AEB050142460AEB05
:10E3E0000900CDF814C00693E3F35EF4069B0C22FB
:10E3F00002FB093002FB053102FB08F2E3F354F49F
:10E40000DDF814C0069B3146002207E007EB46000A
:10E4100030F802E00EF1010E20F802E00131023284
:10E420000D29F3D91299CBEB0502009113990AEB50
:10E430000B0001910C2101FB0B3192B2079BCDF82F
:10E4400008C000F0A1FB238A00200133238207E0EB
:10E450006FF0150004E06FF0160001E06FF01D0092
:10E4600009B0BDE8F08F00BF685901002DE9F347FE
:10E47000DDF82890DDF82CA007460E461546984694
:10E48000002456FA04F3DB070AD52101384601F0CF
:10E49000F0012A4643468DE80006FFF765FF18B9EC
:10E4A00001340D2CEDD10020BDE8FC872DE9F04FA3
:10E4B00089B007920268B0F8188012689C46D26949
:10E4C0000446D2F8C420B0F81AA09045838BC78BBD
:10E4D00050DA8279002A50D101F0F0063611C719BE
:10E4E000B2B237F812B0013237F8125082444545C3
:10E4F00003441AD2C5EB080805F101090AEB05012E
:10E5000042460AEB0900CDF814C00693E3F3CCF3BE
:10E51000069B0C2202FB093002FB053102FB08F2CC
:10E52000E3F3C2F3DDF814C0069B3146002207E096
:10E5300007EB460030F802E00EF1010E20F802E091
:10E54000013102320D29F3D91299CBEB050200916A
:10E5500013990AEB0B000191079992B202910C21D9
:10E5600001FB0B31634600F00FFB238B00200133CE
:10E57000238304E06FF0150001E06FF0160009B08E
:10E58000BDE8F08F2DE9F347DDF82890DDF82CA0E9
:10E5900007460E4615469846002456FA04F3DA0755
:10E5A0000AD52101384601F0F0012A4643468DE89C
:10E5B0000006FFF77BFF18B901340D2CEDD10020C8
:10E5C000BDE8FC872DE9F04F89B007920268B0F8EA
:10E5D000308012689C46D2690446D2F80021B0F817
:10E5E00032A09045838EC78E50DA8279002A50D1AE
:10E5F00001F0F0063611C719B2B237F812B0013285
:10E6000037F812508244454503441AD2C5EB080836
:10E6100005F101090AEB050142460AEB0900CDF8B4
:10E6200014C00693E3F340F3069B0C2202FB09306F
:10E6300002FB053102FB08F2E3F336F3DDF814C008
:10E64000069B3146002207E007EB460030F802E067
:10E650000EF1010E20F802E0013102320D29F3D94A
:10E660001299CBEB0502009113990AEB0B00019173
:10E67000079992B202910C2101FB0B31634600F025
:10E6800083FA238E00200133238604E06FF0150007
:10E6900001E06FF0160009B0BDE8F08F2DE9F04FF2
:10E6A00087B005920268B0F8208012689C46D26953
:10E6B0000446D2F8C820B0F822A09045838CC78CBD
:10E6C0004CDA8279002A4CD101F0F0063611C719D4
:10E6D000B2B237F812B0013237F8125082444545D1
:10E6E000034419D2C5EB080805F101090AEB05013D
:10E6F00042460AEB0900CDF80CC00493E3F3D4F2D0
:10E70000049B4FEAC80203EBC90003EBC501E3F326
:10E71000CBF2DDF80CC0049B3146002207E007EB8A
:10E72000460030F802E00EF1010E20F802E001315F
:10E7300002320D29F3D91099CBEB0502009105990E
:10E740000AEB0B00019192B203EBCB01634600F0A0
:10E750002BFA238C00200133238404E06FF0150092
:10E7600001E06FF0160007B0BDE8F08F0368F0B568
:10E77000DB690C25B3F8C020064605FB02F44332E2
:10E7800022F003020134A418B3F8C4204FF6FE713E
:10E7900002F11F006A4321404118501C4FF6FC72E1
:10E7A0000A408218B3F800014FF6FE7100F11F0411
:10E7B0006843114061184FF6FC7201300A4082181C
:10E7C000B3F8C8004FF6FE7100F11F041140611844
:10E7D000C0004FF6FC7201300A408218B3F8CC003A
:10E7E0004FF6FE7100F11F0411406118C0004FF692
:10E7F000FC720A40B3F80431013080184FF6FE7203
:10E8000003F11F010240DB008A18591C4FF6FC730C
:10E810001340CB184FF6FE771F401C37BFB287B0AE
:10E820003846E8F37BF20446002800F0BC80002163
:10E830003A46E3F35DF24023638233684FF6FC729D
:10E84000DB692660B3F8C010A78001F143000240E5
:10E8500005FB0121A28201314FF6FE720A40B3F896
:10E86000C410E2821C3292B2C81C101862834FF6A8
:10E87000FC72024005FB0121A28301314FF6FE72BA
:10E880000A40B3F80011E2831C3292B2C81C10187F
:10E8900062864FF6FC72024005FB0121A28601311F
:10E8A0004FF6FE720A40B3F8C810E2861C3292B2EC
:10E8B000C81C101862844FF6FC72024002EBC101C2
:10E8C0000131A2844FF6FE720A40B3F8CC10E28404
:10E8D0001C3292B2C81C101862854FF6FC720240BE
:10E8E00002EBC1010131A2854FF6FE720A40B3F876
:10E8F0000411E2851C3292B2CB1C6287D2184FF60B
:10E90000FC731340A38703EBC10301334FF6FE7280
:10E910001A40E2870025274F57F8353063B1264B60
:10E9200029018DE81800DD22204601F0F001234B7B
:10E93000FFF71AFD002836DB01350D2DEBD1002540
:10E9400057F8353053B12901DD22204601F0F0019E
:10E950001B4B0094FFF7A2FE002824DB01350D2D90
:10E96000EED1184BB0218DE81800FF222046164B3F
:10E97000FFF7FAFC002816DBB021FF222046134BDC
:10E980000094FFF78BFE00280DDB114B0021029352
:10E990003068104A2346009101910391049105913A
:10E9A000FBF77AF818B12046FFF7CCFC002420468C
:10E9B00007B0F0BD685901000DD5850061D585000F
:10E9C000ADD58500F1E0000043E1000091E00000DA
:10E9D00099D485000D5A01002DE9F743DDF8289000
:10E9E00007460E4615469846002456FA04F3D80703
:10E9F0000AD52101384601F0F0012A464346CDF8F8
:10EA00000090FFF74BFE18B901340D2CEDD100201A
:10EA1000BDE8FE832DE9F04F87B005920268B0F89B
:10EA2000288012689C46D2690446D2F8CC20B0F8FF
:10EA30002AA09045838DC78D4CDA8279002A4CD16B
:10EA400001F0F0063611C719B2B237F812B0013230
:10EA500037F8125082444545034419D2C5EB0808E3
:10EA600005F101090AEB050142460AEB0900CDF860
:10EA70000CC00493E3F318F1049B4FEAC80203EBC4
:10EA8000C90003EBC501E3F30FF1DDF80CC0049BF3
:10EA90003146002207E007EB460030F802E00EF1B5
:10EAA000010E20F802E0013102320D29F3D910994C
:10EAB000CBEB0502009105990AEB0B00019192B294
:10EAC00003EBCB01634600F06FF8238D0020013388
:10EAD000238504E06FF0150001E06FF0160007B029
:10EAE000BDE8F08F2DE9F743DDF8289007460E4684
:10EAF00015469846002456FA04F3DB070AD521018F
:10EB0000384601F0F0012A464346CDF80090FFF761
:10EB100081FF18B901340D2CEDD10020BDE8FE8332
:10EB20002DE9F047089F9A4604469DF82460034665
:10EB300000250CE013F8010B86420AD01DB113F832
:10EB400002ECB64501D2864203D90135ADB29542F9
:10EB5000F0D1AA4207FB05180ED9C5EB02094146C0
:10EB600007FB09F208EB0700E3F39EF0681C20188E
:10EB700061194A46E3F398F0404651463A46E3F3BA
:10EB800033F06655BDE8F0877FB50393089B049387
:10EB9000099B05930C2300939DF82830019303AB48
:10EBA000FFF7BEFF07B000BD1FB50293069B03939E
:10EBB000082300939DF81C30019302ABFFF7B0FFD0
:10EBC00005B000BD37B5254BD0F8945604460093E8
:10EBD000019040F23F1128467F22214BFFF746FC6F
:10EBE00000283AD11F4B28468DE8180041F63F51C6
:10EBF00040221D4BFFF7C6FC78BB1C4B28468DE816
:10EC0000180040F63F119822194BFFF7BBFC20BBC0
:10EC1000184B28468DE8180040F22F11A822164BF9
:10EC2000FFF7B0FCC8B9284640F20F117F22134B02
:10EC30000094FFF7D1FE80B9284640F20F119822C8
:10EC40000F4B0094FFF74EFF38B9284640F20F11E2
:10EC5000A8220C4B0094FFF745FF3EBD55F0850000
:10EC600081EC8500A1F08500A1EC850009F085000C
:10EC700007E2000019F1850015ED8500C5ED85005E
:10EC800085ED850001EE850037B5104BD0F8945620
:10EC90000446009301900521284600220C4BFFF703
:10ECA000E5FB90B90B4B28468DE8180005210122A1
:10ECB000094BFFF7DBFB40B9084B28468DE81800ED
:10ECC00005213222064BFFF7D1FB3EBD49E7850007
:10ECD00011E7850065E785001DE785002DE78500C4
:10ECE00001E7850037B5254BD0F8945604460093CC
:10ECF00001904FF4907128460022214BFFF7B6FB9C
:10ED000000283AD11F4B28468DE818004FF4907127
:10ED100001221D4BFFF7AAFB78BB1C4B28468DE850
:10ED200018004FF490713222194BFFF79FFB20BB64
:10ED3000184B28468DE818004FF490710322164BAB
:10ED4000FFF794FBC8B9154B28468DE818004FF41F
:10ED500090710622124BFFF789FB70B9284680217B
:10ED60000522104B0094FFF799FC30B9284680210A
:10ED700005220D4B0094FFF791FC3EBD01EC850090
:10ED800089E985003DEC850091E98500A5EB8500CA
:10ED900045E9850079EB850031E98500CDEB8500FB
:10EDA00061E985009DE9850019EB850037B5154BB4
:10EDB000D0F8945604460093019040212846002242
:10EDC000114BFFF7D1FAE0B9104B28468DE8180037
:10EDD000402101220E4BFFF7C7FA90B90D4B284690
:10EDE0008DE81800402132220B4BFFF7BDFA40B9E5
:10EDF0000A4B28468DE8180040210322084BFFF7F4
:10EE0000B3FA3EBD8DF2850031F28500A5F2850092
:10EE10003DF2850071F2850021F2850049F28500FE
:10EE200011F2850037B50A4BD0F89456044600938A
:10EE30000190B02128461022064BFFF795FA30B911
:10EE40002846B0211022044B0094FFF727FC3EBD5A
:10EE500065E8850081E78500ADE7850037B5D0F826
:10EE6000945604460090C02128460022114BFFF71B
:10EE7000B3FDF0B92846C02101220F4B0094FFF7E3
:10EE8000ABFDB0B92846C02106220C4B0094FFF719
:10EE9000A3FD70B92846C021A822094B0094FFF7B2
:10EEA00021FE30B92846C0219822064B0094FFF776
:10EEB00019FE3EBDF9F2850021F38500D9F28500E7
:10EEC0003DF38500C1F2850010B5044650B10368DA
:10EED000054918682246FAF784FD2046BDE810402F
:10EEE000E7F32EB710BD00BFAA5A010038B505469A
:10EEF0000C20E7F313F7044638B100210C22E2F3AB
:10EF0000F7F60C232560A38001E0FFF7DDFF204624
:10EF100038BD28B18368DA88013ADA80E7F310B7A0
:10EF200070472DE9F04F9B46038B87B0C518C65A32
:10EF3000B5F80480438AC6EB0808984505919446C5
:10EF4000878AB0F816A032DA6C88C7194445824423
:10EF500016DAC4EB080804F101093919424607EB37
:10EF60000900CDF810C0E2F39FF60C2202FB09A0C5
:10EF700002FB04A102FB08F2E2F396F6DDF810C0F2
:10EF80006B88A21B01336B80AB880C210133AB80F3
:10EF9000109BB8190193059B01FB06A1029392B245
:10EFA0006346CDF800B0FFF7EFFD002001E06FF001
:10EFB000150007B0BDE8F08F2DE9F04F9B46038B9D
:10EFC0009446C518AC8830F80380428AC8EB040325
:10EFD00087B093420591878AB0F816A02FDA9C4239
:10EFE000074482446E8816DAC8F1000804F101096A
:10EFF0003919424607EB0900CDF810C0E2F354F688
:10F000000C2202FB09A002FB04A102FB08F2E2F3BE
:10F010004BF6DDF810C0AB88A21B0133AB80109B10
:10F020000C210193059BB819029301FB06A192B232
:10F030006346CDF800B0FFF7A7FD002001E06FF0B8
:10F04000150007B0BDE8F08F2DE9F04F9B46038C0B
:10F0500085B0C518C65AB5F80480438BC6EB0808BE
:10F06000984503919446878BB0F81EA02EDA6C88E1
:10F07000C7194445824415DAC4EB080804F10109B4
:10F080003919424607EB0900CDF808C0E2F30CF647
:10F090000AEBC9000AEBC4014FEAC802E2F304F626
:10F0A000DDF808C06B88A21B01336B80AB88B819F0
:10F0B0000133AB80039B0AEBC601019392B2634616
:10F0C000CDF800B0FFF770FD002001E06FF01500F3
:10F0D00005B0BDE8F08F00002DE9F04F036885B062
:10F0E00003931B681546DB69C288D3F8D030074606
:10F0F0009A420E465BDA09B14E1CB6B20DB101352B
:10F10000ADB206F127034FF6FC7A03EA0A0A0C2394
:10F1100003FB06A34FF6FE78013303EA080808F163
:10F120000903EB184FF6FC7B03EA0B0B0BEBC50254
:10F1300001324FF6FE73134003F106091FFA89F9F5
:10F1400048460293E7F3EAF50446002830D0002150
:10F150004A46E2F3CDF5029B03992384FB88A4F889
:10F160001880242208F1060801332160A760A4F862
:10F170001090A282A4F816A0A4F81C80A4F81EB0D7
:10F1800066826583FB8046B1DD2120460C4A0D4B2B
:10F190000094FFF7C6FE00280ADB6DB1DD21204692
:10F1A000094A2346FFF750FF002805DA00E0002453
:10F1B0002046FFF7AEFE0024204605B0BDE8F08FE4
:10F1C00085F5850041F58500BDF585007FB50A4AC6
:10F1D0000346009200220192029203920492059249
:10F1E0000649074A0068FAF757FC002814BF4FF099
:10F1F000FF30002007B000BD991E860078F088001F
:10F20000AE5A0100024602490068FAF7EABB00BFA5
:10F21000AE5A010010B5044648B10368214618688B
:10F22000FAF7FEFC2046BDE81040E7F389B510BDB3
:10F2300037B505460820E7F377F50446A0B1056029
:10F24000002201900C2128460A4B0092FDF746FF50
:10F250000028606008DB084B286800932146074AB5
:10F260000423FAF76CFC18B12046FFF7D3FF002403
:10F2700020463EBD1D2686002CF1880031268600E2
:10F2800010B50446C06818B1E7F35AF50023E360EF
:10F2900010BD10B50446A020E7F340F570B1E06062
:10F2A000A06000F1900203461033934243F8103CF3
:10F2B000FAD10023C0F89030184610BD6FF01A0044
:10F2C00010BD000038B50446002852D00021056862
:10F2D0003FF04EDA20463FF02BD8636933B1204629
:10F2E000002141F015DA606938F044DCA36933B1DC
:10F2F0002046012141F00CDAA06938F03BDC23699B
:10F3000033B12046022141F003DA206938F032DCC3
:10F31000E36F33B12046032141F0FAD9E06F38F0B2
:10F3200029DC204641F09AD9D4F89800E7F308F593
:10F3300001E03EF027DEE16920460029F9D1FFF720
:10F340009FFFD5F8440118B10A492A4600F08FF909
:10F35000286809492246FAF744FBD4F8A8301BB1C3
:10F3600004F1A800E1F3DAF62046BDE83840E7F3FF
:10F37000E7B438BD11428600F4C8890030B50546AF
:10F3800087B0B020E7F3CAF40446002800F0998063
:10F390000021B022E2F3ACF40A2384F843300123C5
:10F3A00084F84830FF2384F8203084F8213084F832
:10F3B000223084F823302560C420E7F3AFF4C4F88A
:10F3C000980000287DD020463FF0C4D920463FF069
:10F3D00047DD2B6841F26B02D3F8D43020F07F0078
:10F3E000196BA0879142204608D19B6A932B05D1C7
:10F3F0003FF036DDC0F58440683001E03FF034DD99
:10F40000E087E38F204623F07F03E3873FF02CDD86
:10F4100041F2883222652E4A002320F07F00A4F8B2
:10F420004000E36400922B4A049301922A4A059318
:10F4300002922A4A2868039229492A4A2346FAF75F
:10F440002BFB00283DD1D5F8E80538F069DB606179
:10F45000002836D0D5F8E80538F062DBA06180B32B
:10F46000D5F8E80538F05CDB206150B32046FFF7A3
:10F4700010FF30BBD5F8E80538F052DBE06700B389
:10F48000012384F87830D5F8440141F27073A4F870
:10F490007A3020B114492A4600F0E6F888B92046AF
:10F4A00001213FF065D94FF44843A3650023E3658C
:10F4B00032232366D5F8380604F1A801E1F318F6E3
:10F4C00018B12046FFF7FEFE0024204607B030BDED
:10F4D00059348600B152860039528600ED368600D6
:10F4E0004CF18800F4C889001142860038B5044602
:10F4F000002827D00568144928682246FAF771FACF
:10F50000236A1BB104F12000E1F308F6E3691BB1A3
:10F5100004F11C00E1F302F6A3691BB104F1180029
:10F52000E1F3FCF563691BB104F11400E1F3F6F5B6
:10F53000284606492246FDF7F4FD2046BDE838403E
:10F54000E7F3FEB338BD00BFB0CB89002D62860063
:10F5500070B5054686B03020E7F3E6F30446002890
:10F5600059D04FF0FF3303610422FF2105600A30B8
:10F57000E2F3BEF30B2104F10E00E3F391F7002355
:10F580008DE8180004212846264A274BFDF7A6FDE2
:10F59000002860603FDB284624492246FDF7BCFD79
:10F5A000002838D1D5F8386604F114013046E1F36B
:10F5B0009FF500282FD1304604F11801E1F398F5AA
:10F5C00048BB304604F11C01E1F392F518BB30460C
:10F5D00004F12001E1F38CF5E8B9154B019000939B
:10F5E000144B04900293144B05900393286813491D
:10F5F000134A2346FAF750FA68B9204641F09ADFD9
:10F6000020B12046012141F0C9DF20B93223A36295
:10F610002623636203E02046FFF768FF00242046AC
:10F6200006B070BD45638600FD6286002D628600CF
:10F63000A962860051658600F96286003CF2880066
:10F64000B0CB89004069E1F32FB54069E1F38EB595
:10F650008069E1F329B58069E1F388B5C069E1F318
:10F6600023B5C069E1F382B5006AE1F31DB5006A14
:10F67000E1F37CB538B5044660B105682246064919
:10F680002868FAF7AEF92046E7F35AF32B68002210
:10F6900083F84E2038BD00BF54CC890070B5036894
:10F6A000002686B0054683F84E600C20E7F33CF355
:10F6B0000446002843D0234B056023498DE84800C9
:10F6C0002868224A23460296039604960596FAF77E
:10F6D000E3F9064600282ED18DE811001C212846AA
:10F6E0001B4A1C4BFDF7FAFC0028606023DB0C2151
:10F6F0002846194A194B0096019401F035FF00285D
:10F70000A06018DB164BD5F894068DE818000A2186
:10F710003822144BFEF7AAFE68B9D5F894060A21E0
:10F720003822114B0095FFF757F920B92B680122B9
:10F7300083F84E2003E02046FFF79CFF002420467C
:10F7400006B070BDD971860054F2880054CC89008F
:10F75000A97186007D718600917686005D768600AF
:10F760007D778600197786004977860070B5064652
:10F7700086B00820E7F3D2F20446A0B10B4B002577
:10F78000066045600A498DE828003068094A23462A
:10F790000295039504950595FAF77EF918B1204670
:10F7A000E7F3CEF22C46204606B070BD4D7E8600B3
:10F7B00098F28800B0C6890010B5044650B10368BD
:10F7C000054918682246FAF70CF92046BDE81040B2
:10F7D000E7F3B6B210BD00BFB0C6890070B50446ED
:10F7E00000282AD00668224630681449D6F84451C9
:10F7F000FAF7F7F8224630461149FDF792FC224607
:10F8000030461049FDF799FC224628460E49FFF77D
:10F810001CFF224628460D49FFF71DFF22462846B9
:10F820000B49FFF71EFF28460A492246FFF71FFF34
:10F830002046BDE87040E7F383B270BD35D2890041
:10F840005D8786006D978600FD848600E9868600C8
:10F85000CDAA8600A5928600F0B5D0F8446187B0A5
:10F8600005465820E7F35AF20446002800F093803A
:10F8700000215822E2F33CF220462021494A40F878
:10F88000205BE2F39BF201274FF0FF33E06184F845
:10F890004070A4F84C30304643492246FFF7D2FE70
:10F8A000002878D1304641492246FFF7D1FE002892
:10F8B00071D130463E492246FFF7D0FE00286AD17A
:10F8C00030463C492246FFF7CFFE002863D1284648
:10F8D00039492246FDF72CFC064600285BD18DE80D
:10F8E000110004212846354A354BFDF7F7FB002867
:10F8F000206150DB28463946324633460096019453
:10F90000FDF7ECFB0028606145DB042128462D4A09
:10F910002D4B0096019401F027FE0028A0613ADBF0
:10F9200028462A492246FDF7F7FB002833D1284B09
:10F9300003EBC60253F8363063B1526852B131015D
:10F940008DE81400D5F8940601F0F001C022FEF70E
:10F95000ADFD00BB01360D2EE9D11E4B1E4A0093B2
:10F9600000230193029203930493059328681B4993
:10F970001B4A2346FAF790F868B9204646F0F6D8B5
:10F9800020B12046012144F0C3D820B9636C43F074
:10F990000403636403E02046FFF720FF00242046B1
:10F9A00007B0F0BDB15A0100FD848600E9868600EB
:10F9B000CDAA8600A59286006D97860001928600EA
:10F9C00089918600059E8600F19D86005D878600F0
:10F9D000C49E0200198A860055AB8600ECF28800AE
:10F9E00035D2890038B50446D0B1806808B1E7F354
:10F9F000A7F1236943B90EE0236953F8350008B134
:10FA0000E7F39EF1013500E00025E3689D42F3DB5A
:10FA10002069E7F395F12046BDE83840E7F390B15F
:10FA200038BD00002DE9F04105461820E7F37CF1D0
:10FA30000446002833D02B680560DB690C20DB69A5
:10FA400001335843E7F370F1A06040B32B681820EE
:10FA5000DB69DA695B6F6260E360E7F35FF12061A5
:10FA6000E8B1124918220026E2F3BEF037460EE054
:10FA70000E4BD4F810809B1918798000E7F354F1ED
:10FA8000236948F806009B59083643B10137E368FB
:10FA90009F42EDDB6B68064ADC609A6003E020461B
:10FAA000FFF7A0FF00242046BDE8F0812C9F020054
:10FAB000B9BC860010B5C468A1420BDA006900EB3E
:10FAC000C1042479A24208DA50F83110002041F82C
:10FAD000223010BD6FF0150010BD6FF0150010BD85
:10FAE00047F06C9B10B50446FFF7FAFFE084000C6A
:10FAF00084F82800002010BDD0F8F03310B504467B
:10FB000083B1D3F8280830B1E7F31AF1D4F8F03311
:10FB10000022C3F82828D4F8F003E7F311F10023FA
:10FB2000C4F8F03310BDC36B10B5044683B1836BCA
:10FB30005B6B0B2B07D1D0F8E00320B1E7F300F1AA
:10FB40000023C4F8E033E06BE7F3FAF00023E3634B
:10FB500010BD10B504460120E7F3E0F00346E06372
:10FB6000A8B100210122E2F3C3F0A36B5B6B0B2B66
:10FB70000CD14FF49470E7F3D1F00346C4F8E003DE
:10FB800028B100214FF49472E2F3B2F00123184639
:10FB900010BD70B5044640F678100D46E7F3BEF090
:10FBA000C4F8F003002831D0002140F67812E2F3C7
:10FBB0009FF0B4F85220D4F8F03300261A70D4F82D
:10FBC000F033204683F8B660C3F8B060D4F8F03361
:10FBD00083F8B460A36B83F88460A36B1E679E6791
:10FBE0003C23C4F8BC301023C4F8C030C4F8C4604F
:10FBF00000F09AFFA36B022D0CBF1A6F9A6F0020C2
:10FC0000DA6684F8C36284F8C26270BD6FF01A00CD
:10FC100070BD0000B0F8C632F7B504460E46FBB121
:10FC20000846E2F311F107461348E2F30DF13F18DD
:10FC30001037BFB23846E7F371F00546B8B1B4F8F3
:10FC4000C632394600930D4A3346E2F3B7F0E06C12
:10FC50002946E2F3E9F607462846E7F371F03FB993
:10FC6000E06C314603B0BDE8F040E2F3DDB6074694
:10FC7000384603B0F0BD00BF8F9F02007A9F02009C
:10FC8000044B1B78012B02D1002000707047FFF756
:10FC9000C1BF00BFFC0300002DE9F3471C46B0F8CC
:10FCA000C632074688469146C66C002B32D00846BD
:10FCB000E2F3CAF082462248E2F3C6F082440AF137
:10FCC000100A1FFA8AFA5046E7F328F00546002882
:10FCD0002FD0B7F8C632514600931A4A4346E2F392
:10FCE0006DF038462946FFF7CBFF074668B130462E
:10FCF0002946E2F38DF640B1484506DD30462946F7
:10FD00004A46E2F379F6824600E0A2462846E7F347
:10FD100017F08FB930464146E2F37AF658B14845BC
:10FD200009DD304641464A4602B0BDE8F047E2F3FD
:10FD300063B6824600E0A246504602B0BDE8F087B6
:10FD40008F9F02007A9F020010B51446FFF798FFBC
:10FD500028B100210A46BDE81040E2F301B4204674
:10FD600010BD000038B500220D4608490446FFF7D3
:10FD7000EBFFC0B22823A84284F8660384F8D5318B
:10FD8000CCBF84F8663384F8D50138BDD69F020015
:10FD9000012238B580F860200A23826B002580F8A4
:10FDA0009E31032380F89F3180F86F5380F87153A0
:10FDB00080F8735380F8755380F8775380F8BA5100
:10FDC00082F88A304FF6CE73A0F8783214491422A4
:10FDD000C0F874520446FFF7B7FF124984F866036F
:10FDE0002A462046FFF7B0FF7F2384F87B304FF090
:10FDF000FF33A4F8983004F5F673C4F88C3164230B
:10FE000084F858300423C4F8280384F86C50C4F8EC
:10FE1000E453C4F8745284F8D43184F8D63138BD30
:10FE2000D69F02005E9F02000022FFF78DBF0000F8
:10FE300010B517490446FFF7F7FFC0B284F8E8038E
:10FE40000138C0B2FD2802D9732384F8E83394F84E
:10FE5000E833204684F8E9330E49FFF7E5FFC0B2E6
:10FE600084F8EA0308B10F2802D1052384F8EA33A5
:10FE700094F8E82394F8EA33D31A84F8EB33002398
:10FE800084F8EC3384F8EE33112384F8ED3310BD9D
:10FE9000849F0200E79F02002DE9F04105460C46D1
:10FEA00017461E46FFF7ECFE38B1284621463A4673
:10FEB0003346BDE8F041FFF7EFBE3046BDE8F081C4
:10FEC0000023FFF7E9BF000070B501220D463C4951
:10FED0000446FFF739FF3B4984F8680300222046B7
:10FEE000FFF732FF384984F82C0307222046FFF73A
:10FEF0002BFF364984F82D032046FFF7C1FE88B159
:10FF000032492046A66BFFF78FFF30493067204605
:10FF1000A66BFFF789FFA36BB067022D0CBF1A6FAA
:10FF20009A6FDA662A4900226FF095032046FFF7A0
:10FF3000B3FF274984F83403012220466FF095036C
:10FF4000FFF7AAFF022584F8350300232A4620463E
:10FF50001F49FFF7A1FF63190135052D83F834030D
:10FF6000F3D100252A4620461A49FFF7A9FF631955
:10FF700001350E2D83F85703F4D1012384F867333C
:10FF8000062220461449FFF7DFFE002284F86503AD
:10FF900012492046A56BFFF7D7FE114985F82C01C1
:10FFA00000222046FFF7D0FE002384F83E034021C4
:10FFB000204684F82433BDE87040FFF7D3BE00BF6D
:10FFC0006E9F0200449F0200C89F0200A09F020093
:10FFD000F89F0200C19F0200959F0200AD9F0200A2
:10FFE000699F020010B5044628B10468003418BFA8
:10FFF0000124E6F3A5F6204610BD10B5848B0C80D5
:020000041004E6
:10000000018C118040F2DA321A8090F83520029B80
:1000100001201A8010BD90F834007047C06A704704
:10002000836B9961704738B5044600283ED0C56D92
:10003000013DC565002D39D1FFF75EFD2046FFF774
:1000400072FDD4F8801229B1A36B186900F08CFD01
:10005000C4F88052002584F89551204646F0E4DE2D
:10006000A26B1368A34202D1A36C136003E09A6CE5
:10007000A2421DD19D64D4F8943A0BB12046984712
:10008000A36B186951F094D8D4F8E41320B141B1AE
:10009000204647F08FD804E019B1A36B986852F05E
:1000A000CDDC2046E6F34CF6002038BD012038BDFB
:1000B000012038BD2DE9F0478A4600210446154647
:1000C000C0680A4676469946EBF3DCF680460007A0
:1000D0000CD5276857B1BB6BC7F84C901869F96A03
:1000E00051F02CD8FB6D0133FB65CEE04FF42F604F
:1000F000E6F314F6074628B96FF01A00314648F0C7
:10010000A3DDC5E000214FF42F62E1F3F1F5FB6DB3
:10011000C7F844A00133FB652368BC63BB640123BB
:10012000C7F84C90276087F85930E26C41F26B03B6
:100130009A4205D1636C932B0CBF0123182300E076
:100140001823022DA7F88A3005D118F0010F1CBF23
:100150004FF40053FB62BB6BF96A186950F0EEDF95
:100160007B6CB3F8E0831FFA88F808F470631B0A0D
:10017000FB615FFA88F33B62BB6BD868F8F739FC28
:10018000FB69A7F8C602092B04D10423FB613B6A73
:1001900010333B62012387F824304FEA18333B6366
:1001A0003846FFF79FFC002875D14FF48053A7F81D
:1001B00056304DF2240241F20103022D18BF1346BE
:1001C000A7F8523038463749FFF75AFD38B138465C
:1001D0003449D7F83880FFF727FEC8F8680038465A
:1001E000FFF7B7FC002856D038462946FFF76CFECB
:1001F0003846FFF7CDFD384600F0D2FB00284AD044
:1002000029463846FFF7C5FC0546002843D1384645
:10021000FFF70EFE384647F001DD3846012146F073
:10022000AFDD3846294648F083DB4FF0FF33C7F88F
:10023000D432C7F8D832C7F8DC32C7F8E032C7F892
:10024000E432C7F8E832C7F8EC32C7F8F032384683
:1002500007F11C011C22E1F3C7F4206950F0A8DF6C
:1002600060B1BB6B986852F035DEC7F8F80328B967
:100270006FF01A00314648F0E7DC0CE03846002108
:1002800048F04CDA002387F8FC3907F14C03FB6493
:100290003846BDE8F0873846FFF7C5FE0020BDE8C8
:1002A000F08700BF519F020070B505464FF498706B
:1002B0007646E6F333F5044628B96FF01A00314666
:1002C00048F0C2DC39E000214FF49872E1F310F5F8
:1002D0002B68A3606B68E360AB682361EB686360C5
:1002E0002B6963612B8CA3846B8CE3846B6AA362A0
:1002F000AB6AE362EB6A23632B6B63636B6B6364D0
:10030000AB6BA364EB6BE3642B6C23656B6C636575
:10031000AB6CC4F81C316B69A365AB69E3650F2353
:1003200023663D2363667923A3660123C4F818314D
:100330000323E366002384F88B30204670BD000061
:100340007FB50A4B0A49009300230193029303935C
:1003500004930593074A0368F9F79EFB002814BF2E
:100360004FF0FF30002007B000BD00BF05E386005E
:1003700068F48800B95A010001490268F9F731BBF5
:10038000B95A01000023F0B51C4607E0CE183568C5
:10039000C718C550756801347D6008339442F5D1A3
:1003A000F0BD000038B5046C0023C4F8243690F882
:1003B0006D53094B094A4FF48060002D0CBF154660
:1003C0001D46E6F3ABF4C4F8240620B1294680228A
:1003D000FFF7D8FF012038BD66AD020066B102000C
:1003E00070B517494FF0FF32046C0546FFF7ACFCBF
:1003F0001449C4F8500517222846FFF7A5FC00262B
:10040000C4F8540510496FF0250284F85865284651
:10041000FFF79AFC0D49A4F8480532462846FFF735
:1004200093FC0B49A4F8040C6FF003022846FFF775
:100430008BFCB4F84835C318A4F8063C70BD00BF67
:100440001DA0020046A802002FA802009CAC0200DA
:1004500007AD020038B527490446FFF7E5FCC0B2F6
:1004600028288CBF0023012384F8690384F8CA0379
:1004700084F86D3320462049FFF7D6FC0828204633
:100480001CD81E490022FFF71BFD80B20022C4F8D1
:10049000FC001B492046FFF713FD1A49C4F8000170
:1004A0002046FFF7C1FC184905462046FFF7BCFC73
:1004B00080B240EA0545C4F8045113E01349002214
:1004C000FFF7FEFC80B2C4F8FC0011490022204670
:1004D000FFF7F6FC0F49C4F800012046FFF7A4FC23
:1004E000C4F8040120460C49FFF79EFC84F808017B
:1004F00038BD00BF1EA40200EFAC020014A8020029
:100500003DA802004CA0020038A0020090AC0200FE
:1005100035AD0200A1A80200C4A70200F8B5A449A5
:100520000022056C0446FFF7CBFCA14985F8BC040A
:1005300001222046FFF7C4FC9E4985F8BD04002235
:1005400007232046FFF7A8FC922385F8BE049949AB
:1005500001222046FFF7A0FC974985F8BF0400223E
:100560002046FFF7F1FB9549C5F8C4040022204658
:10057000FFF7EAFB0026A5F85804914985F8336493
:1005800020463246FFF7E0FB8E49A5F80A042046D4
:10059000FFF74AFCB8B1012385F833342F464223D4
:1005A000324620468749FFF777FCAB19C0B283F883
:1005B0002604B5F80A340136C018A7F80C0402372F
:1005C0000D2EECD10DE0804942222046FFF7BCFB06
:1005D000C2B285F8082420467C49FFF7B5FBA5F890
:1005E00006047B4900222046FFF7AEFB794985F8D7
:1005F00038044FF0FF322046FFF7A6FB7649A5F8F6
:1006000068054FF0FF322046FFF79EFB7349A5F8BF
:100610006A054FF0FF322046FFF796FB7049A5F8B8
:100620006E054FF0FF322046FFF78EFB6D4985F8CF
:10063000700500222046FFF787FB002684F874002F
:10064000324620466849FFF73BFCAB1901360E2EB7
:1006500083F80606F4D1A12264492046FFF774FB13
:100660006349C5F8C00546F20F622046FFF76CFBF0
:100670000822C5F8C4055F492046FFF765FB5E49BF
:10068000C5F8C8056FF008022046FFF75DFB5B491F
:10069000C5F8CC0540F6BB722046FFF755FB0A2291
:1006A000C5F8D00556492046FFF74EFB5549C5F819
:1006B000D4056FF044022046FFF746FB5249A5F8E7
:1006C00002066FF04A022046FFF73EFB0122A5F822
:1006D00004064E492046FFF737FB80B2031C18BFC3
:1006E000012300F0020085F84A353F2285F84B05CA
:1006F00047492046FFF728FB642285F84C05454909
:100700002046FFF721FB4449C5F85C054FF0FF3256
:100710002046FFF719FBC5F86005013018BF01201E
:1007200085F864053D4900222046FFF70DFBC0B265
:1007300000F00F03000900F0010085F8143685F879
:1007400017063749002226232046FFF7A5FB344928
:10075000A5F81806012242232046FFF79DFB5023EF
:10076000A5F81A062E4902222046FFF795FB06221D
:10077000A5F81C062B492046FFF7E6FA85F81E0669
:100780002046FFF767FE94F86D232046002A4DD1DE
:100790002549FFF795FB2449A4F88203012220464E
:1007A000FFF78EFB2049A4F87E0320464DE000BFF2
:1007B000C8AC020073A8020087AC020054AC02006F
:1007C0007FA8020074AC0200B1AC0200E3AC0200EE
:1007D00008A0020055A00200F7AC020061A80200C8
:1007E0001CA80200BAAC02004CAD020025A8020011
:1007F0008DA80200D2AC0200D9AC020014A0020005
:100800005FAD02002AAD020067AC0200DFA7020064
:10081000ADA80200FAA70200E8A7020041A002006A
:1008200080AC0200D1A7020045AD0200254900229C
:10083000FFF746FB2349A4F8820301222046FFF775
:100840003FFB2049A4F87E0320460222FFF738FB35
:100850000023A4F880031C4985F833362046022281
:10086000FFF71AFB10B1012385F8333695F83336BC
:100870002BB3154900222046FFF722FB1249A4F8AA
:100880002C0A01222046FFF71BFB0F49A4F8280A77
:1008900002222046FFF714FB0C49A4F82A0A002282
:1008A0002046FFF751FA0A4985F8310628222046EA
:1008B000FFF74AFA002385F8320684F867330120EF
:1008C000F8BD00BF0AA80200A5AC0200DAA702002A
:1008D0005AAD020038B50E49046C0546FFF7A4FA7C
:1008E0000C4984F829062846FFF79EFAFF2284F86F
:1008F0002A0609492846FFF727FA084984F83006EE
:100900002846FFF791FAC4F82C06012038BD00BF35
:100910005EAC020096A802002BA0020051A80200C3
:1009200038B50446056C4FF46770E6F3F7F1C5F887
:100930002006236CD3F82006B0B1D4F8DC300B4A83
:10094000934207D00A4A934206D00A4A93420AD1F8
:10095000094902E0094900E009494FF46772E1F3EF
:1009600043F1012038BD002038BD00BFC0AD3A02C0
:1009700080BA8C0100F82401B8A8020082A002000D
:1009800028A4020010B504464EF00AD8236CD3F810
:100990002006E6F3D5F1206CBDE81040E6F3D0B1B7
:1009A00070B5044640F60840E6F3B8F10546206409
:1009B000002800F08380002140F60842E1F398F11E
:1009C0000125A36B84F8825084F8F050D868EBF3CB
:1009D000BDF13B4BC4F8DC00C4F8483A394B204623
:1009E000C4F84C3A384BC4F8503A384BC4F8543A2F
:1009F000374BC4F8A03A374BC4F85C3A364BC4F8CE
:100A0000643A364BC4F86C3A354BC4F8703A354BFF
:100A1000C4F87C3A344BC4F8B43A344BC4F8B03A16
:100A2000334BC4F8C03A334BC4F8BC3A324BC4F829
:100A3000C43A324BC4F8C83A314BC4F8CC3A314BC3
:100A4000C4F8943A304BC4F8D03A304BC4F8D43A96
:100A50002F4BC4F8D83A2F4BC4F8DC3A2E4BC4F8CD
:100A6000E03AFFF75BFD40B32046FFF759FF20B3A4
:100A70002046FFF797FC00B32046FFF7B1FC236C3C
:100A8000204683F8C054FFF725FF24490022204662
:100A9000266CFFF759F9224986F8340600222046D1
:100AA000FFF752F91F4984F890022A462046266C27
:100AB000FFF74AF986F8350600E00546284670BD7E
:100AC000554B8700114A8700154A8700B95E870099
:100AD0008D358700214B8700915E8700CDEC860025
:100AE000296487001D4B8700895F870015F9860000
:100AF000D5F886004938870061498700CD218700F5
:100B0000C5F90000415D0200F50A8700F90A870077
:100B1000F10A8700FD0A87000D0B870072A0020012
:100B200064A0020014AD0200836B93F82C210AB17B
:100B3000042200E003221A67DA667047F8B5074618
:100B40000C200D461646E6F3E9F0044630B10021CC
:100B50000C22E1F3CDF027606660A5602046F8BD69
:100B600008B1E6F3EDB070478068F2F35BB40000C3
:100B700070B5064686B06C20E6F3D0F00446D0B1DE
:100B800000216C22E1F3B4F00823A3610E4B266030
:100B90000025009330680D490D4A234601950295C2
:100BA000039504950595F8F777FF38B93268012366
:100BB00082F892302371204606B070BD2046E6F3DD
:100BC000BFF02C46F7E700BF0D698700B00A890027
:100BD000665B010010B5044668B1036806491868F1
:100BE0002246F8F7FEFE204651F048D82046BDE8E0
:100BF0001040E6F3A5B010BD665B010010B50446D9
:100C000048B1054922464068F8F7EBFE2046BDE8AA
:100C10001040E6F395B010BD5CF4890070B506464F
:100C200086B01020E6F37AF0044630B3002110229B
:100C3000E1F35EF033682660636073680025A360AB
:100C4000042130460E4A0F4B00950194FCF746FAFA
:100C5000A842E0600DDB0C4B30688DE828000B49A2
:100C60000B4A23460295039504950595F8F714FF62
:100C700018B12046FFF7C2FF0024204606B070BD21
:100C800029748700117487007D7487007C0B8900AC
:100C90005CF4890030B5054687B01420E6F33EF0D9
:100CA000044638B300211422E1F322F06B6828686F
:100CB000A360124B25606060002500931049114A23
:100CC000234601950295039504950595F8F7E4FEF2
:100CD00060B90A2323730F2363736423A37302236E
:100CE000E373062323740123637403E02046E6F3D1
:100CF00027F02C46204607B030BD00BF217B87007F
:100D0000940B89000CE3890010B5044648B10549ED
:100D100022464068F8F765FE2046BDE81040E6F33D
:100D20000FB010BD0CE3890010B5044658B1064B56
:100D300021461B88C3581868F8F772FF2046BDE8A3
:100D40001040E5F3FDB710BDD403000073B50546B0
:100D50000C20E5F3E9F70446C8B1104B04221A80D1
:100D600002214560002301900D4A28460093FCF7BC
:100D7000B5F9002820600ADB01232381094B28688C
:100D800000932146084A0223F8F7D9FE18B12046FD
:100D9000FFF7CAFF002420467CBD00BFD40300003B
:100DA0007D858700FC0B8900A985870038B504463E
:100DB00080B1094B21461B88C5582868F8F730FFD9
:100DC000286806492246F8F70CFE2046BDE8384060
:100DD000E5F3B6B738BD00BFD6030000845B010061
:100DE000F0B5054687B01420E5F39EF704460028C9
:100DF00056D02F4B04221A80456000260190042112
:100E000028462C4A2C4B0096FCF768F9B04220602B
:100E100046DB0123A3810C232382284B0722E28196
:100E20000093274B286801932649274A23460296B8
:100E3000039604960596F8F72FFE002830D1234B31
:100E4000286800932146224A0523F8F778FE38BB2C
:100E5000204BD5F894068DE818004FF490712A22A3
:100E60001D4BFDF703FBD8B9D5F8940680212A2243
:100E70001A4B0094FDF712FC90B9B5F8AA0106F0E0
:100E800023DD801B18BF01200A3055F820301B6875
:100E9000022B09D1012120460A4652F0ABDD03E0C6
:100EA0002046FFF783FF0024204607B0F0BD00BFB7
:100EB000D60300005D89870049898700DD8B8700A4
:100EC000F58B8700340C8900845B01000C0C8900D1
:100ED000098B8700F98C8700E9898700F9888700EA
:100EE000084B10B51B88044650B1C3580649186812
:100EF0002246F8F776FD2046BDE81040E5F320B71E
:100F000010BD00BFD80300008B5B010070B5054623
:100F100086B01420E5F308F70446002844D0264B99
:100F200008221A8000238560042100930190234A3F
:100F30002846234BFCF7D2F80028206034DB02233C
:100F4000A38105220C23E2812382D5F89406802117
:100F50003D221C4B0094FDF7A1FB28BB1A4B0290CD
:100F600000931A4B03900193049005901849286848
:100F7000184A2346F8F790FDB0B9B5F8AA0106F073
:100F8000A3DC2B6893F84F201AB1032A14BF032265
:100F900001222046012153F063DA204602214FF05E
:100FA000FF3253F05DDA03E02046FFF799FF00249B
:100FB000204606B070BD00BFD80300003192870004
:100FC0001D928700E991870099938700019587001A
:100FD000400C89008B5B010038B5044698B1056868
:100FE000224628460849FCF79CF821462868F8F76D
:100FF00017FE286805492246F8F7F3FC2046BDE8AD
:101000003840E5F39DB638BD1D9E8700C9E38900D1
:1010100030B5054687B00820E5F386F6044600287B
:101020003ED000230560042100930190204A284609
:10103000204BFCF753F80028606031DB28461E493E
:101040002246FCF769F858BB1C4B019000930290B4
:101050000390049005901A4928681A4A2346F8F725
:101060001BFDE8B9184B286800932146174A012355
:10107000F8F765FDA0B9164BD5F894068DE8180071
:101080004FF490712822134BFDF7F0F940B9D5F8D1
:10109000940680212822104B0094FDF7FFFA18B126
:1010A0002046FFF799FF0024204607B030BD00BF5F
:1010B000A19D8700619D87001D9E8700A59E8700DA
:1010C0009C0C8900C9E38900940C8900799E8700F3
:1010D0009D9F8700459E8700459D870070B5064609
:1010E00086B09C20E5F320F60446002834D0066044
:1010F0001B4B3068002560601A4900931A4A23464A
:1011000001950295039504950595F8F7C5FCF8B986
:10111000D6F884341E229B7822610422E2720222D5
:101120002377227301230A22E376237263616273B9
:10113000A3764FF6AF72A37784F899301023A0738B
:101140006072A072228384F89A3084F8983003E0A9
:101150002046E5F3F5F52C46204606B070BD00BFED
:1011600019AE8700001C890066B50200C0F8841023
:10117000C0F88820C0F88C307047000010B50446D5
:1011800048B1054922464068F8F72BFC2046BDE8E7
:101190001040E5F3D5B510BD66B5020038B504467C
:1011A00000B3436B05680BB1E9F7C6FC04F114000A
:1011B000DBF38AF404F11800DBF386F404F1100089
:1011C000DFF382F504F12400DBF372F422460649D2
:1011D0002868F8F706FC2046E5F3B2F52B680022F4
:1011E00083F8622138BD00BF7AE689002DE9F0411D
:1011F000054686B03820E5F397F5044600287FD0F1
:1012000005600026019004212846414A414B009682
:10121000FBF764FFB042606072DB042128463E4A5F
:101220003E4B0096019400F09FF9B042A06067DB4E
:101230000127E76038463A493A4A6B68DFF32EF1F6
:10124000206100285CD006213246D5F80480DFF307
:101250006BF53449034642463148DBF317F46062CC
:1012600000284DD0072132462069DFF35DF539466D
:101270000346E0613246606ADBF3E8F23946024633
:10128000A0612069DFF350F5E36939463246606AB0
:10129000DBF3DCF20221024660612069DFF344F5F2
:1012A000214B4FF00308C4F82C808DE848001F4BF9
:1012B000286804931E4B1F4905931F4A2346029634
:1012C0000396F8F7E9FBD8B91C4BD5F894068DE8DE
:1012D0001800B02142461A4BFDF746F880B9194B69
:1012E000D5F894068DE81800B0215D22164BFDF765
:1012F00069F928B91423A3622B6883F8627103E0AB
:101300002046FFF74BFF0024204606B0BDE8F081E1
:1013100015D28700B9060100890501004DE087005C
:10132000FDD0870005D1870099D38700945B010029
:1013300019050100181C89007AE6890017150100BB
:101340008F16010055140100C11401002DE9F0436E
:10135000074687B04FF441700E4615469846E5F3B0
:10136000DDF40446002878D000214FF44172E0F308
:10137000BFF42820E5F3D2F48146206020B920464E
:10138000E5F3DEF4484668E000212822E0F3B0F4FB
:1013900023684FF441721C606261E5604FF0FF32D8
:1013A0000025A261A760C4F804809D711423A4F8ED
:1013B00008322823A4F806322D23A4F804326E2321
:1013C000A4F80A32022384F80C326423A4F83832D9
:1013D00084F80D523046224922462B46F2F33AF069
:1013E000C4F8F80130B304F51473C4F81832C4F823
:1013F00014321C4B0526C4F81C6200931A4B02954C
:1014000001931A4B049503930595234638681849B0
:10141000184AF8F741FB034660B900903868216824
:10142000154AF8F78CFB28B984F8406284F84162C9
:10143000206812E0D4F8F81119B1A3689868F1F3A4
:10144000F1F7206908B100F03FF8206808B1E5F332
:1014500077F42046E5F374F4002007B0BDE8F0838C
:1014600065F68700C5EF870049F6870039FF8700DA
:101470006C1C890000E889006500880038B50546C5
:10148000F0B10468E4B1D4F8F81131B1A3689868F8
:10149000F1F3C8F70023C4F8F831A36822461868AE
:1014A0000849F8F79EFAA36821681868F8F7B8FBAE
:1014B0002846E5F345F42046BDE83840E5F340B45E
:1014C00038BD00BF00E8890010B5044630B159F0BE
:1014D000B9DE2046BDE81040E5F332B410BD00008F
:1014E000F7B506680546F3691F6D02373F013846B8
:1014F000E5F314F4044610B300213A46E0F3F8F3A0
:1015000084E860001021002628460E4A0E4B009603
:101510000194FBF7E3FDB042A0610CDB04F1200372
:1015200063614FF44773E360D5F8380604F11C019A
:10153000DFF3DEF518B12046E5F302F43446204629
:10154000FEBD00BFB90888009D08880010B504469C
:1015500048B1C36913B11C30DFF3E0F52046BDE8A4
:101560001040E5F3EDB310BDF0B5D0F824410068AC
:101570002569C069006D854211D267692E01B819CD
:10158000013525614360059BBA518360069BC360AA
:10159000E068C31C591821F00301E160F0BD4FF071
:1015A000FF30F0BD37B505461820E5F3B7F3044624
:1015B00038B300211822E0F39BF32B6825606360A9
:1015C0006B682846A360FFF765FBE06088B15BF0BD
:1015D000AFD8002301468DE8180028460A4A0B4B75
:1015E000FFF7C2FF0028206103DB51F04DD8606196
:1015F00007E0E06808B1FFF787FB2046E5F3A0F3BA
:10160000002420463EBD00BF1D1B8800F91A88003B
:1016100010B5044638B1C068FFF776FB2046BDE838
:101620001040E5F38DB310BD73B505461820E5F302
:1016300075F30446002838D000211822E0F358F34F
:101640000C20E5F36BF3064600282DD000210C2278
:10165000E0F34EF32B686661256063602846FFF770
:101660003DFDA060B8B15BF09DD8002301468DE838
:10167000280028460E4A0F4BFFF776FF0028E0604F
:1016800009DB56F013DA0C4920610C4AA0680C4BB8
:10169000FFF76CFD09E0A06808B1FFF76FFD204679
:1016A000E5F34EF3002400E0044620467CBD00BF75
:1016B000CD1B8800A91B8800C1218800B5218800A6
:1016C000A91E880010B5044650B18068FFF756FD8A
:1016D0006069E5F335F32046BDE81040E5F330B32B
:1016E00010BD000070B5444B86B0009300230193F9
:1016F00002930393414B04460493414B41490593A4
:101700000068414A2346F8F7C7F9054600286FD11B
:10171000D4F884341421A3F86410A36A012683F852
:101720004C00E36A204683F84C60A16A5EF0E8D87A
:10173000E16A20465EF0E4D8204629465DF0EADB07
:10174000A36A83F84D50E36A83F84D50236A186901
:10175000E7F7F6FE830707D5D4F884344FF0FF325D
:101760005E73D4F88434DA812368D4F884545E69D3
:1017700051F0BCD90146304651F052D9E8620028F8
:1017800036D0D4F884341F2283F87820D4F8840427
:10179000052257304FF0FF31E0F3AAF22368D4F866
:1017A0008424B3F8C810D3F8D80051850A215163B6
:1017B0001649E1F315F1431E0D2BD4F88454236828
:1017C00098BF68631249D3F8D800E1F309F185F8AE
:1017D0008A00D4F88434012283F85120D4F8843468
:1017E00000201A7883F84E20D4F88434586701E03A
:1017F0004FF0FF3006B070BDE9398800105C010081
:10180000AD1E0100341D89006EB5020081B50200D5
:1018100072B50200D0F8843410B5D96A044611B10B
:10182000406851F00BD9206802492246BDE81040BB
:10183000F8F7D7B86EB5020038B503680446D0F89B
:1018400084542749D3F8D800E1F3CAF028702368FC
:101850002449D3F8D800D4F88454E1F3C1F0E870F7
:10186000D4F884341A78013AD2B2FD2A01D901227F
:101870001A70D4F884341A785A700023D4F8842467
:10188000D11812780133052B81F85220F6D1D4F803
:10189000845401212846E0F38BF4A870D4F88434F2
:1018A000DA78013AD2B2FD2A01D90122DA70D4F8ED
:1018B00084340121DA785A71D4F88454E81CE0F3B6
:1018C00077F42871D4F8843420461A799A715DF03F
:1018D00053DAB4F858142046BDE838405DF0A49AB5
:1018E0008EB5020096B5020010B50446D8B1406826
:1018F0000D492246FBF72BFC236A1BB104F12000A3
:10190000DFF30CF4237F23B1606808492246FBF71C
:1019100008FCA06806492246F8F763F82046BDE8AF
:101920001040E5F30DB210BDD15688005154880027
:101930007E5C010030B5054687B02420E5F3EEF16A
:10194000044600283ED000212422E0F3D1F12B6888
:101950000022A360AB686560E3606B6804212361CB
:101960000823A3822846194B8DE81400FBF7B6FB29
:101970000028206022DB284615492246FBF7CCFBD5
:10198000E0B901232377284612492246FBF7DAFB08
:10199000A0B9D5F8380604F12001DFF3A9F368B93E
:1019A0000D4B0190009302900390049005900B4919
:1019B00028680B4A2346F8F76FF818B12046FFF75E
:1019C00093FF0024204607B030BD00BFC9548800F3
:1019D00051548800D1568800555588001C1F890035
:1019E0007E5C0100D0F8D036186ADFF35DB3D0F822
:1019F000D036186ADFF3BAB3F8B5D0F88464044679
:101A00000D46D1F8D800C149E0F3EAF786F81C0189
:101A1000D5F8D800BE49E1F307F0D4F8846438B1B2
:101A2000D5F8D800BA49E0F3DBF786F8E80002E021
:101A3000022386F8E830D5F8D800B649E0F3F4F789
:101A4000D4F8846438B1D5F8D800B249E0F3C8F7C7
:101A500086F8580102E0FF2386F85831AE49D5F8E0
:101A6000D800D4F88464E0F3BBF7AC49C6F8200191
:101A7000D5F8D800D4F88464E0F3B2F7A849A6F802
:101A80002A01D5F8D800D4F88464E0F3A9F7A54971
:101A9000A6F82C01D5F8D800D4F88464E0F3A0F7B8
:101AA000A149A6F82E01D5F8D800D4F88464E0F353
:101AB00097F786F8E900D4F8843493F8E92012B94E
:101AC000022283F8E920D5F8D8009849D4F8846434
:101AD000E0F386F7A6F8C600D4F88464B6F9C630F9
:101AE00013B90123A6F8C630D5F8D8009049E0F321
:101AF00077F7C6F8D800D4F88464D6F8D8301BB984
:101B00004CF25033C6F8D83096F8E93001229A40AA
:101B1000D6F8D810D5F8D8008A4288BFC6F8D820A1
:101B2000022212FA03F38349C6F8DC30E0F358F7D7
:101B3000C6F8E400D4F88464D6F8E4301BB94FF456
:101B40009673C6F8E430D5F8D8007B49E0F348F73F
:101B5000A6F8C400D4F88464B6F9C43013B91923C4
:101B6000A6F8C430D5F8D8007449E0F339F786F800
:101B70006C01D4F8843493F86C2112B9052283F8EF
:101B80006C216F49D5F8D800D4F88464E0F328F7C5
:101B9000D4F88434A6F8F00093F81C21694983F83E
:101BA0001D21D4F8843493F81D2183F84821D4F8FA
:101BB0008434DA7983F8AC20D4F884341A7A83F840
:101BC0004521D4F884644FF6A273A6F8EA30A6F84B
:101BD000EC30A6F8EE30D5F8D800E0F301F7A6F81F
:101BE000F200D4F88464B6F9F2301BB94FF6A27350
:101BF000A6F8F23096F8E930012212FA03F3D6F88B
:101C0000D8205149934288BFC6F8D8300023A6F89F
:101C1000B230A6F8B430A6F8B630C6F8B830C6F878
:101C2000BC30C6F8C030D5F8D8001F46E0F3D8F66F
:101C300086F844014549D5F8D800D4F88464E0F327
:101C4000CFF686F84B01D5F8D8004149D4F8846422
:101C5000E0F3C6F6D4F88434C6F8240183F8297179
:101C6000D4F88434D3F824211AB94FF49B72C3F802
:101C7000242193F81D2102B10322C3F84C21C3F89B
:101C800050210022C3F85421D5F8D8003149E0F39F
:101C9000CBF640B1D5F8D8002E49D4F88464E0F3EF
:101CA0009FF6C6F85401D5F8D8002B49E0F3BCF6EE
:101CB00040B1D5F8D8002849D4F88464E0F390F610
:101CC000C6F84C01D5F8D8002449E0F3ADF640B190
:101CD000D5F8D8002149D4F88464E0F381F6C6F839
:101CE00050011F4922460023A068D4F88454F1F320
:101CF000B1F31C49C5F830012246A0680023D4F88E
:101D00008454F1F3A7F3C5F83401F8BD2CB60200F2
:101D1000A4B6020074B6020057B60200CBB50200AA
:101D2000EEB5020000B6020096B602009EB50200B3
:101D300067B602001FB60200BEB50200CDB60200B3
:101D4000DDB5020081B6020012B60200AEB5020097
:101D5000BFB6020045B6020035B60200AFB60200BB
:101D60003F330100AD33010038B5044680B105684A
:101D70002246D5F844010749FDF779FC2846064973
:101D80002246FBF7CEF92046BDE83840E4F3D8B749
:101D900038BD00BF1D708800B16E880037B505469C
:101DA0000820E4F3C1F70446C0B1056000220190A9
:101DB000042128460C4B0092FBF790F90028606044
:101DC0000CDB284609492246FBF7A6F930B9D5F8BD
:101DD000440107492246FDF747FC18B12046FFF7AA
:101DE000C3FF002420463EBD596F8800B16E8800B5
:101DF0001D70880038B5044670B105682146286812
:101E0000F7F70EFF286805492246F7F7EAFD204656
:101E1000BDE83840E4F394B738BD00BF845C0100EE
:101E200030B5054687B00C20E4F37EF70446002861
:101E300046D0274B05604FF490710093019020220B
:101E4000D5F89406234BFCF711FB002838D1224B20
:101E5000D5F894068DE818004FF4907123221F4B9B
:101E6000FCF704FB00282BD11D4BD5F894068DE818
:101E70001800402188221B4BFCF718FB00BBD5F84B
:101E8000940680212022184B0094FCF707FCB8B977
:101E9000164B02900093164B03900193049005900B
:101EA00014492868144A2346F7F7F6FD40B9134B46
:101EB000286800932146124A0123F7F740FE18B123
:101EC0002046FFF797FF0024204607B030BD00BF33
:101ED00021768800E9738800557688000D748800A3
:101EE000C1758800D5738800BD7388005D74880053
:101EF000BD758800781F8900845C0100701F89000F
:101F00003174880010B5044660B1074B07491B883F
:101F10002246C3581868F7F764FD2046BDE8104014
:101F2000E4F30EB710BD00BFDA030000885C0100C7
:101F3000F0B5074687B01420E4F3F6F6054620B363
:101F4000154B06460024042206F8044B1A80012390
:101F500047603372F4607472042101900F4A38466E
:101F60000F4B0094FFF700FBA04270600DDB0D4BA0
:101F700000940193029403940494059438682146D4
:101F8000094A2B46F7F788FD18B12846FFF7BAFF34
:101F90000025284607B0F0BDDA030000D977880095
:101FA000B977880029788800885C010070B50546FB
:101FB00086B01820E4F3B8F6044600285AD02B68FF
:101FC0000026012243600560082183F8AD200190BE
:101FD0003246284633460096FFF7C6FAB0422061E3
:101FE0004BDB10212846274A274B00960194FBF72C
:101FF00075F8B042C5F898013FDB0423E360234B3A
:10200000A06005218DE81800D5F894064422204BE5
:10201000FCF72CFA002830D11E4BD5F894068DE839
:1020200018004FF4907144221B4BFCF71FFA002854
:1020300023D1D5F8940605214422184B0094FCF7CF
:10204000CBFCD0B9D5F89406C0214422144B00949F
:10205000FCF7C2FC88B9134B01900093124B03901C
:1020600002930490059011492868114A2346F7F716
:1020700013FD10B9204606B070BD2046E4F360F6AB
:102080000024F7E7798188005D818800DD80880081
:10209000358088003581880005818800558088005A
:1020A0003D858800C5828800CD858800E01F8900B5
:1020B0008C5C010010B5044648B1054922464068D1
:1020C000F7F78FFC2046BDE81040E4F339B610BDA9
:1020D0008C5C010070B5054686B03020E4F31EF636
:1020E0000446002831D000213022DFF301F61A4BDC
:1020F00025600093002301930293039304930593B7
:1021000028681649164A2346F7F7C6FC0646E0B982
:10211000FF23A3750123E3752B681249D3F8D80078
:10212000E0F382F420B131463246E0F319F2A075B3
:102130002B680D49D3F8D800E0F376F448B10021BC
:102140000A46E0F30DF2E07503E0284661F094DD05
:102150000024204606B070BDA98C88001C20890090
:1021600056FB8900E3B60200EDB6020038B504461E
:10217000002820D061F0D4DDA36A73B1204661F05D
:1021800099DA0AE02B6868686360E4F3D9F52846B9
:10219000E4F3D6F5237D013B23756568002DF1D16D
:1021A0002368054918682246F7F71BFC2068BDE83C
:1021B000384061F0619D38BD56FB8900776C635FE4
:1021C000626D61635F696E666F5F696E697400005E
:1021D00000000000000000000000000000000000FF
:1021E00000000000000000000000000000000000EF
:1021F00000000000000000000000000000000000DF
:1022000000000000000000000000000000000000CE
:1022100000000000000000000000000000000000BE
:1022200000000000000000000000000000000000AE
:10223000000000000000000000000000000000009E
:10224000000000000000000000000000000000008E
:10225000000000000000000000000000000000007E
:10226000000000000000000000000000000000006E
:10227000000000000000000000000000000000005E
:10228000000000000000000000000000000000004E
:10229000000000000000000000000000000000003E
:1022A000000000000000000000000000000000002E
:1022B000000000000000000000000000000000001E
:1022C000000000000000000000000000000000000E
:1022D00000000000000000000000000000000000FE
:1022E00000000000000000000000000000000000EE
:1022F00000000000000000000000000000000000DE
:1023000000000000000000000000000000000000CD
:1023100000000000000000000000000000000000BD
:1023200000000000000000000000000000000000AD
:10233000000000000000000000000000000000009D
:10234000000000000000000000000000000000008D
:10235000000000000000000000000000000000007D
:10236000000000000000000000000000000000006D
:10237000000000000000000000000000000000005D
:10238000000000000000000000000000000000004D
:10239000000000000000000000000000000000003D
:1023A000000000000000000000000000000000002D
:1023B000000000000000000000000000000000001D
:1023C000000000000000000000000000000000000D
:1023D00000000000000000000000000000000000FD
:1023E00000000000000000000000000000000000ED
:1023F00000000000000000000000000000000000DD
:1024000000000000000000000000000000000000CC
:1024100000000000000000000000000000000000BC
:1024200000000000000000000000000000000000AC
:10243000000000000000000000000000000000009C
:10244000000000000000000000000000000000008C
:10245000000000000000000000000000000000007C
:10246000000000000000000000000000000000006C
:10247000000000000000000000000000000000005C
:10248000000000000000000000000000000000004C
:10249000000000000000000000000000000000003C
:1024A000000000000000000000000000000000002C
:1024B000000000000000000000000000000000001C
:1024C000000000000000000000000000000000000C
:1024D00000000000000000000000000000000000FC
:1024E00000000000000000000000000000000000EC
:1024F00000000000000000000000000000000000DC
:1025000000000000000000000000000000000000CB
:1025100000000000000000000000000000000000BB
:1025200000000000000000000000000000000000AB
:10253000000000000000000000000000000000009B
:10254000000000000000000000000000000000008B
:10255000000000000000000000000000000000007B
:10256000000000000000000000000000000000006B
:10257000000000000000000000000000000000005B
:10258000000000000000000000000000000000004B
:10259000000000000000000000000000000000003B
:1025A000000000000000000000000000000000002B
:1025B000000000000000000000000000000000001B
:1025C000000000000000000000000000000000000B
:1025D00000000000000000000000000000000000FB
:1025E00000000000000000000000000000000000EB
:1025F00000000000000000000000000000000000DB
:1026000000000000000000000000000000000000CA
:1026100000000000000000000000000000000000BA
:1026200000000000000000000000000000000000AA
:10263000000000000000000000000000000000009A
:10264000000000000000000000000000000000008A
:10265000000000000000000000000000000000007A
:10266000000000000000000000000000000000006A
:10267000000000000000000000000000000000005A
:10268000000000000000000000000000000000004A
:10269000000000000000000000000000000000003A
:1026A000000000000000000000000000000000002A
:1026B000000000000000000000000000000000001A
:1026C000000000000000000000000000000000000A
:1026D00000000000000000000000000000000000FA
:1026E00000000000000000000000000000000000EA
:1026F00000000000000000000000000000000000DA
:1027000000000000000000000000000000000000C9
:1027100000000000000000000000000000000000B9
:1027200000000000000000000000000000000000A9
:102730000000000000000000000000000000000099
:102740000000000000000000000000000000000089
:102750000000000000000000000000000000000079
:102760000000000000000000000000000000000069
:102770000000000000000000000000000000000059
:102780000000000000000000000000000000000049
:102790000000000000000000000000000000000039
:1027A0000000000000000000000000000000000029
:1027B0000000000000000000000000000000000019
:1027C0000000000000000000000000000000000009
:1027D00000000000000000000000000000000000F9
:1027E00000000000000000000000000000000000E9
:1027F00000000000000000000000000000000000D9
:1028000000000000000000000000000000000000C8
:1028100000000000000000000000000000000000B8
:1028200000000000000000000000000000000000A8
:102830000000000000000000000000000000000098
:102840000000000000000000000000000000000088
:102850000000000000000000000000000000000078
:102860000000000000000000000000000000000068
:102870000000000000000000000000000000000058
:102880000000000000000000000000000000000048
:102890000000000000000000000000000000000038
:1028A0000000000000000000000000000000000028
:1028B0000000000000000000000000000000000018
:1028C0000000000000000000000000000000000008
:1028D00000000000000000000000000000000000F8
:1028E00000000000000000000000000000000000E8
:1028F00000000000000000000000000000000000D8
:1029000000000000000000000000000000000000C7
:1029100000000000000000000000000000000000B7
:1029200000000000000000000000000000000000A7
:102930000000000000000000000000000000000097
:102940000000000000000000000000000000000087
:102950000000000000000000000000000000000077
:102960000000000000000000000000000000000067
:102970000000000000000000000000000000000057
:102980000000000000000000000000000000000047
:102990000000000000000000000000000000000037
:1029A0000000000000000000000000000000000027
:1029B0000000000000000000000000000000000017
:1029C0000000000000000000000000000000000007
:1029D00000000000000000000000000000000000F7
:1029E00000000000000000000000000000000000E7
:1029F00000000000000000000000000000000000D7
:102A000000000000000000000000000000000000C6
:102A100000000000000000000000000000000000B6
:102A200000000000000000000000000000000000A6
:102A30000000000000000000000000000000000096
:102A40000000000000000000000000000000000086
:102A50000000000000000000000000000000000076
:102A60000000000000000000000000000000000066
:102A70000000000000000000000000000000000056
:102A80000000000000000000000000000000000046
:102A90000000000000000000000000000000000036
:102AA0000000000000000000000000000000000026
:102AB0000000000000000000000000000000000016
:102AC0000000000000000000000000000000000006
:102AD00000000000000000000000000000000000F6
:102AE00000000000000000000000000000000000E6
:102AF00000000000000000000000000000000000D6
:102B000000000000000000000000000000000000C5
:102B100000000000000000000000000000000000B5
:102B200000000000000000000000000000000000A5
:102B30000000000000000000000000000000000095
:102B40000000000000000000000000000000000085
:102B50000000000000000000000000000000000075
:102B60000000000000000000000000000000000065
:102B70000000000000000000000000000000000055
:102B80000000000000000000000000000000000045
:102B90000000000000000000000000000000000035
:102BA0000000000000000000000000000000000025
:102BB0000000000000000000000000000000000015
:102BC0000000000000000000000000000000000005
:102BD00000000000000000000000000000000000F5
:102BE00000000000000000000000000000000000E5
:102BF00000000000000000000000000000000000D5
:102C000000000000000000000000000000000000C4
:102C100000000000000000000000000000000000B4
:102C200000000000000000000000000000000000A4
:102C30000000000000000000000000000000000094
:102C40000000000000000000000000000000000084
:102C50000000000000000000000000000000000074
:102C60000000000000000000000000000000000064
:102C70000000000000000000000000000000000054
:102C80000000000000000000000000000000000044
:102C90000000000000000000000000000000000034
:102CA0000000000000000000000000000000000024
:102CB0000000000000000000000000000000000014
:102CC0000000000000000000000000000000000004
:102CD00000000000000000000000000000000000F4
:102CE00000000000000000000000000000000000E4
:102CF00000000000000000000000000000000000D4
:102D000000000000000000000000000000000000C3
:102D100000000000000000000000000000000000B3
:102D200000000000000000000000000000000000A3
:102D30000000000000000000000000000000000093
:102D40000000000000000000000000000000000083
:102D50000000000000000000000000000000000073
:102D60000000000000000000000000000000000063
:102D70000000000000000000000000000000000053
:102D80000000000000000000000000000000000043
:102D90000000000000000000000000000000000033
:102DA0000000000000000000000000000000000023
:102DB0000000000000000000000000000000000013
:102DC0000000000000000000000000000000000003
:102DD00000000000000000000000000000000000F3
:102DE00000000000000000000000000000000000E3
:102DF00000000000000000000000000000000000D3
:102E000000000000000000000000000000000000C2
:102E100000000000000000000000000000000000B2
:102E200000000000000000000000000000000000A2
:102E30000000000000000000000000000000000092
:102E40000000000000000000000000000000000082
:102E50000000000000000000000000000000000072
:102E60000000000000000000000000000000000062
:102E70000000000000000000000000000000000052
:102E80000000000000000000000000000000000042
:102E90000000000000000000000000000000000032
:102EA0000000000000000000000000000000000022
:102EB0000000000000000000000000000000000012
:102EC0000000000000000000000000000000000002
:102ED00000000000000000000000000000000000F2
:102EE00000000000000000000000000000000000E2
:102EF00000000000000000000000000000000000D2
:102F000000000000000000000000000000000000C1
:102F100000000000000000000000000000000000B1
:102F200000000000000000000000000000000000A1
:102F30000000000000000000000000000000000091
:102F40000000000000000000000000000000000081
:102F50000000000000000000000000000000000071
:102F60000000000000000000000000000000000061
:102F70000000000000000000000000000000000051
:102F80000000000000000000000000000000000041
:102F90000000000000000000000000000000000031
:102FA0000000000000000000000000000000000021
:102FB0000000000000000000000000000000000011
:102FC0000000000000000000000000000000000001
:102FD00000000000000000000000000000000000F1
:102FE00000000000000000000000000000000000E1
:102FF00000000000000000000000000000000000D1
:1030000000000000000000000000000000000000C0
:1030100000000000000000000000000000000000B0
:1030200000000000000000000000000000000000A0
:103030000000000000000000000000000000000090
:103040000000000000000000000000000000000080
:103050000000000000000000000000000000000070
:103060000000000000000000000000000000000060
:103070000000000000000000000000000000000050
:103080000000000000000000000000000000000040
:103090000000000000000000000000000000000030
:1030A0000000000000000000000000000000000020
:1030B0000000000000000000000000000000000010
:1030C0000000000000000000000000000000000000
:1030D00000000000000000000000000000000000F0
:1030E00000000000000000000000000000000000E0
:1030F00000000000000000000000000000000000D0
:1031000000000000000000000000000000000000BF
:1031100000000000000000000000000000000000AF
:10312000000000000000000000000000000000009F
:10313000000000000000000000000000000000008F
:10314000000000000000000000000000000000007F
:10315000000000000000000000000000000000006F
:10316000000000000000000000000000000000005F
:10317000000000000000000000000000000000004F
:10318000000000000000000000000000000000003F
:10319000000000000000000000000000000000002F
:1031A000000000000000000000000000000000001F
:1031B000000000000000000000000000000000000F
:1031C00000000000000000000000000000000000FF
:1031D000646561646D616E5F746F0072616D7374BC
:1031E000627964697300646561646D616E5F746FB8
:1031F000007370695F70755F656E6162005344496A
:103200004F444556006773706964776F726400506D
:10321000434D4349414445560073645F6F6F626F8D
:103220006E6C790073645F67706F757400475350FC
:10323000492044776F7264204D6F646520656E612C
:10324000626C65640A0073645F6770646300736432
:103250005F677076616C0025733A2042726F61641B
:10326000636F6D20534450434D44204344432064D6
:1032700072697665720A00736470636D6463646377
:103280002564005344494F000A52544520282573B1
:103290002D25732573257329202573206F6E2042F9
:1032A000434D25732072256420402025642E25641B
:1032B0002F25642E25642F25642E25644D487A0A17
:1032C0000000434443006E6F637263006E6F746965
:1032D000665F63006E6F7469665F73006F66646D2E
:1032E0003267706F3D3078257800706125646777AC
:1032F00025646125643D3078257800706131686906
:1033000062303D256400706131686962313D256439
:1033100000706131686962323D2564006761696EE1
:103320006374726C7370683D2564007061316D6107
:10333000787077723D2564006D656173706F776595
:103340007225643D307825780072786761696E7304
:1033500025646725637472656C6E6162797061259E
:10336000643D256400706132676125643D307825D5
:10337000782C307825782C30782578007273736932
:10338000736D6335673D256400757362666C6167B4
:10339000733D30782578007061326763636B612517
:1033A000643D307825782C307825782C3078257855
:1033B000007064657472616E676532673D307825B0
:1033C00078007573623330753175323D3078257809
:1033D0000073756276656E6469643D3078257800A7
:1033E000616725643D30782578006F656D3D253037
:1033F00032782530327825303278253032782530D1
:103400003278253032782530327825303278006FA6
:1034100066646D706F3D307825780074656D706FEF
:1034200066667365743D2564006D656173706F77C2
:1034300065723D307825780072737369736D6632FA
:10344000673D2564007061706172616D62777665B9
:10345000723D256400646F74313161676F66646D1D
:103460006872627732303267706F3D30782578004D
:10347000697474326761303D307825780062786114
:1034800032673D25640072737369736D6332673D03
:1034900025640070613567627734306125643D30A2
:1034A0007825782C307825782C307825782C307851
:1034B00025782C307825782C307825782C30782594
:1034C000782C307825782C307825782C3078257831
:1034D0002C307825782C30782578006D63736277EE
:1034E000323035676C706F3D307825780000006DA4
:1034F000637362773230756C35676C706F3D30780E
:103500002578006D63736277343035676C706F3D7A
:103510003078257800000075736275746D695F639B
:10352000746C3D30782578006578747061676169E6
:103530006E32673D3078257800616E7473776374FE
:103540006C32673D307825780070726F64756374F3
:103550006E616D653D25730074785F647574795F85
:103560006379636C655F7468726573685F25645F17
:1035700035673D25640072786761696E65727232E5
:10358000676125643D3078257800616730006D61A2
:10359000787032676125643D307825780062776401
:1035A0007570706F3D30782578006E6F6973656C4B
:1035B000766C35676125643D25642C25642C256473
:1035C0002C25640062773430706F3D3078257800A8
:1035D00070613567627738306125643D30782578D1
:1035E0002C307825782C307825782C307825782C5C
:1035F000307825782C307825782C307825782C3048
:103600007825782C307825782C307825782C3078EF
:1036100025782C30782578007573623330753175D4
:10362000323D30782578007064657472616E67652C
:1036300035673D30782578006D6163616464723D63
:1036400025730074656D70735F6879737465726556
:103650007369733D2564006D6373256467706F251E
:10366000643D3078257800626F617264666C6167D2
:1036700073323D3078257800626F617264666C61E8
:103680006773333D30782578006C65646268256423
:103690003D307825780072786761696E73256467BC
:1036A0002563747269736F6125643D2564006161EF
:1036B00032673D307825780070726F6469643D3000
:1036C0007825780074656D707468726573683D253F
:1036D0006400636869707265763D2564006C656797
:1036E0006F66646D6277323035676C706F3D30782D
:1036F00025780000006C65676F66646D6277323014
:10370000756C35676C706F3D30782578006C656737
:103710006F66646D6277323035676D706F3D3078FB
:1037200025780000006C65676F66646D62773230E3
:10373000756C35676D706F3D30782578006C656706
:103740006F66646D62773230356768706F3D3078D0
:1037500025780000006C65676F66646D62773230B3
:10376000756C356768706F3D3078257800757362C9
:1037700066733D25640074656D70735F7065726972
:103780006F643D25640073623430616E64383025A7
:10379000637235672563706F3D3078257800636309
:1037A0003D2564002004D002A6A9FFFF646F743198
:1037B000316167647570256372706F3D307825786C
:1037C0000061676125643D30782578007472697303
:1037D0006F35673D307825780074656D7073656E60
:1037E00073655F736C6F70653D2564006D61787003
:1037F00035676125643D307825782C307825782C24
:10380000307825782C3078257800706131697473B0
:103810007369743D25640070613062303D25640039
:1038200070613062313D25640070613062323D2547
:103830006400706135676125643D307825782C30EF
:103840007825782C307825782C307825782C3078AD
:1038500025782C307825782C307825782C307825F0
:10386000782C307825782C307825782C307825788D
:103870002C30782578006D63736277383035672592
:1038800063706F3D307825780073756262616E6495
:1038900035677665723D256400727373697361766E
:1038A00035673D2564006D6373627732303267702F
:1038B0006F3D307825780000006D63736277323099
:1038C000756C3267706F3D30782578006D63736278
:1038D0007734303267706F3D3078257800000072A1
:1038E00065677265763D30782578006363746C3D5A
:1038F00030782578006E6F6973656C766C3267611D
:1039000025643D25640075736233307265677330DA
:103910003D307825782C307825782C307825782C17
:10392000307825782C307825782C307825782C3014
:103930007825782C307825782C307825782C3078BC
:10394000257800757362333072656773313D307866
:1039500025782C307825782C307825782C307825EF
:10396000782C307825782C307825782C307825788C
:103970002C307825782C307825782C3078257800F4
:1039800063636B706F3D30782578007472693567BA
:103990003D25640063636B64696766696C74747960
:1039A00070653D25640076656E6469643D307825F8
:1039B000780066656D6374726C3D25640075736292
:1039C00033307265677325643D307825782C307804
:1039D00025782C307825782C307825780070646F25
:1039E0006666736574326725646D6125643D307861
:1039F00025780075736265706E756D3D3078257839
:103A00000070613168696D61787077723D2564007E
:103A10007278636861696E3D3078257800626F6105
:103A20007264666C6167733D30782578007061312F
:103A300062303D25640070613162313D2564007063
:103A4000613162323D2564007478636861696E3D5E
:103A5000307825780072786761696E732564672510
:103A600063656C6E616761696E6125643D25640004
:103A70006770646E3D30782578007061306D6178D4
:103A80007077723D25640062786135673D2564007A
:103A90006167626725643D307825780075736273CD
:103AA000737068795F736C656570303D3078257828
:103AB0000075736273737068795F736C65657031DC
:103AC0003D307825780075736273737068795F7321
:103AD0006C656570323D307825780075736273735C
:103AE0007068795F736C656570333D307825780058
:103AF0006C656464633D307825303478006D6373A1
:103B00003332706F3D30782578007273736973615A
:103B10007632673D2564006F706F3D2564006974DF
:103B200074326761313D30782578007278706F3576
:103B3000673D25640065787470616761696E3567FB
:103B40003D30782578006F66646D356768706F3D2D
:103B5000307825780074776F72616E67657473735F
:103B6000692564673D25640073623230696E3430C4
:103B7000256372706F3D30782578006D616E6669DF
:103B8000643D3078257800656C6E6132673D307831
:103B9000257800727063616C32673D30782578005B
:103BA00000000000000000727063616C35676230D5
:103BB0003D30782578000000000000727063616C71
:103BC000356762313D3078257800000000000072D2
:103BD0007063616C356762323D3078257800000093
:103BE000000000727063616C356762333D30782588
:103BF0007800000000000070613062305F6C6F3D43
:103C000025640070613062315F6C6F3D2564007027
:103C1000613062325F6C6F3D2564007362323069DF
:103C20006E3830616E6431363025637235672563D6
:103C3000706F3D3078257800636464706F3D307834
:103C4000257800626F617264747970653D30782503
:103C50007800616E747377697463683D3078257895
:103C600000626F6172646E756D3D25640072646CF4
:103C700069643D30782578007874616C667265718E
:103C80003D2564006D61787035676861303D30783E
:103C900025780072786761696E73256467656C6E5C
:103CA000616761696E6125643D25640075736273A7
:103CB000736D64696F25643D307825782C307825E4
:103CC000782C307825782C307825780073756264EC
:103CD000657669643D30782578007061316C6F627B
:103CE000303D2564007061316C6F62313D256400A8
:103CF0007061316C6F62323D256400737462637071
:103D00006F3D307825780072786761696E657272F0
:103D100035676125643D307825782C307825782CFE
:103D2000307825782C30782578007061316C6F6D93
:103D300061787077723D25640070646F66667365A4
:103D40007425646D6125643D307825780074656D57
:103D500070636F7272783D2564006F66646D3567BD
:103D6000706F3D30782578007573626E6F73733DA8
:103D70003078257800616135673D307825780063BB
:103D80007573746F6D76617225643D3078257800A7
:103D900074785F647574795F6379636C655F6F666F
:103DA000646D5F25645F35673D25640075756964E2
:103DB0003D257300757362646573635F636F6D7037
:103DC0006F736974653D307825780074656D707324
:103DD000656E73655F6F7074696F6E3D256400700A
:103DE0006170646361702564673D2564006C65677C
:103DF0006F66646D627732303267706F3D30782560
:103E0000780000006C65676F66646D6277323075AC
:103E10006C3267706F3D3078257800706467616937
:103E20006E2564673D2564006D617870356761308B
:103E30003D30782578006D617870356761313D30AF
:103E4000782578006D63732564672563706F25643A
:103E50003D307825780070687963616C5F74656DBA
:103E60007064656C74613D2564007061256467252C
:103E7000637725646125643D307825780063636F3E
:103E800064653D3078300072656777696E646F777E
:103E9000737A3D2564006F66646D6C7262773230B0
:103EA0003267706F3D3078257800776F776C5F6789
:103EB00070696F706F6C3D256400616E7473776319
:103EC000746C35673D307825780063636B326770BA
:103ED0006F3D307825780074726932673D25640043
:103EE00063636B627732303267706F3D307825786C
:103EF00000000063636B62773230756C3267706FFD
:103F00003D3078257800697474356761303D3078CC
:103F1000257800697474356761313D307825780003
:103F20006D63736C7235672563706F3D30782578EB
:103F30000070646F6666736574326725646D7661C0
:103F40006C69643D307825780072786761696E73BA
:103F50002564677472656C6E616279706125643D79
:103F6000256400626F6172647265763D30782578F1
:103F70000072617774656D7073656E73653D30783E
:103F800025780075736273737068795F75746D69F5
:103F90005F63746C303D307825780075736273739D
:103FA0007068795F75746D695F63746C313D3078EA
:103FB00025780075736273737068795F75746D69C5
:103FC0005F63746C323D307825780000000000009B
:103FD0006F66646D35676C706F3D30782578007062
:103FE00061306974737369743D2564007473736917
:103FF000706F7335673D30782578007278706F3256
:10400000673D25640074737369706F73736C6F70B0
:10401000652564673D2564007472693567683D25D0
:1040200064006D616E663D25730074726935676C5E
:104030003D2564006D637362773230356768706F59
:104040003D307825780000006D63736277323075FB
:104050006C356768706F3D30782578006D637362EA
:10406000773430356768706F3D3078257800000010
:1040700073726F6D7265763D2564006C65676F665F
:10408000646D3430647570706F3D30782578006DE4
:1040900061787035676861313D30782578006465F6
:1040A0007669643D307825780072786761696E734F
:1040B000256467747269736F6125643D2564006DC2
:1040C00061787035676C61303D30782578006D61BE
:1040D000787035676C61313D3078257800657061A6
:1040E0006761696E2564673D25640077707367704A
:1040F000696F3D256400776F776C5F6770696F3D0E
:1041000025640072737369736D6635673D256400BD
:10411000747269736F32673D3078257800747373F9
:1041200069706F7332673D30782578007770736CF3
:1041300065643D256400656C6E6135673D307825AA
:104140007800706135676277343038306125643DBE
:10415000307825782C307825782C307825782C30DC
:104160007825782C307825782C307825782C307884
:1041700025782C307825782C307825782C307825C7
:10418000782C307825782C30782578006D63736230
:1041900077323035676D706F3D30782578000000DC
:1041A0006D637362773230756C35676D706F3D305B
:1041B000782578006D63736277343035676D706F82
:1041C0003D3078257800000063636F64653D2563AA
:1041D0002563006D63736277313630356725637010
:1041E0006F3D3078257800496E76616C69642F5593
:1041F0006E737570706F72746564207874616C2072
:1042000076616C756520256400726D696E00636C63
:10421000646F5F627572737400706C6C2564006CFF
:104220006E6C646F310072256464007225647400E2
:104230007874616C66726571000000000C0000000B
:10424000020016000200000004000D00070000003C
:1042500001000A000800000004000D000A00000030
:1042600004000D000D000000010007001700000011
:10427000040004001B000000040001001C000000FA
:104280000100070000000000020002000100000021
:104290000100010003000000020002000400000011
:1042A00001000100050000000100010006000000FF
:1042B0000100010009000000010005000B000000E2
:1042C000010001000C000000020030000E000000A0
:1042D000010001000F0000000100010010000000BB
:1042E00001000100110000000100010012000000A7
:1042F000030003001300000001000100140000008F
:10430000010001001500000001000100160000007E
:104310000100010018000000020013001900000055
:10432000020013001A000000020013001D0000002C
:10433000010001001E000000010001000C0000004F
:1043400002003000726D61780000004B000790653C
:10435000000C1892000F6C706C646F31000000004C
:10436000010000000000000000000000000000004C
:10437000020000000000000001000000000000003A
:104380000400000000000000030000000000000026
:104390000800000000000000000000000000000015
:1043A00010000000000000000700000000000000F6
:1043B0002000000000000000571100000000000075
:1043C0004000000000000000170100000000000095
:1043D0008000000000000000570100000000000005
:1043E00000010000000000000300000000000000C9
:1043F00000020000000000000000000000000000BB
:1044000000040000000000000300000000000000A5
:104410000008000000000000070400000000000089
:104420000010000000000000570100000000000024
:104430000020000000000000D71500000000000070
:104440000040000000000000F7BDC20E00000000A8
:104450000080000000000000F73DC20E00000000D8
:10446000000001000000000000000000000000004B
:104470000000020000000000F73DC00E0000000038
:104480000000040000000000F73DC20E0000000024
:104490000000080000000000F73DC20E0000000010
:1044A0000000100000000000F73DC0060000000002
:1044B0000000200000000000F73DDA0E00000000C0
:1044C0000000400000000000F73D00060000000072
:1044D0000000800000000000F73D400600000000E2
:1044E00000000001000000000000000000000000CB
:1044F0000000000200000000D701000000000000E2
:104500000000000400000000D70D000000000000C3
:104510000000000800000000F73DC0060000000099
:104520000000001000000000F73DCA0E000000006F
:104530000000002000000000F73DCA1E000000003F
:104540000000004000000000F73DFA3E00000000BF
:10455000726567256400636C646F5F70776D0063DC
:1045600068697063256400626F6172647479706554
:104570000070726F64696400737764656E61626C69
:1045800065006770646E00626F617264666C61677B
:10459000730062746378776172666C616773007828
:1045A00074616C6672657100626F617264726576C7
:1045B000006465766964006D7578656E6162007788
:1045C0006C30696400776C25643A2042726F6164D4
:1045D000636F6D2042434D2573203830322E3131C8
:1045E00020576972656C65737320436F6E74726FC8
:1045F0006C6C65722025730A0074656D705F746859
:104600006F72745F6D6F6E69746F725F74696D65E0
:104610000074785F6D696E696D756D5F647574792E
:104620005F6379636C650074785F647574795F6348
:1046300079636C655F63636B00616762673000611B
:10464000676267310061676267320074656D70622E
:10465000617365645F647574795F6379636C655FCA
:10466000656E006161300074785F647574795F63B2
:1046700079636C655F6F66646D00000011338200C2
:104680002534820000000000000000004E56524118
:104690004D52657600736172326700616132670066
:1046A00020432543034321432443184319431A431A
:1046B0001143134312431443154316431B431C4336
:1046C0001D43284329432A432B432C432D43414375
:1046D0004043504351435243534357439DA97605AA
:1046E00054435F433F434F432F43344335433643A3
:1046F00037433843394316474847274743436043C6
:10470000464347434843314332433343AA43584324
:1047100059435A43A9435543564363438043814316
:10472000824364436543664374436743A043A143A4
:10473000A243AE43AF43B043AB43AC43AD43E343CB
:10474000E443E543E243D043D143D243BA43BB43BE
:10475000BC43B143B243B343A343A443A543B743CC
:10476000B843B943C043C143C243D343D443D54301
:10477000D643D743D843D943DA43DB43DF43E0434F
:10478000E143EC43ED43EE43E943EA43EB43224389
:10479000D6A867A868A89CA9D8A89DA913431443C4
:1047A00086A83143A7A9DBA8D1A8DCA8A4A952AA4E
:1047B000C6A902AA31AA32AA74785F74656D705FC7
:1047C0007468726573680064657669640031316E7F
:1047D0005F64697361626C650061673000616B6D75
:1047E00000000000299483005DB7830005928300D8
:1047F0000000000045338400DD3984000000000023
:10480000000000007A6263786763696770696F000F
:10481000616E74737763746C326700616E74737762
:1048200063746C356700776C25643A646D61256448
:104830000061613267006C74656378666E73656CE5
:10484000006274635F6D6F646500626F61726466BD
:104850006C616773006D616361646472006C7465A0
:1048600063787061646E756D0076656E646964006E
:104870007A626378666E73656C00627463786C65E7
:104880007363616E007A6263787061646E756D0047
:10489000637573746F6D7661723100637573746FD5
:1048A0006D76617232006274635F706172616D7304
:1048B0002564006274635F666C6167730062746391
:1048C00078776172666C61677300626F61726466AB
:1048D0006C61677332006C746563786763696770D5
:1048E000696F00626F617264666C61677334006245
:1048F0006F617264726576006465766964007372D4
:104900006F6D7265760062745F64656661756C7464
:104910005F616E74006D6F6E69746F725F74696D44
:10492000655F6F75740062746364796E5F64656659
:1049300061756C745F6274635F6D6F646500707243
:104940006F7465637465645F74696D655F6F7574BA
:104950000062746364796E5F6D73775F726F773036
:104960000062746364796E5F6D73775F726F773125
:104970000062746364796E5F6D73775F726F773214
:104980000062746364796E5F64736E735F726F77D5
:10499000730062746364796E5F636F65785F7477C8
:1049A0006F5F616E74007478635F6475725F7468C2
:1049B000726573680062746364796E5F6D73775FAC
:1049C000726F77330062746364796E5F6D73775FC3
:1049D000726F77730062746364796E5F64666C747F
:1049E0005F64736E735F6C6576656C00627463649C
:1049F000796E5F6274727373695F687973746572DC
:104A00000070726F745F6274727373695F7468723E
:104A1000657368006374733273656C665F64757286
:104A20005F74687265736800616C6572745F746945
:104A30006D655F6F75740062746364796E5F686939
:104A400067685F64736E735F6C6576656C00726631
:104A5000615F636F756E745F74687265736800621E
:104A6000746364796E5F6D69645F64736E735F6CA9
:104A70006576656C0062746364796E5F6C6F775FF6
:104A800064736E735F6C6576656C006274636479E1
:104A90006E5F666C6167730062746364796E5F64F5
:104AA000736E735F726F77300062746364796E5FE8
:104AB00064736E735F726F77310062746364796ED2
:104AC0005F64736E735F726F7732006274636479D0
:104AD0006E5F64736E735F726F77330073636F5FC3
:104AE000727373695F7468726573680063636F647F
:104AF0006500636300726567726576006576656E52
:104B00007471006873323000B1968600F1968600A9
:104B100061848600B1848600B1968600F196860095
:104B200061848600B1848600B1968600F196860085
:104B30002D85860099868600000000000000000098
:104B400000000000000000002D8586009986860088
:104B50000000000000000000B1968600F19686007B
:104B6000B1968600F1968600B1968600F196860091
:104B7000000000000D060F000000000004063004D5
:104B8000000000000206400672737369636F727260
:104B90006E6F726D00676C616369616C74696D65DD
:104BA000720063616C5F706572696F64006C647041
:104BB0006300747373696C696D75636F640025734A
:104BC0002E6661622E25640074656D70746872656E
:104BD0007368002E6661622E00747870777262636B
:104BE0006B6F6600696E746572666572656E63658B
:104BF00000676C697463685F62617365645F6372A8
:104C0000736D696E0032675F636761007273736909
:104C1000636F7272617474656E0070687963616C41
:104C20005F74656D7064656C74610074656D70733C
:104C30005F68797374657265736973007273736901
:104C4000636F727270657272673267007473736932
:104C5000666C6F6F72326700766261745F61646464
:104C6000007061706476616C69647465737400735C
:104C7000776469765F6770696F5F31006D63733267
:104C800067706F300073707572636F6E666967006E
:104C90006D63733267706F310063636B646967665D
:104CA000696C74747970650065755F6564746872A9
:104CB0006573683267007265645F7278626C6F63F7
:104CC0006B696E67000001006C094B0076011300F0
:104CD000323016000300417E0006000AD903270087
:104CE00025000000910900006C0900000000050388
:104CF0005BE708003F5812122F141F1F1F1F20517F
:104D00002761000009603F70020071094B007601C5
:104D10001300323016000300417E0006000AD9035A
:104D20002700250000009109000071090000000023
:104D300007030D8208003F5812122F141F1F1F1F58
:104D400020512761000009603F70030076094B0085
:104D500076011300323016000300417E0006000A7F
:104D6000D903270025000000910900007609000002
:104D700000000903BF1C08003F5812122F141F1F08
:104D80001F1F20512761000009603F7004007B094C
:104D90004B0076011300323016000300417E0006FE
:104DA000000AD903270025000000910900007B09B3
:104DB000000000000A0371B708003F5812122F14B8
:104DC0001F1F1F1F20512761000009603F70050051
:104DD00080094B0076011300323016000300417E3B
:104DE0000006000AD90327002500000091090000F1
:104DF0008009000000000C03235208003F581212E3
:104E00002F141F1F1F1F21512761000009603F70D1
:104E1000060085094B0076011300323016000300AE
:104E2000417E0006000AD9032700250000009109F1
:104E300000008509000000000D03D5EC08003F5874
:104E400012122F141F1F1F1F21512761000009601C
:104E50003F7007008A094B007601130032301600BC
:104E60000300417E0006000AD90327002500000048
:104E7000910900008A09000000000F0387870800DD
:104E80003F5812122F141F1F1F1F215127610000AE
:104E900008603F7008008F094B0076011300323024
:104EA00016000300417E0006000AD90327002500F2
:104EB0000000910900008F09000000001103392251
:104EC00008003F5812122F141F1F1F1F2151276166
:104ED000000008603F70090094094B007601130040
:104EE000323016000300417E0006000AD903270075
:104EF0002500000091090000940900000000120341
:104F0000EBBC08003F5812122F141F1F1F1F215106
:104F10002761000008603F600A0099094B00760194
:104F20001300323016000300417E0006000AD90348
:104F300027002500000091090000990900000000E9
:104F400014039D5708003F5812122F141F1F1F1FD4
:104F500021512761000008603F600B009E094B0053
:104F600076011300323016000300417E0006000A6D
:104F7000D903270025000000910900009E090000C8
:104F8000000015034FF208003F5812122F141F1F84
:104F90001F1F21512761000007603F600C00A3091B
:104FA0004B0076011300323016000300417E0006EC
:104FB000000AD90327002500000091090000A30979
:104FC000000000001703018D08003F5812122F1433
:104FD0001F1F1F1F21512761000007603F600D0048
:104FE000A8094B0076011300323016000300417E01
:104FF0000006000AD90327002500000091090000DF
:10500000A809000000001903B32708003F58121236
:105010002F141F1F1F1F21512861000007603F60D0
:105020000E00B4094B007601130032301600030065
:10503000417E0006000AD9032700250000009109DF
:105040000000B409000000001D035E0108003F5885
:1050500012122F141F1F1F1F21512861000007600B
:105060003F606D61787032676130000001006C094B
:10507000340004010D0023304F000300417E000680
:10508000000AD90327001A000000A20900006C09D9
:1050900000000000B208277608003F5817173C1997
:1050A0001F1F1F1F3B511961000009603F70020064
:1050B0007109340004010D0023304F000300417ECC
:1050C0000006000AD90327001A000000A209000008
:1050D000710900000000B708B11308003F58171706
:1050E0003C191F1F1F1F3B511961000009603F70D1
:1050F00003007609340004010D0023304F00030043
:10510000417E0006000AD90327001A000000A20908
:105110000000760900000000BB083BB108003F58C2
:1051200017173C191F1F1F1F3C5119610000096010
:105130003F7004007B09340004010D0023304F0050
:105140000300417E0006000AD90327001A00000070
:10515000A20900007B0900000000C008C44E08003E
:105160003F5817173C191F1F1F1F3C5119610000A2
:1051700009603F7005008009340004010D002330F0
:105180004F000300417E0006000AD90327001A00E1
:105190000000A2090000800900000000C4084EECD5
:1051A00008003F5817173C191F1F1F1F3C5119615A
:1051B000000009603F7006008509340004010D00FD
:1051C00023304F000300417E0006000AD903270068
:1051D0001A000000A2090000850900000000C908AB
:1051E000D88908003F5817173C191F1F1F1F3C5133
:1051F0001961000009603F7007008A09340004014A
:105200000D0023304F000300417E0006000AD90341
:1052100027001A000000A20900008A09000000000F
:10522000CE08622708003F5817173C191F1F1F1F81
:105230003C511961000008603F7008008F0934007C
:1052400004010D0023304F000300417E0006000AD8
:10525000D90327001A000000A20900008F090000EE
:105260000000D208ECC408003F5817173C191F1F54
:105270001F1F3C511961000008603F70090094092C
:10528000340004010D0023304F000300417E00066E
:10529000000AD90327001A000000A209000094099F
:1052A00000000000D708766208003F5817173C1925
:1052B0001F1F1F1F3C511961000008603F600A005A
:1052C0009909340004010D0023304F000300417E92
:1052D0000006000AD90327001A000000A2090000F6
:1052E000990900000000DC08000008003F5817176B
:1052F0003C191F1F1F1F3C511961000008603F60CF
:105300000B009E09340004010D0023304F00030000
:10531000417E0006000AD90327001A000000A209F6
:1053200000009E0900000000E008899D08003F5829
:1053300017173C191F1F1F1F3D51196100000760FF
:105340003F600C00A309340004010D0023304F001E
:105350000300417E0006000AD90327001A0000005E
:10536000A2090000A30900000000E508133B0800A3
:105370003F5817173C191F1F1F1F3D51196100008F
:1053800007603F600D00A809340004010D002330C0
:105390004F000300417E0006000AD90327001A00CF
:1053A0000000A2090000A80900000000E9089DD83B
:1053B00008003F5817173C191F1F1F1F3D51196147
:1053C000000007603F600E00B409340004010D00C6
:1053D00023304F000300417E0006000AD903270056
:1053E0001A000000A2090000B40900000000F4083F
:1053F0004EEC08003F5817173C191F1F1F1F3D5147
:105400001961000007603F6070726F706277323020
:105410003267706F0072636F725F61636900706DF5
:10542000696E00706170646D6F64650063616C69C2
:105430006478657374746172676574326700636160
:105440006C6964786573746261736532670070615A
:10545000326761305F6C6F0063636B3267706F003F
:1054600063636B7363616C650074656D705F6D750C
:105470006C7400706170646570736F6666736574D8
:10548000006F66646D3267706F00706163616C6994
:10549000647832670073776469765F7377637472D8
:1054A0006C5F656E006F66646D64696766696C74D5
:1054B000747970656265004176566D69644951631F
:1054C000616C0063636B6964787063686F666673B0
:1054D0000074656D705F6164640073776469765F02
:1054E0006770696F006D6373627732303267706F17
:1054F0000070617064656E646964780001006C0915
:105500002600C0000A001A3080000300417E000619
:10551000000AD903270013000000B00900006C093D
:1055200000000000C70B000008003F5817173C1987
:105530001F1F1F1F50511961000009603F700200BA
:1055400071092600C0000A001A3080000300417E65
:105550000006000AD903270013000000B00900006C
:10556000710900000000CD0B004008003F581717DC
:105570003C191F1F1F1F51511961000009603F7026
:10558000030076092600C0000A001A3080000300DC
:10559000417E0006000AD903270013000000B0096D
:1055A0000000760900000000D30B008008003F587F
:1055B00017173C191F1F1F1F515119610000096067
:1055C0003F7004007B092600C0000A001A308000EA
:1055D0000300417E0006000AD903270013000000E3
:1055E000B00900007B0900000000D90B00C00800D2
:1055F0003F5817173C191F1F1F1F515119610000F9
:1056000009603F70050080092600C0000A001A30BA
:1056100080000300417E0006000AD9032700130022
:105620000000B0090000800900000000E00B00004D
:1056300008003F5817173C191F1F1F1F51511961B0
:10564000000009603F70060085092600C0000A00BE
:105650001A3080000300417E0006000AD9032700AB
:1056600013000000B0090000850900000000E60BEF
:10567000004008003F5817173C191F1F1F1F5151AA
:105680001961000009603F7007008A092600C00008
:105690000A001A3080000300417E0006000AD90388
:1056A000270013000000B00900008A090000000074
:1056B000EC0B008008003F5817173C191F1F1F1FD5
:1056C00051511961000008603F7008008F092600E1
:1056D000C0000A001A3080000300417E0006000A64
:1056E000D903270013000000B00900008F09000053
:1056F0000000F20B00C008003F5817173C191F1F8D
:105700001F1F52511961000008603F700900940981
:105710002600C0000A001A3080000300417E000607
:10572000000AD903270013000000B0090000940903
:1057300000000000F90B000008003F5817173C1943
:105740001F1F1F1F52511961000008603F600A00AF
:1057500099092600C0000A001A3080000300417E2B
:105760000006000AD903270013000000B00900005A
:10577000990900000000FF0B004008003F58171770
:105780003C191F1F1F1F52511961000008603F6024
:105790000B009E092600C0000A001A30800003009A
:1057A000417E0006000AD903270013000000B0095B
:1057B00000009E0900000000050C008008003F5812
:1057C00017173C191F1F1F1F525119610000076056
:1057D0003F600C00A3092600C0000A001A308000B8
:1057E0000300417E0006000AD903270013000000D1
:1057F000B0090000A309000000000B0C00C0080065
:105800003F5817173C191F1F1F1F525119610000E5
:1058100007603F600D00A8092600C0000A001A308A
:1058200080000300417E0006000AD9032700130010
:105830000000B0090000A80900000000120C0000E0
:1058400008003F5817173C191F1F1F1F525119619D
:10585000000007603F600E00B4092600C0000A0087
:105860001A3080000300417E0006000AD903270099
:1058700013000000B0090000B40900000000210C72
:10588000000008003F5817173C191F1F1F1F5351D6
:105890001961000007603F606974737369636F7218
:1058A000720073776469765F656E0065646F666623
:1058B0007468643230756C00696E697478696478F4
:1058C00070636800647373667468007473736974DA
:1058D000696D650063636B627732303267706F00A9
:1058E0007061706474656D70007061326761305F03
:1058F0003270777200696E697478696478006363E6
:105900006B7077726F666673657430004176566DA2
:1059100069645F63300074656D705F710076626109
:10592000745F6D756C740063636B696E697478691C
:1059300064780073726F6D726576006F66646D6473
:10594000696766696C7474797065007061706474FD
:10595000656D7062696173006C636E32305F6E6F8B
:1059600069736563616C5F74626C5F656E0065642A
:105970006F6E74686432306C006C65676F66646D5E
:10598000627732303267706F007061326761300069
:1059900074787077726F6666736574326700706DC5
:1059A000617800766261745F710006073F038A00C8
:1059B000000006073F038400000006073F03800045
:1059C000000006073F037B00000006073F03770047
:1059D000000006073F037200000006073F036E0049
:1059E000000006073F036A00000006073F03670048
:1059F000000006073F036300000006073F03610045
:105A0000000006073F035C00000006073F035A0042
:105A1000000006073F035700000006073F0354003D
:105A2000000006073F035100000006073F034F0038
:105A3000000006073F034D00000006073F034B0030
:105A4000000006073F034800000006073F0346002A
:105A5000000006073F034400000006073F03420022
:105A6000000006073F034000000006073F033F0019
:105A7000000006073F033D00000006073F033B0010
:105A8000000006073F033A00000006073F03380006
:105A9000000006073F033600000006073F033500FD
:105AA000000006073F033400000006073F033200F2
:105AB000000006073F033100000006073F033000E7
:105AC000000006073E032F00000006073C032F00DE
:105AD000000006073B032F00000006073B032D00D4
:105AE000000006073A032D00000006073A032C00C9
:105AF000000006073A032B00000006073A032900BE
:105B000000000607390329000000060738032800B3
:105B100000000607380327000000060738032600A8
:105B2000000006073803250000000607380324009C
:105B30000000060737032400000006073703230090
:105B40000000060737032200000006073703210084
:105B5000000006073503210000000607350320007A
:105B600000000607340320000000060734031F006E
:105B70000000060732031F000000060733031E0063
:105B80000000060733031D000000060731031D0057
:105B90000000060732031C000000060730031C004B
:105BA000000006072F031C00000006072D031C0041
:105BB000000006072B031C00000006072A031C0038
:105BC0000000060729031C000000060728031C002C
:105BD0000000060728031B000000060727031B0020
:105BE0000000060727031A000000060726031A0014
:105BF0000000060724031A000000060723031A000A
:105C00000000060722031A000000060721031A00FD
:105C100000000607210319000000060720031900F1
:105C2000000006071F031900000006071E031900E5
:105C3000000006071E031900000006071E031900D6
:105C4000000006071E031900000006071E031900C6
:105C5000000006071E031900000006071E031900B6
:105C6000000006071E031900000006071E031900A6
:105C7000000006071E031900000006071E03190096
:105C8000000006071E031900000006071E03190086
:105C9000000006071E031900000006071E03190076
:105CA000000006071E031900000006071E03190066
:105CB000000006071E031900000006071E03190056
:105CC000000006071E031900000006071E03190046
:105CD000000006071E031900000006071E03190036
:105CE000000006071E031900000006071E03190026
:105CF000000006071E031900000006071E03190016
:105D0000000006071E031900000006071E03190005
:105D1000000006071E031900000006071E031900F5
:105D2000000006071E031900000006071E031900E5
:105D3000000006071E031900000006071E031900D5
:105D4000000006071E031900000006071E031900C5
:105D5000000006071E031900000006071E031900B5
:105D6000000006071E031900000006071E031900A5
:105D7000000006071E031900000006071E03190095
:105D8000000006071E031900000006071E03190085
:105D9000000006071E031900000006071E03190075
:105DA000000006071E0319000000060F3FFF6200F7
:105DB0000000060F3FFF5E000000060F3FFF590086
:105DC0000000060F3FFF55000000060F3FFF510087
:105DD0000000060F3FFF4D000000060F3FFF4A0086
:105DE0000000060F3FFF47000000060F3FFF440082
:105DF0000000060F3FFF41000000060F3FFF3E007E
:105E00000000060F3FFF3C000000060F3FFF3A0076
:105E10000000060F3FFF37000000060F3FFF350070
:105E20000000060F3FFF33000000060F3FFF320067
:105E30000000060F3FFF30000000060F3FFF2E005E
:105E40000000060F3DFF2E000000060F39FF2F0057
:105E50000000060F3AFF2D000000060F39FF2C004E
:105E60000000060F37FF2C000000060F36FF2B0046
:105E70000000060F36FF2A000000060F35FF29003C
:105E80000000060F35FF28000000060F33FF280032
:105E90000000060F31FF28000000060F30FF27002A
:105EA0000000060F2FFF27000000060F2DFF270020
:105EB0000000060F2EFF25000000060F2CFF250016
:105EC0000000060F2BFF25000000060F29FF25000C
:105ED0000000060F28FF24000000060F26FF250003
:105EE0000000060F24FF26000000060F22FF2600F8
:105EF0000000060F21FF26000000060F21FF2500ED
:105F00000000060F22FF23000000060F20FF2300E1
:105F10000000060F1FFF23000000060F1FFF2200D6
:105F20000000060F1FFF21000000060F1CFF2200CB
:105F30000000060F1CFF21000000060F1CFF2000C0
:105F40000000060F1CFF1F000000060F1CFF1E00B4
:105F50000000060F1AFF1F000000060F1AFF1E00A8
:105F60000000060F19FF1E000000060F19FF1D009C
:105F70000000060F18FF1D000000060F18FF1C0090
:105F80000000060F16FF1D000000060F16FF1C0084
:105F90000000060F17FF1B000000060F17FF1A0076
:105FA0000000060F17FF19000000060F16FF19006A
:105FB0000000060F15FF19000000060F14FF19005E
:105FC0000000060F16FF17000000060F15FF170050
:105FD0000000060F17FF15000000060F16FF150042
:105FE0000000060F15FF15000000060F14FF150036
:105FF0000000060F15FF14000000060F14FF140028
:106000000000060F14FF13000000060F15FF12001A
:106010000000060F12FF13000000060F13FF12000E
:106020000000060F12FF12000000060F11FF120001
:106030000000060F10FF12000000060F0DFF1400F5
:106040000000060F0FFF12000000060F0EFF1200E7
:106050000000060F0CFF13000000060F0DFF1200DA
:106060000000060F0CFF12000000060F0BFF1300CC
:106070000000060F0CFF11000000060F08FF1400BF
:106080000000060F09FF13000000060F08FF1300B1
:106090000000060F0AFF11000000060F08FF1200A3
:1060A0000000060F07FF13000000060F08FF110095
:1060B0000000060F07FF12000000060F07FF110087
:1060C0000000060F05FF13000000060F08FF0F0079
:1060D0000000060F09FF0E000000060F08FF0E006B
:1060E0000000060F07FF0F000000060F04FF11005D
:1060F0000000060F05FF10000000060F03FF12004E
:106100000000060F04FF10000000060F01FF14003E
:106110000000060F02FF12000000060F01FF13002F
:106120000000060F02FF11000000060F01FF120021
:106130000000060F02FF10000000060F01FF110013
:106140000000060F01FF10000000060F01FF100005
:106150000000060F01FF10000000060F01FF1000F5
:106160000000060F01FF10000000060F01FF1000E5
:106170000000060F01FF10000000060F01FF1000D5
:106180000000060F01FF10000000060F01FF1000C5
:106190000000060F01FF10000000060F01FF1000B5
:1061A0000000060F01FF1000000072617465736546
:1061B0006C007374660063636B5F6F6E65636F7210
:1061C000655F74780074656D70735F706572696F78
:1061D00064007478636861696E00727863686169ED
:1061E0006E0073776469765F736E7274687265733C
:1061F000680073776469765F74785F77656967684C
:10620000740073776469765F736E726C696D007386
:10621000776469765F73776374726C5F6D61736BBB
:106220000073776469765F63636B736E72636F721A
:10623000720073776469765F73776374726C5F6101
:106240006E74300073776469765F73776374726C11
:106250005F616E74310073776469765F7765696733
:1062600068740073776469765F736574746C650035
:1062700073776469765F656E0073776469765F72C1
:10628000785F706F6C6963790073776469765F63B8
:10629000656C6C5F706F6C696379007377646976A5
:1062A0005F73776374726C5F656E00737764697691
:1062B0005F7468726573680073776469765F67708E
:1062C000696F5F310073776469765F63636B6E6FCC
:1062D0006973656573746C696D0073776469765F63
:1062E0006C6F67326176670073776469765F677099
:1062F000696F0073776469765F74785F706F6C693B
:1063000063790073776469765F74696D656F75741E
:1063100000616E746469765F72737369646966663E
:1063200074687265736800776F776C5F6770696F08
:1063300000776F776C5F6770696F706F6C0000003B
:1063400073B54369164600222F2B04460D46019271
:1063500008DD332B06D013460121E2F3D9F1830582
:106360009B0D07E0002120460A46E2F331F2064B7E
:1063700003401B0C1B022046336001A92A4600F093
:1063800005F801987CBD00BF0000FF03F8B5044686
:106390000E461546E5F380F540F612010022074649
:1063A0002046E6F31BF32046E5F37EF5204639460A
:1063B000E6F322F3024B33604FF4C8632B60F8BD61
:1063C0004C6403000B46C06F11461A46FFF7B8BF76
:1063D00010B501210446C06FE2F35CF2E06FE6F312
:1063E00037F3002010BD37B50024694601AA0546E1
:1063F00000940194FFF7E6FF9DE806000346284657
:1064000024F052DC20463EBD38B50446C06FE2F3AE
:10641000D3F148B12046FFF7E6FF054638B92046DC
:10642000FFF7D6FF284638BD4FF0FF3038BD0020BB
:1064300038BD2DE9FF4107464FF4B6700E461546AC
:106440009846E0F36BF40446002832D000214FF464
:10645000B672DBF34DF40A9B3846009304F18003D7
:10646000019304F18403029331462A464346F2F72E
:10647000F1FBE067C0B10123637440F61201002212
:10648000E6F3ACF20C210022C4F88800E06FE5F3DB
:10649000F7F42046F5F722FF2046FFF7B5FFE06F3F
:1064A000F2F780F9002500E00B252046E0F348F4E0
:1064B00000E01E25284604B0BDE8F081CDAB000009
:1064C00001BC600300104E03BFDE02F00E5C0280D0
:1064D000C12700000403BFDE02F0105903A85E02CA
:1064E000F0001203A65E02F0001202825E5300006A
:1064F0001202855EAF000012020200BF00000F030F
:10650000A85E02F000120282DEBB0000120282DEF0
:10651000B300001202845EB700001202845EB30072
:106520000012028600C7000012028480C30000121D
:1065300001BC63FF1FF04000008000000000035B0F
:106540005E02F0001401BC601300104300015E0203
:10655000F0000000025E02F0182C020200BF0000F2
:10656000B402045EFF00001B006B446556801B01F3
:10657000846002F7F7BF01BC6003000AA600025E58
:1065800002F012370202DEFF000020006B44655566
:1065900020200182E002F7F7BF03BFDE02F006C34E
:1065A0000201AC7B00002500E844656177A101BCD5
:1065B000607F0817A2006D5E86F4402500A82C7B42
:1065C000010B1E00682B4F00002A0280DEFF000036
:1065D000B4006B44655A60B40184E006F577AB0003
:1065E000025E02F0159B020480C700002C0281802D
:1065F000C700002E01806002F7F7BF01BC600300F6
:106600000ADA00902BE300D7A200E02BDEF457A3B8
:10661000006D446AF4603200B02BD7000AF00187A5
:106620006002F7F7BF00682BBF00003A00E944653D
:106630005DF7A300E8C4695E77A20068DE8B000006
:106640003A006DDE8D5E003A0286ABD300003A015F
:10665000876006F7F7BF0207DEFF00003F00E8444F
:10666000655A37A2006D5E895A003F0187E002F744
:10667000F7BF01BC6003000AD100682C6F00004521
:1066800001BC61F70017A100E844656377A2006DC3
:106690005E8AF4204501BC6003000B1B00A82C7B24
:1066A000002B1E00682AE700005100E844655737B8
:1066B000A1006DDE8556404C00682B230000510080
:1066C000E844655917A1006DDE8556404E03BFDED4
:1066D00002F0005101BC6003000ABA01BC60030073
:1066E0000AB901BC6003000AC801BC6003000AC00B
:1066F00000A82C7B004B1E0202DEB30000540200F7
:10670000420300005400025E02F00D2F0203C57325
:1067100000005702845EB30000B40068AAEF0000D6
:10672000B40284DEB7000059020180C7000079007E
:10673000B02AAB0017A202802BD300006000B02B60
:10674000030017A1006DDE855BE0AB00685E87008B
:10675000006000682BE700006000B02BE70017A284
:1067600000682AEB00006600E844655757A10185E0
:106770006006F5D7AE006DDE86F440AB00E05E85C6
:1067800054F7A1006DDE86F440AB01856002F5D7B9
:10679000AE0202DEBB00007900682A9B000079008F
:1067A000E8446555D7A100E02A9B0157A2006EDEA0
:1067B00086F440720182E002F5D7AE018160016388
:1067C000CB1E01BC6003000AEA01BC6003000AA6FC
:1067D00001BC6003000AE503BFDE02F00079006E31
:1067E000AA9AF4207800E82A9AF437A100902A9B0C
:1067F0000037A2006E2A9EF4407700B02A9F00174F
:10680000A20069DE86F4407903BFDE02F000AB022D
:1068100084DEB700009E028881AB00009C02045E0B
:10682000B70000B4020480C700008500682AF700A2
:10683000208500682AF700808500682ADF00008430
:1068400000682AF702E0820068AAF708608400E87E
:1068500044655637A1006D5E8556E0B402005EFFC8
:1068600000009C028080BF00009C00682B23000079
:106870008B02802BD300008B00B02B2B0017BB00AA
:106880006E2B02F760B403BFDE02F0009C0205DE4F
:10689000B700008E00682AF70860B403BFDE02F07C
:1068A000009C028400C7000090028600C70000928E
:1068B00000682AEB00009C02812C2700009C00E865
:1068C00044655637A10206ABD300009600E845C9DF
:1068D0005AF7A203BFDE02F0009700E845895AF795
:1068E000A20286ABD300009A00E85E86F457A100AE
:1068F00069DE8557009C006CC4655660B402855EF5
:10690000B70000B400025E02F015BE03BFDE02F065
:1069100000B40285ABD30000A50206ABD30000A3F0
:1069200001BC63FF1FF7A1006845C6F4209C03BFAC
:10693000DE02F000A501BC63FF1FF7A100684586D9
:10694000F4209C0203C5730000AB02855EB7000013
:10695000AB020100C70000B4006B44655680B40070
:1069600020E3FE1460B40282DEBB0000B402022CFD
:10697000270000AE0282DEBB0000AE03BFDE02F0E5
:10698000009C028881AB0000B40282DEB30000B438
:10699000028080BF0000B40284DEAF0000B4028237
:1069A0005EBB0000B400025E02F015EE01806002E2
:1069B0000D906C03595E02F000B603D85E02F00041
:1069C000B703D8DE02F000B801BC618300112900D2
:1069D000B0007B00112B01BC630300112303125E86
:1069E00002F00CB003975E02F00D4303D05E02F09C
:1069F000039403D0DE02F0063D03D5DE02F00C6204
:106A000003915E02F006980396DE02F00C5D0288A8
:106A1000C17300012303C45E02F0081003C75E02C5
:106A2000F0083403DCDE02F0163503AA5E02F0083B
:106A3000A40386DE02F00CA10287C037000CA1037C
:106A4000835E02F00A50020680C70000D00202B046
:106A5000E70000D0006C30EE2320D00182E00187F7
:106A60002C3901BC607F1FF7A201E05E8A107083A1
:106A70000391DE02F00720020680C700010702062C
:106A800001AB0000E3020030E70000E30068DE4BEA
:106A90000620E3020042030000E3028445230000D5
:106AA000E30280B0E70000E3006E45170020E30139
:106AB000BC600300108000A8412300F04803D0DE32
:106AC00002F000DC03D05E02F000DD03D5DE02F050
:106AD00000DE00E001DF0020770180E005872C392F
:106AE00001BC6003000C3A00025E02F018070002CD
:106AF0005E02F0181B020E01AB0000F00284452379
:106B00000000F0020130E70000F000E001E30020A7
:106B10007801816001872C390180E001872C3901DF
:106B20000C81430017A60068DE9B0060ED01BC608D
:106B300003004C3A03BFDE02F000EF0068DE9B006A
:106B400040EF01BC6003002C3A00025E02F018071F
:106B5000020681AB000107020230E70000FB028061
:106B600042030000FB028445230000FB03915E0208
:106B7000F0069800E001EB00207A0180E005872C08
:106B80003901826001872C3901BC6003000C3A0096
:106B9000025E02F0180700025E02F0181B0201B04C
:106BA000E70000FE006C30F22320FE0181E0018747
:106BB0002C39020330E7000107006C30F62321076F
:106BC00001836001872C390200420300010700683D
:106BD0005E4B04410500685E4B00410503BFDE02C9
:106BE000F001070182600609104801BC6003001132
:106BF0004503C2DE02F00D0A00025E02F012360307
:106C0000D4DE02F007B903A3DE02F0000203C85E7F
:106C100002F005FB0204DEB300011002014523006F
:106C200001100184E002F597AC00025E02F0063725
:106C30000201C5230001120187E002F577AB0002D3
:106C40005E02F00EAF00025E02F0117702182E27EE
:106C500000011600025E02F0118A03A25E02F0013A
:106C60002003565E02F0011D0186600609104803EC
:106C70001F5E02F0011D006A5E2300011C00B000CF
:106C80002700178800E85E2300378803A65E02F01D
:106C9000018E00025E02F011F80028600E08E1B4D7
:106CA00003C4DE02F00D7A0020C2030021BC03BF42
:106CB000DE02F0020D03815E02F001250300DE0218
:106CC000F000C30188E0020B905C03BFDE02F0031A
:106CD0009102874063000127018EE00EF430180214
:106CE0008740630001290002DE02F00000028740B5
:106CF0006300012B00B05E8B001019018EE00AF4D6
:106D000030180002DE02F0000001BC606300107B5E
:106D100001BC601B00107A01AC607EF470750287C4
:106D200041D70001320002DE02F0000001BC6063C6
:106D300000107B01BC601B00107A01AC60BEF470D7
:106D400075028741D70001370002DE02F000000122
:106D5000BC606300107B00B05E8B00107A01AC60F9
:106D60007EF43075028741D700013C0002DE02F05C
:106D7000000001BC606300107B00B05E8B00107AE5
:106D800001AC60BEF43075028741D70001410002BA
:106D9000DE02F0000001BC60030280060280DE0714
:106DA00000014D01DA6002F0178002085E07000161
:106DB0006101BC60031E17A100E05E02F4306501B2
:106DC000BC60031C17A100E05E02F4306401BC60EB
:106DD0000300281103BFDE02F0016701105E03000B
:106DE00017A101035E030017A200E05E86F457A11D
:106DF00000885E870037A200E05E86F457A100E0BD
:106E0000015AF43063028600C300015800B0560BEB
:106E100000106200B0540300106201BC600300283F
:106E20001103BFDE02F0016900B0418F0010620162
:106E300009DE030017A10068DE8700415C00E05E08
:106E4000870037A100885E870057A100E05E8504B7
:106E5000B7A100E05E8703C00601BC6003004811D3
:106E600003BFDE02F0016901BC60070217A100E068
:106E70005E02F4306501BC60070017A100E05E020D
:106E8000F4306401BC600318000601BC6003000814
:106E90001100B05A0300106200B0580300106300E4
:106EA00002DE02F0000001BC600306379201BC6301
:106EB000FF1FF0C301BC60031890E301BC60FB1C22
:106EC00010E501BC600300501000B0404300180002
:106ED00000B040470010E70002DE02F0000000E8CA
:106EE00040330097A100B0400B0017A3006D5E86F1
:106EF000F4617700905E8F0037A303BFDE02F001DC
:106F00007800905E870037A301BC601B0437A100A6
:106F1000E05E8EF437A301F041970017A1006DDE0B
:106F200086F4618C0287C19700018001385A030002
:106F300017A1013C5A030017A203BFDE02F0018231
:106F4000013C5A030017A101385A070017A2006834
:106F50005E86F4818700D85E8B0037A200E14196FF
:106F6000F4506500E1C19700306503BFDE02F00117
:106F70007A00D85E8B0037A200E14196F457A10059
:106F8000E1DE870037A101F05E870017A1006EDE09
:106F900086F4618D01BC63FF1FF7A40002DE02F0DE
:106FA0000000020681AB00019001826001872C394C
:106FB0000020E38E090002031EDE02F00196039F0B
:106FC0005E02F0019601BC60430117A100A84122B6
:106FD000F4304803BFDE02F000020208411F000146
:106FE0009301816005610B0800025E02F00D2F0025
:106FF000B000AB00108600B0016300108A00025E92
:1070000002F0107301BC600304179200B0003B0053
:10701000111D0190600609104803A1DE02F001AEC7
:107020000181E00609104801BC600300904201BCE8
:10703000600300112D039EDE02F001B101846002A5
:10704000F2979400B0451700178F00B05E17001735
:10705000900200441F0001AA018560020910480146
:1070600081600700104701F0DE0F0037A102040025
:10707000BF0001AD01F084C70037A100A044B6F401
:107080003145039EDE02F001B101BC613712B080D0
:1070900003BFDE02F0000200A044B42A314501BC67
:1070A000612712708003BFDE02F000020020E08240
:1070B000090002010CDE530017A101885E87001051
:1070C0004701BC60030050420108411F0017A101A5
:1070D0008CDE86F2979403BFDE02F000020002DE2F
:1070E00002F000000020E07E09000200025E02F0D3
:1070F00012020283C21F000002020280F30001C6D6
:1071000000B044670017A1017C5E862357A3028369
:107110005EFF0001C500E000FAF468290183600603
:10712000F7F7BF006BDE8D0521CA0206D003000110
:10713000CE00E950862337A100E8D08A2357A20069
:1071400069DE8B0001CE00025E02F00D2F0191601E
:107150001684F42700E020A700882903BFDE02F090
:10716000036E00025E02F00371020400BF0001D64C
:1071700003945E02F000020020C28F06000200A00D
:10718000428F01F78000685E002DC00200025E029F
:10719000F00D2F03BFDE02F000120201C28F0000CB
:1071A00002011400630017A100685E8700600200FE
:1071B000025E02F00D2F0194600F00001800025EC5
:1071C00002F001DD03BFDE02F000120114006300D3
:1071D00017A100B05E870010A501BC60131B906072
:1071E00000685E870001E400E0418306D06000E8AB
:1071F0005E870037A103BFDE02F001E0028050C3CA
:107200000001F2018760040310A000B000630010C9
:10721000B400B042D3001800008841830030B601AA
:10722000BC60030B10B500B0006300B0B40317DE00
:1072300002F001EB0397DE02F001EC0180600686AC
:1072400014300068D0D30001F20068D0D70001F2FA
:1072500000B0446700143400B0446B0014350002E1
:10726000DE02F000000020E01280420C0187600482
:107270000310A000B000630010B401BC60030E1046
:10728000B500B0006300F0B401BC60570310B60055
:10729000B000630010B401BC600302D0B502075017
:1072A0000B00020901BC600303D0B5018E6002F23D
:1072B00097940204500B0002020204D00B00020259
:1072C00001866006F2979400E042D700D0B500A096
:1072D000500B1117A10068DE871102080186E00635
:1072E000F2979400E042D70050B50207D00B00029D
:1072F0000800E042D70090B500B042D70011E1008D
:10730000B0006300B0B40317DE02F0020A0397DE98
:1073100002F0020B0002DE02F00000006820C30051
:107320000210006CC46506001201BC600300083046
:10733000006820BB00021600B044670017A2006C72
:10734000446988A215006B446988A012006EDE892A
:1073500005E01201BC600300082E0020E0BE090019
:1073600002020681AB00021A0281B0E700000202AD
:1073700080B0E700000203905E02F0001203A25EFC
:1073800002F0022C00025E02F01163020200BF0054
:10739000022B0284DEAF00022302045EB700022B40
:1073A00000025E02F0156902045EB700022B03BF03
:1073B000DE02F0000202045EB7000226020480C76B
:1073C00000022B02805EFF00022B00025E02F0151D
:1073D0000D0206ABD300022A02052C2300022A0369
:1073E000BFDE02F0022B03BFDE02F0000200025EED
:1073F00002F012020200421F000243006842F30042
:10740000022F006D42F3006243011400630017A1D4
:1074100000B05E870017A203A25E02F002370314D9
:107420005E02F00245006EC456806245028145232B
:10743000000245006E5E8700624301BC6003007776
:10744000A200886006F457A300885E8B0100180034
:10745000E85E8B0037A20020C28EF4623D006ADE37
:1074600086F4423703BFDE02F00243020400BF008D
:10747000026F00900063010165008085970217A1EB
:1074800000E064820DA16600025E02F011DF03BF1E
:10749000DE02F0026F0182600209104803BFDE02C3
:1074A000F0000201BC600300111500B0017F00175D
:1074B000A6031F5E02F00254020300C300024A004A
:1074C00020C28F02024E03255E02F002540020C249
:1074D0008F02024E00688153FFE01203BFDE02F00C
:1074E00002500194601300001803BFDE02F0026F27
:1074F000039EDE02F002530068DE980BC2530201C5
:10750000411F000F250185600209104800685E9840
:107510000BC25800695E9F0062720298428F00029F
:107520005803BFDE02F002720201411F000F250264
:107530000400BF00025F0218428F000F2500025EA8
:1075400002F011C100025E02F011DF019405870014
:10755000001803BFDE02F0026F0200150B00026884
:10756000020016BB00026B00B014970017A1006860
:10757000DE84B2226800B0149B0017A10068DE848C
:10758000B2426800B0149F0017A10068DE84B262A6
:1075900068029E14E700026B0201C28F00026D01B7
:1075A00094600F00001803BFDE02F0026F0201C2F8
:1075B0008F00026D018060060D906C0200C28F008A
:1075C0000F250194600700001800025E02F001DD43
:1075D000020400BF0002A103BFDE02F002A101BC51
:1075E00060031810600129500B00179200B0017B56
:1075F000001065006800EB00027A00885A1301173A
:10760000A100E84466F437A1006EDE8407427A03E5
:10761000BFDE02F007B201906012091048019460C9
:107620001F00001801085A0F00178101885E0681AB
:10763000540A01345A0F00178000025E02F0014321
:1076400000B0017B00106500B056230017A100E0D8
:107650005E86A097A100E85E8400F40300E85E84E3
:1076600000F41600B05A0300141300B05A070014B7
:107670001400B05A0B0014150068DE070042920097
:10768000E800970057A101BC5E86F0141B017C5EE8
:107690008700F41C00B0204700178100025E02F052
:1076A000108400B0017B00106501085A0F0017819B
:1076B00000B05E8700141E03BFDE02F0029500B02A
:1076C000561700141B00B0561B00141C00B05413B6
:1076D00000141E00B05013001086006D00A7008239
:1076E0009B0190016300108A00B0418F001062007E
:1076F000025E02F0160200B0422B00140601BC60CC
:10770000031817A1006DC18C20029E01BC6003020A
:1077100097A100E05E840377A100E05E86B0111DB2
:1077200003BFDE02F00337020300C70002B1020C00
:10773000D0030002B1011400630017A102850063A9
:107740000002B10080DE8701F7A201BC601B185760
:10775000A200E05E8A0DB06500B0419700143200CF
:1077600080DE8700B7A201BC601B15D7A200E05ED7
:107770008A0DB06400B041930014330068D8130040
:1077800002BF02005A1B0002B30180600684F42786
:1077900003BFDE02F006C30201D0030002B300B053
:1077A000509B00142F0281D0C700036B00025E02C1
:1077B000F00371010BD0030017A1013C502B0017FF
:1077C000A2018C5E86F457A1014801430017A20173
:1077D0000C81430017A300685E8F0022BC018CE07F
:1077E000000A17A200685E86F442BF01916012840D
:1077F000F42703BFDE02F0036E00025E02F001F325
:1078000000B0501300108600B0501700108A03A279
:107810005E02F0030B020CD0030002DE020300C77D
:107820000002DD00B050CB00106500025E02F016D1
:1078300098020350C70002CB01BC60230097A1004F
:10784000A85002F4340003BFDE02F002E202048119
:10785000AB0002CD006D4246C0801200B05A13004A
:10786000178000025E02F0014D00B0540F00141E9C
:1078700000B05A070017A100B05A13001780018703
:107880005A16F0178000B0418F00106500025E02AA
:10789000F0160B00E05E86A0740302875E03000210
:1078A000DC0109DE030017A300E05E8B0077A20075
:1078B000E05E8AF477A200885E8B0037A100E05E6C
:1078C00086F4508903BFDE02F002E2006D424A8472
:1078D0008012010650070017A1028CD0030002E1BC
:1078E00000685E870002E20182DE86863431018212
:1078F00060028634310020D0030402E800B0504F0B
:107900000011F200B050530011F300B050570011B5
:10791000F401BC60030091F0020601AB0003040215
:10792000015003000304020601AB00030403A25E3E
:1079300002F00304028030E7000304018060058741
:107940002C3900E001E700207901BC60430890E693
:1079500000025E02F0016A01BC60031910E401BC80
:10796000600300000601BC600301D78201D2DE087B
:1079700077F0E000B00F030010E100B00047001006
:107980008600B00F1F00108A01BC60030037810021
:10799000025E02F0107000B0059B00106400E85811
:1079A0001A28F14500B0058B001064006A4516C026
:1079B00082FF00025E02F01095006E451700430141
:1079C00001BC600300514501BC60030010BB01BC59
:1079D000610303B08003BFDE02F0001203945E0275
:1079E000F0030B020650030003070287DEAF00031B
:1079F0000B028150030005DC0202D0C700030A021B
:107A000008502B00030B0285D0030005F3019060A2
:107A100012863431011050070017A60068DE9B0063
:107A20004317013A500700178000885E03007780F3
:107A300000E000AEF0106400B05E0700081301BC67
:107A4000602306D78100E0418301706300E0418F2D
:107A500000B06500025E02F010AB00B0204F0017CE
:107A60008103A25E02F0032300B0500F0011160242
:107A700002D0C700031B00B0505B0011160282D079
:107A800003000323028147C300031C0280504F0000
:107A90000321002047C73F83230020C7DB00C36DBD
:107AA00003BFDE02F0032303A55E02F0032302807E
:107AB000C7DF00036D028850C700033F0129500B48
:107AC000001792020300C7000330020CD00300032A
:107AD00030028350C700033000B050CB0010650166
:107AE000385A1300178001825A17005781010E5A25
:107AF000130017A1018E5E86F037810202D0C70005
:107B0000033F00B0501B00108A03BFDE02F0033FAA
:107B10000282D0C7000337013850270017800108C0
:107B20005013001781010250130017A101825E86D5
:107B3000F0378100B0507F00108903BFDE02F003F0
:107B40003F0138506F0017800108502B001781014A
:107B500006D0070017A101825E86F0378100B05081
:107B60001B00108A00B05083001089010E50730072
:107B700017A1018E5E86F0378100025E02F001439C
:107B800000025E02F010700102421B0017810182A8
:107B90005E0502378100025E02F01084020680C793
:107BA00000034B010C81430017A60068DE9B0063B5
:107BB0004900885E870057A103BFDE02F0034B0037
:107BC00068DE9B00434B00885E870037A100E05EC3
:107BD000840117A101D9DE8700108301BC6137033E
:107BE000B79100685E4B02837F020400BF0003521E
:107BF0000287500300035203945E02F003530322F2
:107C00005E02F00360020681AB00035E00685E4B1B
:107C100004435700685E4B00435703BFDE02F00386
:107C20005E00E001EF00207B01BC60030291450192
:107C3000836005872C3900E044670A0C3D018C60A5
:107C40000E1770BB01BC610302308003BFDE02F07F
:107C5000000201BC610300308003BFDE02F00002BD
:107C600001BC613303B79102850063000366009095
:107C700000630097A100E06482F43065006E5A133F
:107C80000023660188E006F23791020601AB00038B
:107C90006A0068DE4B05A36A01BC61030030800303
:107CA000BFDE02F0000203BFDE02F0037F0191603D
:107CB0000E84F42703BFDE02F0036E019160068498
:107CC000F42701BC60030010B40181E00686343162
:107CD00003BFDE02F006C3011C508F0017A1008015
:107CE000DE870197A200E0015E0DB06502805A7F39
:107CF00000037E02815A7F00037A0203DA7F0003C9
:107D00007E00685A8700037E00886006F437A10071
:107D1000201CBAF4237E00025E02F00D2F01916058
:107D20001E84F42700015E02F0000003BFDE02F0B3
:107D3000036E0002DE02F0000003C4DE02F00D7AE2
:107D4000020650030003870207DEAF00038701BC71
:107D500061030037910207500300038501BC6203F1
:107D600000F79100E0010B00204203BFDE02F003A8
:107D70008801BC600300204200B05E470010800212
:107D80000400BF00039000B0058B001064006E4536
:107D9000170000020068DE4B02838F00A044B42A63
:107DA000314503BFDE02F0000200025E02F01095D2
:107DB0000068C51700000203D05E02F003940002C1
:107DC0005E02F0109503BFDE02F00002020601AB76
:107DD0000003970068DE4B05A39701806001872CA4
:107DE00039020E01AB00039A0200B0E700039A01CA
:107DF000816005872C3900E10DB228E36C00E08D2D
:107E0000B700036D01836002F7F7BF01BC60030098
:107E1000900400A8412330104801BC620F0011E01B
:107E200001816002F5D7AE020200BF0003B800680E
:107E3000DE4B0203A400025E02F017BA0068DE4BBC
:107E40000623B802045EB30003B80206ABD30003F6
:107E5000A90204C5AF0003B803BFDE02F003AA0203
:107E600000456F0003B800E844655637A100E82AD2
:107E700096F437A100695E870823B80206ABD300E9
:107E800003B2006BAC422323B100E04467014B1006
:107E90000183E0022B915C03BFDE02F003B8018393
:107EA000E0022B915C01BC600318517800B045E3FF
:107EB000001800018360022F317900A84138F9D7FA
:107EC000A100B05E84FE704E0187E002F577AB0042
:107ED00068810B0023BB00B044670000430182E0CF
:107EE0000609104800A841B310906C018260062872
:107EF00091440188E0020B905C00025E02F01236B1
:107F00000185E002F7F7BF0288421B0003C3018529
:107F1000E006F7F7BF035B5E02F003C501BC601328
:107F200000104301BC600300108501BC6003001019
:107F3000B8008850770090B90208502B0003CC019C
:107F40003850730017A1017C506EF437A100885E91
:107F5000870090B9020047A30003D001BC60030072
:107F600011EA009042E70091EB00B047A300D1E88E
:107F7000020047B30003D201B0E08E3D91EC01D284
:107F8000E00210908403A95E02F004FD01BC6003CE
:107F900000108400E001C300207000B04467000CB2
:107FA0000D00B0446B000C0E0320DE02F0044B0009
:107FB000685E4B18A3E30068DE4B0783EC01BC63EB
:107FC000FF1F708401BC600300F08501381363005B
:107FD00010B500E042D700D0B501BC60030010A688
:107FE00001BC602314D0B400E013570024D503BFB4
:107FF000DE02F004930184E006F597AC01BC60FF5B
:108000001FF08400025E02F0042801BC600300102F
:10801000B401BC60030010A601BC600302D0B5012E
:10802000BC602304D0B400E0135B0024D603BFDEA1
:1080300002F0049301816006F5B7AD0068DE4B04E1
:10804000A3FF0203DEBB0003F100E02E0B0010656E
:1080500003BFDE02F003F201BC602301106500A043
:108060005E7FFE10EC00B05A030010ED00B05A071E
:108070000010EE00B05A0B0010EF00B05A0F0010C5
:10808000F001BC63FF1EF08401BC60030030850179
:10809000BC60030010B401BC600301D0A601BC6049
:1080A000030450B501BC602304D0B400E002AF006B
:1080B00020AB03BFDE02F0049301BC61FF1FF0841C
:1080C00001BC60030010850068DE4B05240701BC7D
:1080D00060030010B401BC600B0B50A601BC600330
:1080E00002D0B501BC602304D0B403BFDE02F004AB
:1080F000130068DE4B02441E00B03067001084029B
:1081000085C38F00040B00E05E2700378901DA5E2B
:10811000270010EE01BC63FF1FF0CE01BC6003001E
:1081200010B40080E02183180000E069820DB0A641
:1081300001BC600303D0B501BC602304D0B400E0EF
:1081400001D3002074018460070011E00282DEB3D5
:108150000005BC02045EB30005BC0181E006F5D752
:10816000AE0183E00609104800B041230018000169
:10817000BC600306B78E0188204610D78100025EDE
:1081800002F0108400885E8700708303BFDE02F077
:1081900005BC01BC60031FF0840103DE530017A27D
:1081A00000680ECF00042300B00ECF0017A200908D
:1081B0001CBAF457A202005EFF00042501BC600354
:1081C0000037A200682B4F00042701BC6003003772
:1081D000A201865E8A1C70E3006AC393000431002A
:1081E000E8439000D0E40202421B00042F009000FC
:1081F0001B0037A10020421B00442E00B020970036
:1082000017A100E04392F430E40069C39300043105
:1082100001BC60030010E400682B4F00043300E051
:1082200043915B30E401BC60030010B401BC600307
:108230000010A601BC60030210B501BC602304D08D
:10824000B400685E4B06A44900E001CB0020720236
:108250000681AB0004930280B0E70004930203B0F0
:10826000E700049301BC600704F7A60288421B00E4
:10827000044101BC600F0017A60282421B000441AA
:1082800001BC60170017A6010C81430017A5006808
:10829000DE9700644400885E9B0037A600E04466D9
:1082A000F4CC3C0181E005872C3901826005872CE4
:1082B000390183E001872C3903BFDE02F00493000B
:1082C000E001CF00207303BFDE02F0049303205EC1
:1082D00002F0049A0181E00209104800E001D70091
:1082E0002075031EDE02F0047A01BC60030017A2B1
:1082F000006A5E230004530102428F0017A2018529
:108300005E8A0910480180E0061030810284DE5345
:1083100000045A00B000770017A100E05E84043723
:10832000A100885E870057A100E05E870D57A1037A
:10833000BFDE02F0045B01BC60030D57A1006800C2
:108340002700047A00E05E8401F7A101BC602300ED
:108350009065008841970030B601BC60030010B4FE
:1083600000905E870050A601BC60030110B501BCFF
:10837000602300B0B40317DE02F004630397DE024B
:10838000F004640020DE8700446D0020DE870024B6
:108390006A01B85E22D0168001805E8AD0368103E1
:1083A000BFDE02F0047301BC5E22D0168001845E41
:1083B0008AD0368103BFDE02F004730020DE87001E
:1083C000247101B85E22D0368101805E8AD0568247
:1083D00003BFDE02F0047301BC5E22D0368101844B
:1083E0005E8AD0568201886002F430A800B05A0339
:1083F0000010B000B05A070010B1028042A3000480
:108400007600E042A30090A800B05A0B0010B00024
:10841000B05A0F0010B10187600610908400E05E32
:108420002700378901DA5E270010EE01BC600300E7
:1084300010B401BC60030350A600B000330010B5B7
:108440000284DE5300048400E0606803B0A600E00C
:1084500042980430A600B000370010B501BC60237C
:1084600004D0B401846006F297940186600209107A
:1084700048039EDE02F0048E0280441F0004910037
:10848000B05E3F00114501BC600300178F00B05E75
:108490004300178500B05E0F00179003BFDE02F0A7
:1084A000049100B05E0F0017850280441F00049104
:1084B00000A044B6F0B14501BC6003011042018345
:1084C0006006F29794018460070011E003A05E0249
:1084D000F005BA02065EAF0005BC0186E006F5773E
:1084E000AB01BC600300108000025E02F00D370398
:1084F000BFDE02F0072003A15E02F0052701140091
:10850000630017A10068DE8700E49F01816006090F
:10851000104803BFDE02F00527028500630004A1B6
:108520000183E0060D906C01816006F5D7AE011C59
:10853000508F0003BD0206508F0004A900B04467AD
:108540000010F300B0446B0010F401BC63FF1FF097
:10855000D301BC63FF1FF0D400B0421703108500A5
:1085600020600E8624D0018760040310A000B000B4
:10857000630010B401BC60030B10B500B0006300D1
:10858000F0B4020300C70004BB020CD0030004BB1C
:10859000028050C70004B300B054130017A100E0DC
:1085A0005E8680741A00B0506B0010E400B0421375
:1085B0000210840209502B0004BB00B042130030AB
:1085C0008401D2E03AA030E0028050C70004C1012B
:1085D000D2E052A030E003BFDE02F004C10202D0BC
:1085E000C70004C100B0505F0010E000B05063004D
:1085F00010E100B050670010E200B0506B0010E4D2
:1086000000B0421302F084020050C70004CB018A7C
:10861000E00E10908401BC60FB1C10E501BC6003FF
:108620000890E600B000630010B401BC60030210C3
:10863000B500B0006304D0B4018460070011E0010C
:10864000BC600300178E03BFDE02F005C700E00127
:10865000C700207100B000630010B401BC600302C9
:10866000D0B500B0006304D0B403BFDE02F00554FF
:1086700003225E02F004D200E002A70020A9010359
:1086800050030017A100B85E870037A101875E86FE
:10869000101080020400BF0004E0032BDE02F0048F
:1086A000E0020000F30004DA00E800230051420178
:1086B000BC600A28514203945E02F004E000B00559
:1086C0008B00106400E0582300360800685803004F
:1086D00004E000B0446700111200B0580300111507
:1086E000020CD003000526020300C70004F300B00B
:1086F00050CB00106501BC600300168500E05A33C2
:1087000000368C020350C70004E800E05A27003608
:108710008903BFDE02F0052701BC60030017B20029
:10872000B05A0B000B8301385A130017A101BC5A31
:1087300006F430E0013C5A130017A1017C5A06F4FC
:1087400030E10181E0061090840185E0070010E32C
:108750000185E0070010C30282D0C70004F803BF00
:10876000DE02F004FB0202D0C70004FD00B02A3391
:108770000017A101B8506EF430E000B0507300173C
:10878000A101B82A36F430E1028242130004FB0052
:10879000B0507B0010E400B042130210840185E069
:1087A000061C30E100B042130070840187600403AE
:1087B00010A0020300C700051300B050CB001065E5
:1087C000006D5ECAD1C5030185E0021870C300E0E8
:1087D0005ECB00368E01BC601B1FD06500E0419669
:1087E000F6506500B050970016800068DECB00059B
:1087F0000B01BC60230150B800E001F300207C00B5
:10880000682E0F00251103BFDE02F0051E00B05ECA
:10881000CB0010B500B000630870B4028342D300EF
:10882000050D01BC60030170B80068AE0F00251E85
:1088300001BC60030170B802BC506700051D03BF96
:10884000DE02F0051C010CD0030017A103A95E0293
:10885000F0051901BC60230150B800E001F30020CD
:108860007C00685E8700651C03BFDE02F0051E0108
:10887000BC60030170B800685E8700451E01BC60E3
:10888000030170B80181E0021710B801BC60030059
:10889000F0A501BC60030E10B500E001F700207DDB
:1088A00000B000630010B400B0006300F0B400B08A
:1088B00042D3001800018860080310B401816006EB
:1088C0000D906C03BFDE02F005540202D0C7000514
:1088D0002D00B0506F0010E000B050730010E100A8
:1088E000B050770010E20282421300052C00B05015
:1088F0007B0010E400B0421302F08400E05E9F00B1
:1089000037A703A15E02F0053601BC60030017A77C
:10891000018760040310A000B000630010B401BC24
:1089200060030E10B500B0006300F0B40188600869
:108930000310B403BFDE02F0054900B0017B001054
:108940006500B05A030010E500B05A070010E600B9
:10895000B05A0B0010E70068A04B00053C00E05E39
:10896000270037890068204B0005400185E007009B
:1089700010E30185E0070010C300B042130110842A
:1089800001DA5E270010EE0187600610908400B0C7
:1089900042131C108401BC60030010B400E0606846
:1089A00003B0A600B000970010B501BC602304D04E
:1089B000B4018460070011E003BFDE02F005A901E5
:1089C000085E4B0017A100685E8700255402025024
:1089D00003000553029E509F0005500201D0030082
:1089E000055000E05E2700378901585E2700142DEE
:1089F00001DA50B70010EE0187600610908403BFC3
:108A0000DE02F0055401BC600300142D0104C1070F
:108A10000017A100680EF700055900B00EF7001707
:108A2000A100901CBAF437A103BFDE02F0055B037E
:108A3000225E02F0055B0103DE530017A100B05E69
:108A4000870017A202005EFF00055E01BC60030004
:108A500037A200682B4F00056001BC60030037A2FD
:108A600002885E4B00056300685E4B06856301BCAF
:108A700060030017A200688EF70005650183DE869B
:108A8000F297940183DE8684F4270281C2130005E5
:108A90006B01865E8B0010E3018660070010C30146
:108AA00081E00610908403BFDE02F0056D01865E52
:108AB0008A1C70E3018660061870C302B847A700DD
:108AC00005A502A047B70005A703A95E02F005753A
:108AD00001085E4B0017A100685E870025A6021EF4
:108AE000509F0005750185E0061C70E30185E006D6
:108AF0001870C3011400630017A10068DE870085A9
:108B00007E00B001530017A20068DE8BFFE57A00FB
:108B100068424700257B0068DE8A84C57E01856047
:108B2000020910480186E0021C70E30186E0061885
:108B300070C3011050070017A600685E9B0005A6D1
:108B400001BC60030011E4013A500700178000885F
:108B50005E0300778000E000AEF010640068DE9BEA
:108B600000458B0207D00300058901BC602B11F77B
:108B7000A200E05E000B37A300025E02F010D601F7
:108B8000BC602306906401BC60470017A200025E2F
:108B900002F010FE00685E9B0045A701A46046F449
:108BA00071E00068DE9B00C59901BC611300B7A1AC
:108BB000020600F300059201BC601300B7A1019208
:108BC000C21AF437A203295E02F0059701BC6003C4
:108BD0000011EE009042E70091EF0192E00EF437B1
:108BE000A200B05E8B0011EC03BFDE02F005A7000F
:108BF000685E9B00659E00685E9B00A59E00B0506D
:108C00002F0011E200B050330011E203BFDE02F08A
:108C100005A7018760023D11E80068DE9B00A5A161
:108C2000018760063D11E801BC60030011EA009075
:108C300042E70091EB0192C21B00B7A201B85E8A25
:108C40003D11E803BFDE02F005A7018460070011B3
:108C5000E001BC600300112D00B0448300142C031C
:108C6000A3DE02F005BD01BC600300178E00685E44
:108C70004B05A5AD020050030005B70183E00609CE
:108C8000104800B0412300180001BC600306378E75
:108C900000685E4B05A5BC00E002A30020A801BC53
:108CA000600304B78E03A95E02F005BC00685E4B4A
:108CB0000425BC01BC600306B78E03BFDE02F005CD
:108CC000BC01816006F577AB00B05E0F0017850030
:108CD000025E02F0109501BC600300178C01BC60BD
:108CE0000300178D0323DE02F005C7020680C700CC
:108CF00005C6010C81430017A10068DE870065C628
:108D00000108421B0017A10068DE870005C601BCF0
:108D1000607F1FF7A101E05E861070830182E0058D
:108D2000872C3900E04467258C3B0187E0061070F2
:108D300083006D00A70085D903295E02F005D902E2
:108D40000300C70005D600B050CB0010650282D0EA
:108D5000C70005CE00E05A2300368803BFDE02F0CC
:108D600005CF00E05A2700368900682E0F0025D66F
:108D700000E05ECB0037B2010A5ECB0017A100E035
:108D800050CAF4306500D06006F657A200205A1A87
:108D9000F445D603BFDE02F005D000025E02F012F9
:108DA000360350DE02F005D603BFDE02F0063D02B8
:108DB000055EAF0005DB0187E00626713303BFDEE9
:108DC00002F000020190600A8634310282D0C700AE
:108DD00005E5013C50270017800109502B00178141
:108DE000010750070017A101825E86F0378100B0AD
:108DF000501F00108A00B0500F00111603BFDE0292
:108E0000F005EB0138505F001780010A502B001766
:108E1000810107D0070017A101825E86F03781002B
:108E2000B0502300108A00B0505B001116020300FE
:108E3000C70005F0020CD0030005F002085E070031
:108E400005F0013854070017800190422AA1308AAA
:108E5000028050C70005F901BC600305B79203BF4B
:108E6000DE02F0031B01906006863431020300C766
:108E70000005DD020CD0030005DD00B0001F001767
:108E8000A100E05E8680741A03BFDE02F005DD01FA
:108E9000BC600306379203BFDE02F0031B00E01341
:108EA0005F0024D70204DEB300000200B0130B0001
:108EB0001065011998870017A101095A130017A21C
:108EC00001895E86D0968400B013070017A3006D59
:108ED000DE8498260400B05E870017A301885E8EAA
:108EE000D096840068DE8AF4210E01BC63FF1FF077
:108EF000D000B05A130010F001BC60030017A501A8
:108F0000825E961E10F001BC63FF1FF0CF01BC60B3
:108F10001B00F0EF01BC63FF1FF0D100B0446700FD
:108F200010F101BC63FF1FF0D200B0446B0010F2DF
:108F300001BC60030404D801BC63FF1FF0C301BC83
:108F400060031C10E301BC63FF1FF0C400B05213A8
:108F50000010E401BC63FF1FF0C500B0522F0010E9
:108F6000E501BC63FF1FF0C600B052330010E601FC
:108F7000BC63FF1FF0C700B052370010E701BC63AD
:108F8000FF1FF0C800B052170010E801BC63FF1FBC
:108F9000F0C900B0521B0010E901BC63FF1FF0CA0A
:108FA00000B0521F0010EA01BC63FF1FF0CB00B0FD
:108FB00013470010EB01BC63FF1FF0CC00B0134B54
:108FC0000010EC01BC63FF1FF0CD00B0134F001088
:108FD000ED00B0136700106201BC600300281100AF
:108FE000025E02F0107400025E02F00D2F01BC6000
:108FF0002B1877A100025E02F00127016040670094
:1090000011C000E040649B17A100E05E870097A1BB
:1090100001BC63FF1FF0C001BC600301550101D218
:10902000DE86A030E000905E870177A101BC60037E
:109030000797920190600A09104803BFDE02F0030F
:109040005301BC60070011C101BC602B1817A101BE
:10905000BC60030017A200025E02F0012B01BC609D
:10906000030011C10002DE02F000000201C2E300B1
:109070000665020300C700064200682E0F00265254
:10908000006E4246F6465203BFDE02F00644006E12
:109090004247002652020300C700064F0355DE0276
:1090A000F0064401806002861430013850830017B6
:1090B000A100B050CB001065006DDA32F42C6200D4
:1090C000A841231410480114006300106500E0411A
:1090D000970ED06500E05A0300368001BC621F0085
:1090E00011E003BFDE02F000120181E00686343198
:1090F0000191600E84F42703BFDE02F00665013C97
:1091000050670017A101AC5E861750BA01BC60031E
:109110000190B8020300C700065F0068AE0F00268A
:109120005A0181E0021710B80350DE02F00658031E
:10913000BFDE02F0066500E82E0F002B8300B05E54
:10914000CB0010B500B000630870B4028342D300B6
:10915000065D03BFDE02F006600186E0040310A096
:1091600000025E02F001E603D5DE02F00C6203D6D7
:10917000DE02F00C7A0350DE02F0066103BFDE026D
:10918000F003C301BC600300F0A50182E0020910F6
:109190004801BC621F0011E001BC60030011EC013A
:1091A000BC600F0011E80285500B00066C01826064
:1091B0000209104803A0DE02F0067003D5DE02F0BB
:1091C0000C6203D6DE02F00C7A03205E02F0067613
:1091D0000188600209104801BC6003000831006882
:1091E0005E4B18A0020068DE4B07867500025E0227
:1091F000F0063703BFDE02F0001201BC6003003747
:10920000A100025E02F00E9603A3DE02F00012023D
:109210000050C700068201BC60030010800182601C
:10922000060910480180600286343100688EF7001C
:1092300006800104C1070017A10183DE86F297941E
:1092400000E001CB00207203BFDE02F0020D00B08F
:10925000010B0017A1006DDE840806C300E844641A
:109260000877A1006E5E840826C30187E006F577C3
:10927000AB020200BF000697028881AB000697028E
:109280008400C70006970129500B0017A10068DE73
:10929000870206970282DEBB0006970203C57300B1
:1092A00006960283DEB30006960286ABD3000692D2
:1092B0000282DEBB00069200682AE7000697006D76
:1092C000DE2F01E6970182E006F7F7BF01BC613BA4
:1092D0000417A100E04466F42AA903BFDE02F000EF
:1092E0001203BFDE02F006C301BC60030011490295
:1092F000825EAF0006B201826006F577AB00B04433
:109300006700081C020400BF0006A30068451F0098
:1093100006A30185E002F577AB032BDE02F006A180
:109320000185E006F577AB00B0058B001064000204
:109330005E02F0119700B0014B0017A20208421B19
:109340000006A600B0016B0017A200685E8B000645
:10935000AE0090452B0097A10080DE86F457A10057
:109360006E20BA0DA6AE00B041B700082E00E12075
:10937000BA23282F00E0DE86234C4500B041B6F426
:10938000282E02055EAF0006B001BC610300113358
:1093900000E10D8229436000E08D8700036100E851
:1093A00044650397A5006D5E970100C1020200BFEE
:1093B0000006C00068DE4B06A6B70184E002F7F79E
:1093C000BF0068DE4B0406BA0282DEB30006BA01B3
:1093D000BC6003000B0A02045EB30006BD0068DE39
:1093E0004B0626BD00025E02F0158F00025E02F001
:1093F000123703A3DE02F006C00183E002F597AC4A
:1094000000025E02F017C001826002F577AB03D163
:109410005E02F00002020050C30007190325DE02BD
:10942000F006C70183600684F42703BFDE02F0065E
:10943000F9020CD0030006F7020300C70006E6019C
:109440001400630017A1006DDE870086F701BC6081
:109450000300178000B050CB00106500B050CF0063
:109460001064018160060D906C01826006863431C3
:1094700000B05A230017A101BC600300168801BC8C
:109480005A2AF437A101BC600300168A00B05E8737
:1094900000148F00B05A270017A101BC600300160A
:1094A0008901BC5A2EF437A101BC600300168B0061
:1094B000B05E8700149000B05A1B00148D00B05AA3
:1094C0001F00148E01BC60030016040068DE030058
:1094D00006E3020350C70006E20100509F00178018
:1094E00001805E0291B48D01BC5E0292149001BCB9
:1094F000600300378000025E02F016E400B05E03F5
:1095000000148C03BFDE02F006F20068C2470006BA
:10951000EB0181E0068634310191600E84F427016D
:10952000BC600300143003BFDE02F0000200B05044
:109530009F0017A100025E02F001E500B05E870007
:1095400014270186E0040310A000B0428300180035
:10955000010CD0030017A10068DE870066E6010257
:1095600050C70017A101805E8684F427018AE00EAF
:1095700084F42700B050BF00142603BFDE02F006BB
:10958000F90186E0040310A00200509F0006F902D2
:1095900086C10700071403295E02F006FE00B052E0
:1095A0003300142D00B052370017A1019E5E86844F
:1095B000F42700B0509F0017A10180DE86F437A188
:1095C000020580C300070500B0303B00108F00B0DB
:1095D000303700108E00B050D700108D00B050D33F
:1095E00000308C00B050BB00108F00B050B700109E
:1095F0008E00B0509B00108D01806006F4308C020C
:109600000250C700071100B0524300108F00B05243
:109610003F00108E00B0523B00108D011A523700EF
:1096200017A10198DE870437A101B85E8691B08C3E
:1096300001826002863431018160020D906C01BCB0
:10964000600300143401BC60030014350325DE02FE
:10965000F00717019C600284F42703BFDE02F007C5
:109660001B0285500B00071900A850C70D143101CB
:10967000BC600300143001816002F5D7AE01836045
:109680000284F4270185E00209104801BC60030050
:10969000142E03A25E02F0020D03BFDE02F00012E0
:1096A0000323DE02F0079103A35E02F0079103A2F9
:1096B000DE02F0079101816006F577AB03AA5E0236
:1096C000F007910183E0020910480351DE02F00720
:1096D0002C020680C70007290182E001872C39008F
:1096E000E0026B00209A0180E006F577AB03BFDE55
:1096F00002F007310301DE02F0072F00685E4F061B
:10970000272F01BC60030017A803A45E02F00731F5
:1097100003C1DE02F0079402045EB300073A01843D
:109720006002F597AC0183E00209104800B02B3FBE
:109730000017A1006D2AEEF4200200E0027B002059
:109740009E01BC6003000ABB00025E02F01592039A
:10975000BFDE02F000020203DEB300074A0183E02D
:1097600002F597AC00E020CF00283302015EBB0079
:10977000074A00B02A830017A1006D20CEF42745C8
:1097800001BC600300083300E0027F00209F03A9B2
:109790005E02F007480191601A84F42703BFDE02DD
:1097A000F0036E01BC63FF1FF7A100025E02F00E22
:1097B0009603295E02F0074A0191601A84F4270398
:1097C000BFDE02F0074A0184600209104800E10D83
:1097D000C229437000E08DC7000371020400BF007E
:1097E000075101BC6003001115011400630017A1AB
:1097F00000E06602F4306500025E02F0109A018219
:10980000600209104800685E3B18A7550068DE3BFF
:1098100007075603BFDE02F0000203295E02F007CD
:10982000590201500300075900685E3B04A760011C
:10983000F0DE1700378500A05E16F0978500685EA1
:109840003B0627600201500300075F028780BF00CC
:10985000075F0185E0060910480280D00300077009
:1098600000B05E1B0017A300B0008B0017A4020419
:1098700000BF000766006E419730676601185A0303
:109880000017A3011A5A030017A40068C183180720
:109890006900E002930020A403BFDE02F0076B0022
:1098A0006D5E2EF4876B0182E00686343100E05E47
:1098B0003300378C0068DE32F4676E00B05E0F0054
:1098C0001785006DDE2EF4677C03BFDE02F0078C87
:1098D00000B05E1F0017A300B0008F0017A40204A1
:1098E00000BF000776006E4197306776011C5A036F
:1098F0000017A3011E5A030017A4006D5E2EF48703
:10990000780182E00686343100E05E3700378D0052
:1099100068DE36F4677B00B05E0F001785006D5E71
:109920002EF4678C0185E00209104803D1DE02F0B5
:10993000077E03295E02F00780020300C70007814B
:1099400000B05E0F00178500025E02F010950068FF
:1099500041831807B2020300C7000788020CD00336
:10996000000788028350C70007880068DE4B05A700
:109970008803BFDE02F016640181E0068634310000
:1099800068DE3B06278B00E0029F0020A703BFDEB6
:1099900002F006C300025E02F01095018160020928
:1099A000104803295E02F00791028300C700166485
:1099B00003BFDE02F006C303D1DE02F0079203A567
:1099C000DE02F006C303BFDE02F0001200E10DBAB2
:1099D00029436E00E08DBF00036F020650030007AD
:1099E0009C00B001030017A1006D810AF4279C00C0
:1099F000E844640877A1006E5E8408279C0187E034
:109A000006F577AB01085E4B0017A100685E4B05B9
:109A1000279F00685E870027A000B05E0F001785B3
:109A200000025E02F0109500685E3B0627A601BCAE
:109A3000600300178C0200D0030007AB01BC600379
:109A400000178D03BFDE02F007AB01BC60030017F7
:109A50008C020300C700020D020CD00300020D01AE
:109A60009C600284F42703BFDE02F0020D0068410F
:109A7000831807B10180600684F42703295E02F091
:109A800006C301826006863431028300C700166473
:109A900003BFDE02F006C300E002970020A50181AB
:109AA000600209104801BC600300081200E0017B5D
:109AB00000A05E01BC60131417A1006D017AF420B0
:109AC0001201BC60130C805E03BFDE02F0001200C6
:109AD000025E02F00D2F0338DE02F00012039EDE5C
:109AE00002F0001200E8444C00F7A100E85E840197
:109AF00017A1006ADE840107C200E85E84011187B5
:109B000001BC600300118801A5E02230118001BC76
:109B1000600300111301BC600300111400B044671E
:109B20000017A100B0446B0017A200B05E870011BF
:109B30000400B05E8B00110503B8DE02F007C40319
:109B4000BFDE02F0001201BC600304B79201BC60EA
:109B5000030417A101BC63FF1FF0CE00B052170031
:109B600010E800B0521B0010E900B0521F0010EACC
:109B700001BC60030010E4028600C30007E200B0ED
:109B8000540F0017A20069DE8A9087D500E85212B0
:109B9000F450E40068A0470007E201BC6003001035
:109BA000E400B054270010E000B0542F0010E1038F
:109BB000BFDE02F007EB01BC60030297A101BC60AD
:109BC000031890E801BC60030010E901BC600300C9
:109BD00010EA03BFDE02F007E203A4DE02F00A503F
:109BE00003A9DE02F00A5001BC600301D7A10206FE
:109BF00000C30007E40280DE5F0007E900B05407FD
:109C00000010E0006820470007E701D2DE86A030A0
:109C1000E000B0540B0010E103BFDE02F007EB01DF
:109C2000BC5E869010E001BC601F0010E101BC60CA
:109C3000030010E200B052230010E500B0522700EC
:109C400010E600B0522B0010E700025E02F0107424
:109C500003A9DE02F00AB100685E4F04280701BCC8
:109C600063FF1FF0C300685E4F16A7F900685E4FE0
:109C700005A7FC01BC60031A90E301BC600306B7B2
:109C80009200685E4F05280703BFDE02F00801015D
:109C9000BC600318B79201BC60030E90E303BFDE03
:109CA00002F007FE01BC600306379201BC60031896
:109CB00090E3028E01AB00080102984407000BB547
:109CC00002804607000BB500B02047001781000254
:109CD0005E02F0108400E85E8400D7A1006A5E8610
:109CE00090880700E85212F430E403BFDE02F00867
:109CF0000A01BC60030010E40338DE02F0080A0128
:109D000087E0061C90E40190600A09104801BC61DC
:109D10000304379100685E4F16AC4000685E4F0543
:109D2000ABB503835E02F00A5003BFDE02F000020F
:109D30000204416300081D01876002F577AB01BC96
:109D4000600300114901BC6003010B8900E10DB201
:109D500028E36C00E08DB700036D018460020B10F6
:109D60005802055EAF0008190187E006267133022C
:109D70000400BF00081C0185E002F577AB00025E1D
:109D800002F0119703BFDE02F0000203A35E02F0AF
:109D9000081F00025E02F017C00285C52300000202
:109DA000018460060B10580200DEFF0008250180C8
:109DB000E002F7F7BF00682B4F00082500E044657C
:109DC0005A4AD302055EAF00082701BC61030011A7
:109DD00033020580BF00082D01BC60131157A1009C
:109DE000025E02F001270196600E03301900B040B8
:109DF000670017A200025E02F0012B0203C03700C9
:109E0000082F03BFDE02F0001202875EAF000831A8
:109E100000E0021F0020870182600628914401BCF7
:109E20006003010B8903BFDE02F00012020601ABE2
:109E300000083601806001872C39020681AB0008DA
:109E4000380183E001872C390183E0020F1078028A
:109E50008140130000020200420300083D018460BB
:109E600002F597AC01BC6003000ABB01BC600300B3
:109E7000108003A3DE02F008400190600209104840
:109E800000B0446700179E00B0446B00179D00B0FF
:109E9000446F00179C00B0447300179B0068DE7A83
:109EA00023284000E002230020880115403B0017D2
:109EB00097006D80A700884B00A05E5F0037970079
:109EC0006880A700084B01BC600300379700B00111
:109ED000430017A1010C81430017A300685E8F00A7
:109EE000284F018CE0000A17A101C9DE840527FF75
:109EF00001BC60031077950191E0020D906C028621
:109F0000403700085500E002BB0020AE03BFDE0270
:109F1000F00CA401BC600300148001BC60030014B9
:109F20008101B8600A04902401BC60030408240184
:109F3000BC600300482301BC600300D02A01B36069
:109F40000700100401BC600300080801BC600300A6
:109F5000080901BC600300080A01BC600300080B8B
:109F60000183E002F5D7AE00E044671F4C1F028773
:109F7000C037000C9E00025E02F0123602864037A7
:109F800000086703C35E02F0087903BFDE02F00C2D
:109F90009F0068C033004877006B446583E8770012
:109FA000B041270017A100B0412701D04900B05EA1
:109FB000870017A100B05E870017A100B05E870080
:109FC00017A100B05E870017A100B05E870017A13F
:109FD00000B05E870017A100B05E870017A100B037
:109FE0005E870017A100B05E870017A100B05E87F2
:109FF0000017A100B05E8700104903BFDE02F00D1C
:10A000001303435E02F008620286403700088500B1
:10A01000685E5F000C9F00685E5F004C9F0152D23B
:10A02000030017A10185D206F437A203BFDE02F0B8
:10A030000880013C52030017A101BC5206F437A26C
:10A040000323DE02F008830068DE8B01CC9F03BF90
:10A05000DE02F0088500685E8B0288850068DE8B72
:10A06000038C9F006D403300CCA400685E5F004805
:10A070009800685E5F002895006800A700C88A0005
:10A080006880A700A88B00E0446690283001BC627D
:10A09000C30017A10280520300088E0196520300EC
:10A0A00017A10080DE8690379A02035203000893BE
:10A0B00000E05E6A90379A0207D20300089300E836
:10A0C0005E6B00379A029E5E6B000CA403BFDE023B
:10A0D000F0089C0152D2030017A10185D206F43783
:10A0E0009A03BFDE02F0089C013C52030017A10155
:10A0F000BC5206F4379A006E5E680BACA400685E32
:10A100006B000D130204C03B0008AE0181E0060D98
:10A11000906C0207C0AF0008A4020740370008A2F5
:10A1200000E0027300209C03BFDE02F00CA40002DA
:10A130005E02F0123603BFDE02F0089E00B020235C
:10A14000000C1100B02027000C1200B0202B000CD6
:10A150001300B0202F000C1400B05E7F000C15021D
:10A1600087C0AF000C9E0282403B000C9E0158400D
:10A17000AF00179A01BC603F1E17A1006DDE6AF4A4
:10A180002C9E035B5E02F008B001BC60130010431C
:10A1900001BC60FF1E17A1006E5E6AF42C9E00B029
:10A1A000412328104801806002F297940184E00264
:10A1B000091048015840AF00102A006840AB002C3D
:10A1C0009E01BB5E5600900402035E570008C10268
:10A1D0000047A30008BE01BC621E3C11E001BC6048
:10A1E000030011EA00B05E6B0011EB0198601E3DA8
:10A1F00011E8020047B30008C100B05E6B0011EF28
:10A2000001B0E0CE3D91EC03835E02F008C4000291
:10A210005E02F01236006D403304C8C103AADE02AC
:10A22000F008E001BC63FF1FE3B301BC601F10D066
:10A230006401BC600300B7A101BC63FF1FE793008A
:10A24000E04186F4306501BC63FF1FF60000E05E6C
:10A25000870077A100025E02F00F1F0200C07700A6
:10A2600008D6012940770017A2006D5E8B04C8D480
:10A2700000E85E8B04D60001BC601F05F06300E0BF
:10A28000418EC01063010C56030003B30068DE87E3
:10A290000168D600B05E8B000793006DDE8701C8B1
:10A2A000D900E0419300306403BFDE02F008C90327
:10A2B000B05E02F008DF018360020D906C00681E42
:10A2C0001BFFE8E001BC601F05F06500E04194F071
:10A2D000D06502005A030008E0018360060D906C0F
:10A2E0000020402F08A8E201BC60030003B301BCBA
:10A2F00060030007FC0188E00F0007FD006D40339C
:10A30000020A4A0129520F0017930109520F001740
:10A31000AA0068DE4F03A8EA01295223001793011F
:10A32000A95E4F00379301966002F2979400E041D6
:10A330008701F06501BC600F0017A10028DE869040
:10A3400068F101866006F2979400E041970070651D
:10A3500000E0209300C82401065E530017A200A06D
:10A360005E4F0477A10068DE870448FF0186E0069F
:10A37000F2979400B85E8B0037A200B05A03001722
:10A38000A0020ADA030008F901876006F297940236
:10A3900084C03B0008FF0203DA030008FF03AB5E42
:10A3A00002F008FD020441070008FF01806004FF7D
:10A3B000A7FD01065E530017A20182DE8A00900409
:10A3C00003AADE02F0094503AB5E02F0091701841F
:10A3D00060020D906C01BC63FF1FF79900B01E2353
:10A3E0000017A20068DEAB00290900A05E4FFF77CE
:10A3F000A10068DE8707291503BFDE02F0090B0202
:10A4000084520F0009150204D20F00090E03B15E39
:10A4100002F0091400B01E1F0017A203BFDE02F0F5
:10A42000090F03B35E02F009140200521700091568
:10A4300000685E8BFFE91500E0015EF450650201E3
:10A440005A4700091500B01E4F0017990184600695
:10A450000D906C0200521700094303315E02F009AF
:10A4600043020200BF0009430180E001610B0802C2
:10A4700000521700091E0068DE4F04091D00B02AB3
:10A48000D70017A2006DDE895509310202AB2F00FB
:10A49000093E02832B2F00092000685E5F00092B14
:10A4A00001BC60030017A3013852030017A3028305
:10A4B000AB2F0009270068DE5F00292701085E8FA7
:10A4C0000017A300695E8F00693E03BFDE02F0093A
:10A4D0002B006DDE5F00492903BFDE02F0093E025A
:10A4E000842B2F00093E0068DE8F00093E00682A99
:10A4F0009B00093E00B02B930017A2006DAA9AF4AE
:10A50000493E00685EAB00493100685E4F06893104
:10A5100003BFDE02F0093A00B02B9B0017A200B087
:10A520002A9B0017A10283AC2700093600682C87FC
:10A53000000937006D5E8564293700B02C7F001755
:10A54000A2006D5E895CA93900B02C4B000B110193
:10A5500084E006F7F7BF0068DE4F02893E00025E26
:10A5600002F017BA0206DEFF00093E00E02BC7002A
:10A570002AF10068DE5F0009410068DEAB00494156
:10A580000180E005610B0800682B4F000943018042
:10A59000E006F7F7BF01BC63FF1FF7A5032B5E02C0
:10A5A000F0094600B01E4F0017A50207520F000920
:10A5B000C2028047A30009BF028047B30009BF0061
:10A5C000E0209300882400E8208F00882301BC60ED
:10A5D000030011E401BC600303D1E102065E5300F5
:10A5E000094F01BC60030491E10206DE53000953E8
:10A5F00000E047870051E10207D20F00095300E055
:10A6000047870091E1006D403302CA4A00685E4FFF
:10A610000589560068DEAB0049C203AB5E02F00953
:10A6200059020052170009C2020580F300095E00BA
:10A63000685E97FFE95B00E05E970097A50068DE23
:10A6400097FFE95E028052170009C2020700BF00AF
:10A6500009C201BC601B0437A20090478700306527
:10A6600000E04196F4506500E0478701081A038333
:10A670005E02F0096500025E02F01236006D4031A4
:10A68000034962006D4031034A4A01BC600B1D570B
:10A69000A10068DE97FFE975010F5A070017A503AF
:10A6A0001EDE02F0097502005217000975032C5EC8
:10A6B00002F009C200685E67FFE97500E05E6700AE
:10A6C000979900E05E66F43064012A5803001799F8
:10A6D0000100DE970017A500E05E66F4B79900E080
:10A6E0005E67003799011558030017A603BFDE0205
:10A6F000F0098500E05E96F43064012A58030017E3
:10A7000099020580F30009840182E002F33799027F
:10A710000052170009840116D8030017A6010F5A2A
:10A72000070017A4010CD8030017A10068DE92F4FB
:10A73000298000E05E6702179903BFDE02F00989F5
:10A74000010DD8030017A10068DE92F429C200E0D1
:10A750005E6704179903BFDE02F0098901105803F0
:10A760000017A60068DE9B00C9890181DA03001783
:10A77000A100B85E86C017A10281DE870009C20071
:10A78000885E6700778000E000AEF0106401AADE0A
:10A7900064FF87FC0068DE9B0049A30207818700F5
:10A7A0000996006DDE030C09960285520F0009968A
:10A7B0000298523B0009960181E004FFA7FD00E0EA
:10A7C0005E000B37A300E05E8F0097A300E0418797
:10A7D0000077A200025E02F010D600E8208F010888
:10A7E0002301BC602306D78100885E970077A10013
:10A7F000E85E86F4B06301BC60070E17A100E0417B
:10A800008EF4306300B056170017A100B0561B003D
:10A8100017A20068DE86D049C20068DE8AD069C20D
:10A8200000025E02F010AB01BC602306906401BC24
:10A83000624F0017A200025E02F010FE00E04787A0
:10A840000217A103835E02F009A7006EC032F4294B
:10A85000A5006EC032F42C9E00685E9B0049BF01CB
:10A86000BC621EF471E00068DE9B00C9B201BC61ED
:10A870001300B7A1020600F30009AE01BC6013008B
:10A88000B7A101BC60030011EE00B05E6B0011EFD8
:10A890000192E00EF431EC03BFDE02F009BF006864
:10A8A0005E9B0069B40068DE9B00A9BF019860064A
:10A8B0003D11E800E0209300882400E8208F008804
:10A8C0002301BC60030011EA0068DE5F0049BA00A2
:10A8D000B05E6B0011EB0192DE5E3D11E801876016
:10A8E000023D11E80068DE9B00A9BE018760063DBD
:10A8F00011E8019860163D11E80181E004FF87FC32
:10A9000001AADE64FF87FC03BFDE02F009C701BCB9
:10A91000620F0011E001BC60030011E40181E0005E
:10A92000FFA7FD01BC600F0011E801BC600300112E
:10A93000EC02001FF70009CE00E0208EF348230050
:10A94000B0209300102500E8208E04A823006AA000
:10A950008F01C9CE01B860060490240182E006F29E
:10A9600097940188600A00900401BC6003187795F1
:10A9700003A0DE02F009DB00685E4F06A9E00138A3
:10A98000520300178000B05E5F0017810204DEB73B
:10A990000009DA00685E070009D901BC600301778D
:10A9A0008001BC600300378103BFDE02F009DA01D9
:10A9B000BC600301578000025E02F001430068DEC4
:10A9C000AB0049E000A05E4F0477A100685E8700FD
:10A9D0004C2D00685E87044C2D03BFDE02F00E355F
:10A9E0000180600186EC37006EB083002A1C00688D
:10A9F000DE4F040A1C03335E02F00A1C0180600172
:10AA000084AC2500E030B3002C2C0392DE02F00A67
:10AA10001C00E03093002C2400B030830017A1000C
:10AA20006D3092F429EB03BFDE02F00A1A01806058
:10AA30000584AC2501BC60270897A100025E02F0E6
:10AA400001270187E006032C2A00B00143000C2BEC
:10AA500003835E02F00A18006DC03305C9FB00E8ED
:10AA600060BA0197A60080DE9B0117A500685E5FB3
:10AA70000009F60080DE9B0057A500B041B7000C2E
:10AA8000360080B0DB0C8C3600B041B7000C3600CD
:10AA9000B030DB0010400000800000000001BC600E
:10AAA0001B06D06501BC600300B7A400025E02F083
:10AAB000017200685E9300AA0303835E02F00A1825
:10AAC000006DC031842A1801BC6003064C3603BFF8
:10AAD000DE02F009F70207C197000A0601385A079B
:10AAE0000017BB03BFDE02F00A07013C5A03001740
:10AAF000BB01BC601B0437A600E84196F4D7A30055
:10AB0000885E8F0037A300E05E8EF777A500E05ED9
:10AB1000970057A503835E02F00A18006DC03184C8
:10AB20002A18006DC032F4AA1800E85E960197A6B4
:10AB30000080DE9B0117A400685E5F000A1300809E
:10AB4000DE9B0057A400B041B70017A40080DE933D
:10AB50000C97A400B041B700104000008000000036
:10AB60000003BFDE02F00A0C0386DE02F00CA10334
:10AB7000BFDE02F00D8B0180600184AC2501BC605A
:10AB800003000C240386DE02F00CA10287C037000C
:10AB90000C9E00025E02F0123603035E02F00A1CF5
:10ABA00003A9DE02F00A2600025E02F01236020756
:10ABB0004037000A210386DE02F00CA10287C0376D
:10ABC000000C9E00025E02F00EA3006E4030020AEE
:10ABD000500301DE02F00A500068DEAB000A3703C2
:10ABE0002B5E02F00A2C00E0022B00208A03BFDE5D
:10ABF00002F00A3002805217000A2F00E0024300E0
:10AC0000209003BFDE02F00A3000E00257002095DA
:10AC100000685E4F040D8500685E4F028D850068F8
:10AC20005E4F020BC100685E4F050E2500685E4F47
:10AC3000060E2500685E4F068E2F03BFDE02F00E63
:10AC4000350068DEAB002A49032B5E02F00A3B00A8
:10AC5000E0022F00208B03BFDE02F00A3F02805289
:10AC600017000A3E00E0024700209103BFDE02F019
:10AC70000A3F00E0025B00209600685E4F06AB8E44
:10AC800000685E4F042E4D00685E4F04AE4D0068B4
:10AC90005E4F05AC3200685E4F062B8E00685E4F3B
:10ACA000052E2300A05E4FFF77A100685E87072E68
:10ACB0004000685E4F16AC3D03BFDE02F00BB503EB
:10ACC000BFDE02F00BB900E0020F00208301BC6080
:10ACD000030011EC01BC600F0011E80284C03B00CE
:10ACE00009C20184E00609104803BFDE02F009C270
:10ACF0000200C09300000203A35E02F00A5403C3E3
:10AD00005E02F00A5303BFDE02F00D1100025E0284
:10AD1000F012360207C0AF000A5702074037000A98
:10AD2000540107C0AF0017A100B85E870037A1012A
:10AD3000825E860D906C00B0447F0007FE01836048
:10AD4000020910480287C037000C9E0386DE02F01D
:10AD50000CA100025E02F0123603435E02F00A5CB0
:10AD60000287C037000C9E0301DE02F00A7B03302D
:10AD70005E02F00A7B01BC601F15506500E0419443
:10AD8000F530650138402B001680012D406B00170F
:10AD9000A200885E8B0137A202884027000A6A0160
:10ADA000846006D0168000B05A02F456800205C0B6
:10ADB00027000A6D0187E006D0168001BC601B0DDC
:10ADC000D7A100025E02F0012700B04067001681A3
:10ADD00001BC601B0DF7A100025E02F0012700B06C
:10ADE000406700168200B05A0B0017A100E85A060F
:10ADF000F437A200E15E8AF457A100E0DE86F45742
:10AE0000A100985E8700B7A100E01EA70067A90017
:10AE1000691EA7018A7B01BC60030007A902801F8D
:10AE2000F7000A7D006E4030020B890381DE02F0DC
:10AE30000A8A00E002170020850329DE02F00A8159
:10AE400002902E27000A8201BC6003002B8903A90F
:10AE5000DE02F00A860184E0060910480180E00263
:10AE60000910480184E002F7F7BF0386DE02F00C08
:10AE7000A101806004FF87FC01806006F2979403C3
:10AE8000BFDE02F00B370068DE4F040A8D03335E2D
:10AE900002F00A8D01BC6003000C2401836002F7FC
:10AEA000F7BF0329DE02F00A910288AE27000AA349
:10AEB00001BC6003000B8903AB5E02F00A9E0068D0
:10AEC0005EAB002AA200685EAB000A9C010C520F28
:10AED0000017A100685E87002A9800685E87004A14
:10AEE0009A03BFDE02F00AA203B0DE02F00A9E035C
:10AEF000BFDE02F00AA003B15E02F00A9E03BFDECD
:10AF000002F00AA003B35E02F00A9E03BFDE02F065
:10AF10000AA001BC6003004B8903BFDE02F00AA354
:10AF200001BC6003008B8903BFDE02F00AA301BCF1
:10AF30006003002B890386DE02F00CA103AB5E02E6
:10AF4000F00AA801F0521300118601A5E00A3011A1
:10AF50008003BFDE02F00ACA03A9DE02F00AAE00D7
:10AF600068DEAB004ACA00B0523B00179F00B052E7
:10AF70003B0017BE01BC600300280803BFDE02F0DF
:10AF80000ACA02875E53000AD703A0DE02F00AB99C
:10AF900003BFDE02F007CA0190600A09104800B042
:10AFA000523B00179F00B0523B0017BE019E5E83CC
:10AFB00000B0EB0106520F0017A100B85E87003702
:10AFC000A10182DE86F577AB01BC61030030800011
:10AFD000E8523AF3F7A2006BD23AF3EABC00E85E1B
:10AFE0007E91D7A200905E8B0097A101BC602301E7
:10AFF0001064006B523AF3EAC701185E870017A28B
:10B00000010A5E870017A300886006F457A200E0DB
:10B010004192F4706400B05802F45600006BDEFAFE
:10B0200091CACA00B0523B0017BE03BFDE02F00A4D
:10B03000CA00025E02F0164F00B02023002808006C
:10B04000B0523B00179F0320DE02F00AD702075ED2
:10B0500053000ACE0180E00209104803BFDE02F06F
:10B060000AD70068DE5F000AD4021A5407000AD229
:10B070000103C0270017A101825E8610D08601025D
:10B08000C0270017A100E0422AF4308A0180E004C2
:10B09000FF87FC03A9DE02F00AD700B05E4700106C
:10B0A0008001085E4F0017A100685E87002B050332
:10B0B000AB5E02F00B0902005217000AEF0068DED7
:10B0C000AB004ADD00E0025300209402865E53008C
:10B0D0000B370284520F000D130284D20F000AE2D4
:10B0E00003AC5E02F00AED03BFDE02F00AF8032CA7
:10B0F0005E02F00AF800685E4F040AED0106D20F06
:10B100000017A100808ECF0197A200E0015E0DB074
:10B11000640181DE86C3F61F0187DE862491240048
:10B12000683077FFEAED00B04467000C1E02005E55
:10B1300087000AED00E0446583AC1E00685E4F02A4
:10B140000B3703BFDE02F00B24031EDE02F00AF50C
:10B1500003315E02F00AF50068DEAB004AF50080BC
:10B160008ECF0197A200E0015E0DB0640181E00284
:10B17000C3F61F0068DEAB004AFA00E0023F002081
:10B180008F03BFDE02F00AFD00685EAB004AFD02DD
:10B1900080522F000B3702024107000AFD00685E53
:10B1A0004F040B3700685E4F028B370206DE5300F8
:10B1B0000B020028E01EF40B0200A044B703E14597
:10B1C00000B005130017A100E05E8428A1460284A8
:10B1D0004107000B3701806006F2979403BFDE023F
:10B1E000F00B37032B5E02F00B3700685E4F05ABA8
:10B1F0002400685E4F052B2403BFDE02F00B3700EE
:10B2000068DEAB004B12006D8ECF002B1201BC60CC
:10B2100003000AB501826002F5D7AE02805EFF002E
:10B220000B1000682B4F000B1200E044655A4AD304
:10B2300000682B6BFFCB1200E02B6B002ADA0206B2
:10B240005E53000B1500E0026300209803BFDE028E
:10B25000F00B370323DE02F00B1F0129500B001700
:10B26000A30068DE8F052B1F020680C7000B1A01A2
:10B2700082E001872C390187E0021070830184602D
:10B280000209104800B05E870017A1006EE00300BD
:10B290002B1E03D1DE02F00B1F0068DEAB004B213A
:10B2A00000E0022700208900685E4F000B3700682D
:10B2B0005E4F010B3700685E4F058B3700808ECFE5
:10B2C0000197A200E0015E0DB0650020DA7F140B4B
:10B2D00037028047C7000B870329DE02F00B2D01E0
:10B2E00002DEAF0017A10106520F0017A200385E60
:10B2F00086F44B370182DE8AF577AB00B05223002B
:10B3000011F200B052270011F300B0522B0011F4DB
:10B310000106520F0017A100E05E870031F500B072
:10B32000005B0011F000B047C30018000134C7C72C
:10B330000017A1006EDE8402AB3701BC6003081069
:10B34000420283C107000B3B0301DE02F00B3A030C
:10B35000B55E02F00B3B02805E53000D1300B0405F
:10B36000330017A101089FF70017A200685E8B0049
:10B370006B4300E840310497A102811FF7000B43A3
:10B3800000B020930017A102809FF7000B4300B08C
:10B390005E630017A1006E5E84020B8900B05E87B9
:10B3A0000007F401816000FF87FC0202C013000B5C
:10B3B0004900E05E840347F401816004FF87FC02DA
:10B3C000011FF7000B8201035E530017A10187DE06
:10B3D00084FF87FC0386DE02F00CA100025E02F00F
:10B3E000123603855E02F00B4C018E60023D11E8BF
:10B3F0000107C7830017A101825E84FF87FC020159
:10B400009FF7000B550103C7970017A101825E84C7
:10B41000FFA7FD00B020330017A1018E5E84FFA7B7
:10B42000FD032A5E02F00B5D00025E02F00E870350
:10B4300029DE02F00B5C0301DE02F00B5C0182E00E
:10B44000060D906C03BFDE02F008A401BC6003008F
:10B4500011EC01BC600F0011E801846004FFA7FD3E
:10B4600001075EAF0017A10185DE84FF87FC00B0F5
:10B4700040270007F600B0406B0007F800B0406FAF
:10B480000007F900B0402B0007F701BC601B0DD787
:10B49000A100025E02F0012700B040670017A20180
:10B4A000BC601B0DF7A100025E02F0012700B04056
:10B4B000670017A100E85E8AF437A200E15E8AF413
:10B4C00057A100E0DE86F457A100985E8700B7A17F
:10B4D00001BC5E860147F700681F33000B7C018FBB
:10B4E00060060127F600681F33002B7900B01FC7E4
:10B4F0000017A100025E02F0012700A04064F9D706
:10B50000A200B85E88FE17A103BFDE02F00B7A002E
:10B51000A04138FE17A10068DE87000B7C018F6018
:10B52000020127F601846004FFA7FD01075EAF005A
:10B5300017A10185DE84FF87FC00025E02F00EA3E6
:10B5400001BC63FF1FD7A800025E02F0109A000240
:10B550005E02F00E8701A8600A00900402011FF746
:10B5600000163B00A8401300500403BFDE02F007A2
:10B570002000E002870020A103BFDE02F00B8A005A
:10B58000E0020B00208203A9DE02F00D13018460AB
:10B59000060910480184E00609104803BFDE02F0E6
:10B5A0000D13032B5E02F00BB10068DE4F06AB9269
:10B5B00000E0023B00208E03BFDE02F00B9300E0B0
:10B5C000023700208D0323DE02F00BB50068DE4E4B
:10B5D000F1CBB5020680C7000B970182E001872CF2
:10B5E000390187E00210708301846002091048006D
:10B5F000B05E870017A1006EE003002B9B03D1DE35
:10B6000002F00B9C00685E4F062BAF01BC6003008C
:10B61000083303295E02F00BA10203DEB3000BA284
:10B620000191601A84F4270183E002F597AC0202CD
:10B6300000BF000BAE0206ABD3000BA7020345AF61
:10B64000000BA90185E0062D716B03BFDE02F00B34
:10B65000A90203456F000BA90185E0062B715B026F
:10B66000045EB3000BAE0187E0021070830183E03B
:10B670000209104800025E02F0159303BFDE02F0DB
:10B680000BB50205500B000BB5018260060910488E
:10B6900003BFDE02F00BB500025E02F00BBC0068D7
:10B6A000DE4F062BB500E0024F00209303BFDE0201
:10B6B000F00BB503AB5E02F00BB702044107000BC1
:10B6C000BA02834107000A5003BFDE02F00BBA0240
:10B6D000844107000A5001806006F2979403BFDEA0
:10B6E00002F00A50028700C3000BC00068D21300AA
:10B6F0000BC001BC600300118301BC600300118218
:10B700000002DE02F00000039F5E02F00BC4039E05
:10B71000DE02F00E3502035E53000E35010C81434C
:10B720000017A10068DE87002BC901000163001724
:10B73000A10102C0270017A20038DE86F44BB9032E
:10B74000AB5E02F00BCB02005217000BB902805225
:10B750002F000BCD03335E02F00E3502181DF300EF
:10B760000BF101BC601B06106501BC60031BB7A494
:10B7700000025E02F0017200B05E8F0017A6006842
:10B78000DE931BABED0207C197000BDA01385A07B5
:10B790000017A1013C5A070017A201BC5A0AF4572E
:10B7A000A2013C5A0B0017A301BC5A0EF477A30365
:10B7B000BFDE02F00BDD013C5A030017A100B05AB6
:10B7C000070017A200B05A0B0017A3006D5E870098
:10B7D0008BE701BC61BF0A17A50068DE8AF4ABE203
:10B7E00001BC60271357A500685E8EF4ABE601BC70
:10B7F000605F0017A50068DE8AF4ABE701BC601744
:10B800001E57A50068DE8EF4ABE703BFDE02F00C26
:10B810002900D85E870037A100E14196F430650029
:10B82000E1C19700306501F041970017A200E05E8A
:10B830008B0077A2006D5E8AF4CBD000E840330025
:10B8400097A5006E5E96004C2900B01DEF0017A171
:10B850000068DE840A0E35023C523F000C02013CB7
:10B86000523F0017A10068DE84048C2701BC6003EE
:10B8700016106401BC601B06306500685E87002BF3
:10B88000FE00B05A030017A20068DE8AC00C270031
:10B89000E0419700306500E0419300306400E85ECD
:10B8A000870057A1006A5E87002BF700685E87005B
:10B8B0000C0301385A030017A1013858030017A2DE
:10B8C0000068DE86F44C2703BFDE02F00C0302851D
:10B8D000C107000E3501BC601B06106501BC60038A
:10B8E00005B7A400025E02F00172028000C3000CE2
:10B8F0002701BC60131417A600E0017F00B7A50064
:10B900006D5E96F4CC0B01BC60130C97A500685ECD
:10B91000940BCC2B00B0017B00106500B0522700C7
:10B9200017A200B0522B0017A3006841940BEC162D
:10B930000068DE8ED04C1200685E8AD02C2700E0B2
:10B94000419700B065006D4196F4CC0F01BC6013C7
:10B950000C906503BFDE02F00C0F00E0028B0020AC
:10B96000A200B0017F00106500B0522300168000D5
:10B97000B0522700168100B0522B00168200808E34
:10B98000CF0197A200E0015E0DB0640203587F0072
:10B990000C2001BC602F0037A103BFDE02F00C2198
:10B9A00001BC5202F2F7A101A95E02F436830090B5
:10B9B0004467011684020281AB000C250068DE9307
:10B9C00005AC2601846006D0968400B05E97000026
:10B9D0005F020781AB000C2901806006F297940397
:10B9E000AB5E02F007DF03BFDE02F00A5000E002A8
:10B9F0008F0020A303BFDE02F00BB903835E02F0C9
:10BA00000C2F006D4033038C2D006D4033038BB938
:10BA1000032B5E02F00E3903BFDE02F007DF032BBB
:10BA20005E02F00C3700E0023300208C020681AB8E
:10BA3000000C360183E005872C3903BFDE02F007D6
:10BA4000E100E0024B002092008800230037A200B2
:10BA5000E05E8800F7A200E0001AF451890186E058
:10BA60000630118003BFDE02F00BB5032B5E02F03F
:10BA70000C3800E013530024D403BFDE02F007DAD1
:10BA800002045247000BB501BC601F10F06401BCFA
:10BA900060030177A101BC63FF1FE79300E04186CB
:10BAA000F4306501BC63FF1FF60000E05E8700779D
:10BAB000A100025E02F00F1F0200C077000BB5016B
:10BAC0002940770017A2006D5E8B04CBB500E85EBD
:10BAD0008B04D60001BC601F05F06300E0418EC0FE
:10BAE00010630200D603000BB502065603000BB527
:10BAF0000184E006F597AC0116D6030017A2008872
:10BB00005E8B0077A200E0019EF4506500B0419783
:10BB10000004C201BC602B1817A100B05A0F001717
:10BB2000A200025E02F0012B01BC602B1837A100BD
:10BB3000B05A130017A200025E02F0012B00B041C0
:10BB40008B0004D903BFDE02F00BB503A2DE02F0C6
:10BB500000C203A3DE02F00C7A00E001FF00207FA8
:10BB600001BC60030017A303BFDE02F00C7C018759
:10BB700060040310A001BC60030051E400B04793CF
:10BB800000180001BC600302900401BC620F0011A8
:10BB9000E001BC600F0131E800B047A300180001CC
:10BBA000BC600F0011E801BC60030131EC00B0473C
:10BBB000B300180001BC60030011EC0184600609A9
:10BBC00010480020601E090C7100E001FB00207E7F
:10BBD00003BFDE02F00C8501BC60030ED7A1011487
:10BBE00000630017A200E05E86F4506500E05A038F
:10BBF000003680020300C7000C7703A95E02F00C38
:10BC00007C0291509F000C7B0191601A84F4270301
:10BC1000BFDE02F00C7B00E001FF00207F01BC6072
:10BC2000030037A30323DE02F00C850183E0020941
:10BC3000104801846002F597AC01BC6003000ABBA8
:10BC400001BC600300178E020680C7000C830182CE
:10BC5000E001872C390187E00210708301826002C5
:10BC600009104803D0DE02F00C8603D05E02F00C0F
:10BC7000870182E00209104803D5DE02F00C890139
:10BC8000BC60030010B401BC600300F7A1006800B1
:10BC9000A7000C8D0185421AF437A100025E02F064
:10BCA000012700B040670017A501BC63FF1FF7A282
:10BCB00000025E02F0012B008860070157A400B863
:10BCC0005E86F497A100025E02F0012B0283C21F80
:10BCD000000C9400025E02F0114C02844523000C1B
:10BCE0009603D0DE02F00C9800685E8F0000020020
:10BCF00020E01E090C9C00B05E9700142E03BFDEEE
:10BD000002F0036E00A8412300F04803BFDE02F0FA
:10BD100000020183600209104800E0021300208441
:10BD200003BFDE02F00CA401BC6007001042006EED
:10BD30004030020CA400E0027700209D00025E0269
:10BD4000F0170A03A35E02F00A5003C6DE02F00CED
:10BD5000A7032ADE02F00CAE00B03047000808004E
:10BD6000B0304B00080900B0304F00080A00B03076
:10BD70005300080B00B0305700179F03BFDE02F0DE
:10BD80000D130184E00609104803BFDE02F00D1315
:10BD9000020681AB000CB30281B0E70000BD028354
:10BDA00030E70000BD028445230000BD0320DE0211
:10BDB000F00CBB0068A0C7000CB801BC609F021764
:10BDC000A100E04466F42831006B4465062CBC00F9
:10BDD00020E1020900BD00025E02F00D2F01BC60EF
:10BDE000030008310020E38A0900BD0284452300D6
:10BDF00000BD00B05E870017A103915E02F000BD98
:10BE00000396DE02F000BD03965E02F000BD000264
:10BE10005E02F00D2F00E10DB228E36C00E08DB75B
:10BE200000036D01BC600300114701BC60030060AA
:10BE30002000680173000CD701BC60130890E60075
:10BE4000025E02F0016A00B001730010E401BC6000
:10BE50000300000601BC600300005C01BC6003013C
:10BE6000D78201D2DE0877F0E000B00F030010E1C6
:10BE700000B0004700108600B00F1F00108A01BC00
:10BE8000600300378100025E02F010700190600ACA
:10BE900009104801BC610300308003BFDE02F000DE
:10BEA0000201BC60030030420187E00224712300DC
:10BEB000025E02F014DB03975E02F00D4303125E94
:10BEC00002F00CDA01BC600300402001BC600300FA
:10BED0000B8901BC600300114901BC61830011257D
:10BEE00000B0007B00112701BC60130C805E01BC18
:10BEF00060130C805F0180E006F5D7AE0107C10733
:10BF00000017A101805E86F577AB01BC600F0011C0
:10BF1000E801BC620F0011E000025E02F00CF701C4
:10BF2000BC61CF0C105C01BC600300105D01BC6102
:10BF3000CF01F05E01BC603B0AF05F0186600561E5
:10BF40000B0800025E02F0145C01866001610B08C0
:10BF500001BC600300082E020300C700001201BCF0
:10BF600060030006B201BC60030006B701BC6003B9
:10BF70000006BC01BC60030006C103BFDE02F00086
:10BF80001201BC60430017BB00A04122F7704801BA
:10BF9000BC63FF1FF05401BC63FF1FF05501BC637D
:10BFA000BF1FF05601BC63FF0FF05700025E02F0A6
:10BFB000170A0187E00624712301BC6003001054B6
:10BFC00001BC600300105501BC600300105601BCA9
:10BFD000600300105701BC600F0020170106C10765
:10BFE0000017A101825E8402E017010741070017D4
:10BFF000A100B85E870037A10180DE87000016002F
:10C0000002DE02F000000285C03700000200025E7E
:10C0100002F0123602864037000D0A00E0021B00D3
:10C02000208601BC6003010B890386DE02F00CA1AF
:10C030000287C037000CA100025E02F017D003BFD8
:10C04000DE02F0001201B8600A04902403AA5E0226
:10C05000F00D160158600300102A01BC6003029025
:10C060000400B04013001800018360020910480169
:10C07000806000FFA7FD00025E02F0123603855EBD
:10C0800002F00D1A01BC620F0011E001BC600F014B
:10C0900031E800B047A300180001BC600F0011E8B0
:10C0A00001BC60030157A100E85E870037A100686A
:10C0B000DE87000D2101BC600302900400B0401334
:10C0C00000180001BC60030131EC00B047B3001858
:10C0D0000001BC60030011EC0324DE02F007200124
:10C0E000866006F577AB00025E02F00D2F018060DE
:10C0F0000610308100B05E870017A1018060021039
:10C10000308103BFDE02F00720020601AB000D31D3
:10C1100001806001872C3901BC610300108000B0F0
:10C120004203001800006EE003002D3403505E024D
:10C13000F00D3700015E02F0000003BFDE02F003E5
:10C140009401846002F597AC01BC6003000ABB0057
:10C15000A8412304F048018260020910480206DE6B
:10C16000AF000D3E03D5DE02F00D3E0350DE02F0BF
:10C170000D3C01BC60030010B40284C783000D4174
:10C1800001BC600B0011E0018E6002F577AB00028C
:10C19000DE02F0000003A2DE02F000BD02BC428716
:10C1A000000D4A01BC60030037A401BC60031FF707
:10C1B000A3011400630017A200886006F457A203CD
:10C1C000BFDE02F00D4F008860070117A401BC63B9
:10C1D000FF0017A3011400630017A200E05E8B01AB
:10C1E00017A200886006F457A201BC60131B90657B
:10C1F00001BC601B18506401BC60030017A500203F
:10C20000C286F48D5900E0419706D06500E0419365
:10C2100001F06400E05E970037A500885E93003768
:10C22000A400205E92F46D7803BFDE02F00D520090
:10C2300068DE92F44D5E00680083006D5E03A0DE50
:10C2400002F00D5E0020C123160D5300025E02F0C5
:10C250000D2F006DDE93200D74020300C7000D68E2
:10C26000006DDE97008D6801BC600300160801BCFC
:10C27000600300160901BC600300160A01BC6003DC
:10C2800000160B01BC600300160C01BC6003001615
:10C290000D01BC600300160E02005AC3000D7302AC
:10C2A0003C5A9F000D7300680083006D730385DEA8
:10C2B00002F000BD03855E02F000BD03A2DE02F0C5
:10C2C00000BD03A3DE02F000BD0397DE02F000BD57
:10C2D00000B041970010600191600A84F42703BF09
:10C2E000DE02F0036E01806002D616B000B05E93ED
:10C2F0000010A101836002F7F7BF01BC60030030AA
:10C300004303BFDE02F00D53006880830060BD036D
:10C31000BFDE02F00CDB0283C21F00000200B05E31
:10C32000870017A103D0DE02F0063D01BC600304C4
:10C330001042039EDE02F0001200B05E3F00114585
:10C3400001BC600300178F00B05E4300178500B08A
:10C350005E0F00179000025E02F00D2F03BFDE0299
:10C36000F00012006D4033058BBA03AC5E02F00D95
:10C370008A00685E4F028DEB00E00267002099039F
:10C38000BFDE02F00DEB00685E4F028DEB028030E5
:10C39000DF000D8E00E0025F0020970180600586BF
:10C3A000EC3700025E02F00EAF01866002F5B7AD19
:10C3B00001826002F5D7AE01BC6003000AB5039E9E
:10C3C000DE02F00DA00321DE02F00DA000E0026FFE
:10C3D00000209B00025E02F00D2F01866002091012
:10C3E0004800A8412301304801BC6003021042020A
:10C3F00080441F000D9F00B05E3F00114501BC60EE
:10C400000300178F00B05E4300178500B05E0F0079
:10C41000179003BFDE02F00DA000A044B6F07145F6
:10C42000028200C3000DEB00B000730017A100E012
:10C430005E86B017A100E15E7AF4379E00E1DE77F8
:10C4400000179D00E1DE7300179C00E0DE6F00170F
:10C450009B039EDE02F00DAF006E5E6E924E2100D9
:10C460006D5E6E924DAF006E5E72922E21006D5E1B
:10C4700072922DAF006E5E76920E21006D5E769206
:10C480000DAF006DDE7A91EE2102003097000DB401
:10C4900000B05E7B000C3200B05E77000C3300B061
:10C4A0005E73000C3400B05E6F000C35028201AB8D
:10C4B000000DC500B0446700082D00B0446B0008B3
:10C4C0002C00B0446F00082B00B0447300082A0011
:10C4D00068A0B6232DAF00E920B6F3D79E00E9A0EF
:10C4E000B2F3B79D00E9A0AEF3979C00E8A0AAF3D1
:10C4F000779B00E15E7A91F7A100B05E8700111989
:10C5000000E1DE7692111A00E1DE7292311B00E04A
:10C51000DE6E92511C0068DE86232DBE03BFDE0254
:10C52000F00DEB00E9523EF3D7A100E9D242F3B798
:10C53000A200E9D246F397A300E8D24AF377A40019
:10C54000880ECF0057A500E0015EF4B06400E95EFC
:10C5500086C9A78100E9DE8AC9C78200E9DE8EC9E3
:10C56000E78300E8DE92CA078400808ECF0197A59A
:10C5700001BC601F07778000E05E020DB065008897
:10C580005A0F00F7A500B05E970817A50134DA0F1F
:10C590000017A600E95E94F037A500E8DE98F05792
:10C5A000A6017BDE96F4D7A500685E96D06DEB0001
:10C5B000E85E96D077A600B05E9700168300685AB2
:10C5C00013000DDD00E05A16F4D68500685A1B00F2
:10C5D0000DDF00E05A1EF4D68700885E9B00F7A1AD
:10C5E0000134DE9B0017A201BC60030017A301BC4D
:10C5F00060030017A40069DE9B000DE701BC63FF28
:10C600001FF7A301BC63FF1FF7A401C3DE8EF4571D
:10C61000A200E95936F4364D00E9D93AF4564E00F5
:10C62000E9D93EF4764F00E8D942F49650031EDE75
:10C6300002F00E21039F5E02F00E2100685E4F02A1
:10C640008E21032C5E02F00E2101BC601B06D0651A
:10C6500001BC600300B7A400025E02F00172020098
:10C660003097000DF600685E9300ADF600E030C72D
:10C67000002C3103BFDE02F018840068DE9300AEA8
:10C68000210207C197000DFC013C5A070017BB01AE
:10C690003C5A0B0017A101385A07000C2603BFDED5
:10C6A00002F00DFF01385A070017BB01385A0B0082
:10C6B00017A1013C5A03000C2600B05E87000C272E
:10C6C00000808ECF0197A200E0015E0DB06400B043
:10C6D0005EEF0016280181DE86C3F61F0068307306
:10C6E000FFEE0802005E87000E08008830730071BC
:10C6F000260090307301B12800683077FFEE0C00FF
:10C70000B04467000C1E02005E87000E0C00E0447F
:10C710006583AC1E0187DE86249124020680F30027
:10C720000E100181E002C3F61F0187E0022491246C
:10C7300002003097000E2100E030B7002C2D028659
:10C7400080F3000E140281D87F000E1F00B0309FCE
:10C750000017A100025E02F00F0802805E8B000E3F
:10C760001F00E85E6984D7A100685E85846E1B00A7
:10C77000E030BF002C2F03BFDE02F00E1F00E030C0
:10C78000BB002C2E01BC6003000C2501BC6007001F
:10C79000104303BFDE02F00D1300E85E6984CC2372
:10C7A00003BFDE02F0188403AB5E02F007DF03BFB5
:10C7B000DE02F00A50032B5E02F00BB903BFDE026B
:10C7C000F007DF03AB5E02F00E28032C5E02F00BD5
:10C7D000B903BFDE02F00E3900B052230011F2009F
:10C7E000B052270011F300B0522B0011F401BC60CD
:10C7F000030091F501BC600308104200B0005B002B
:10C8000011F003BFDE02F007DF0138523F0017A12D
:10C8100002065E53000E320138524B0017A1006829
:10C82000DE87008E3503AB5E02F007DF03BFDE025A
:10C83000F00A500068DE4F020E38020781AB000E8E
:10C840003801806006F2979403AB5E02F007DF02C6
:10C850000000F3000E3E0206DE53000E3E01185E9D
:10C86000830017A10068DE8700AE3E01BC600B02AA
:10C87000514202005217000BB903BFDE02F00A500A
:10C8800001BC600300118301BC6003001182032C12
:10C890005E02F00E450199E00620110003BFDE02A2
:10C8A000F00E490119402F0017A100685E87000BA8
:10C8B000B50199DE8620110003315E02F00BB50050
:10C8C000A05E3B0097A200205E4EF44BB501846051
:10C8D0000209104803BFDE02F00BB503AB5E02F0A5
:10C8E0000E5000025E02F00BBC03BFDE02F00BB57F
:10C8F0000068DE4F042E5400B0523300179F00B082
:10C90000522F0010EB0281522F0007CA00E002AB49
:10C910000020AA0281522F000B9303295E02F00E21
:10C920005A0203DEB3000E5A0191601A84F4270103
:10C9300083E002F597AC0208522F0007DF03BFDE49
:10C9400002F00A5001BC600300106701BC600300E4
:10C9500010460180E0060930490282C11F000E64C2
:10C9600001BC603F1FF06501BC600300168000E859
:10C9700041970030650069C197000E6101BC600BF2
:10C9800000179401BC60030017AB01BC60030017E3
:10C99000AC01BC60030017AD01BC60030017AE0121
:10C9A000BC60030017BF01BC63FF1FF7B501BC608B
:10C9B0000300202001BC60030017A100025E02F00A
:10C9C000012701384067000028011C40670000294A
:10C9D00001BC600300504901BC60030017A701BC03
:10C9E00060030017A801BC60030017A901BC600325
:10C9F0000017AC01BC60030017AD0182E0060F1008
:10CA0000780206C1E3000E77006880A7000E7A0363
:10CA1000BFDE02F00E7B006880A7008E7B01BC6049
:10CA20001302600001BC60230E400101BC63F318D7
:10CA3000600201BC614B15600301BC60030000048F
:10CA400001BC604305200501BC601B04306101BCD2
:10CA5000601702506001BC600300082200B05E0F46
:10CA600000178500A044B6F0714503BFDE02F00C4C
:10CA7000C30183E0060F107801885E5CFEC7F601F3
:10CA8000BC601F1E900701BC600301900801886014
:10CA9000060090040386DE02F00CA10305DE02F01E
:10CAA0000E8C0386DE02F00CA10385DE02F00E8EF2
:10CAB00000B05E870017A1006EE003002E9203868F
:10CAC000DE02F00CA1006EC0146FEE9501BC600791
:10CAD0000010420002DE02F0000003215E02F00EB0
:10CAE0009A00E0204AF4281200B0204B00178B0374
:10CAF000BFDE02F00EA2028150C7000E9F011C5043
:10CB00009F00178B00E05E2EF4378B019C5E2E8415
:10CB1000F42703BFDE02F00EA2011E509F00178B08
:10CB200000E05E2EF4378B019E5E2E84F427000217
:10CB3000DE02F00000006800A7008EA80102C027F6
:10CB4000000821006880A700AEAE00E02087002822
:10CB5000210002DE02F0000001BC60030028210178
:10CB6000BC402B0017A100985E870117A1009840D8
:10CB70002B0117A2006ADE8AF42EAE01BC6003000E
:10CB800088210002DE02F00000028280BF000F0751
:10CB900000B0418F00081300B0418B00081400B0B2
:10CBA00044670017A2017BDE8A2357A101BC601FE6
:10CBB00007706501BC60030017A201BC601F03D0B1
:10CBC0006401BC601F11506300685A03000EFE012F
:10CBD000BC601F0FB06200E0418AF45062009054C4
:10CBE0000300F7A6006B5E86D06ED400B05A030037
:10CBF00017A300E05A0EF4D58000E05A0EF47683B5
:10CC000000E85A2F00368B0069DA2F000EC300E8C7
:10CC10005A0700368B006CDA0EF42EBE00E85A0E6E
:10CC2000F437A400905A030077A5006EDE92F4AEAC
:10CC3000CA01BC600300360001BC600B0010430158
:10CC4000BC600300278900205A0B080ECD01BC6090
:10CC50000300279203BFDE02F00ED400205A0B140B
:10CC60000ED400202C27080ED000205A0B040ED41E
:10CC700001866006F5B7AD0088009B00D1260090C4
:10CC8000009B01512801BC6303001124006B5E86E8
:10CC9000B00EDC00685A13000ED901886006D05629
:10CCA0008200B056030017A400E05E92D096850083
:10CCB000E05A0EF4D58000205A0B080EDC01BC604F
:10CCC0000300079200685A13000EE4006B5E86D0E2
:10CCD000AEE40188600AD0568200B056030017A463
:10CCE00000E05E92D0968501BC600300360101BC75
:10CCF000600B00104301BC600300278900685A1BC9
:10CD0000000EFE006B5E86D0EEFE02015A0B000E96
:10CD1000F300E85A1B00368600B05A270017A3001C
:10CD2000E05A1EF4768701BC601F11D06200E0411A
:10CD30008AF4506200B05A2B0017A300E05402F4AA
:10CD400075000203D403000EF100E05A1F0036877D
:10CD50000130540300150001816002D0568203BFE8
:10CD6000DE02F00EF600B05A230017A300E05A1EB0
:10CD7000F4768701816006D0568200685A1B000E47
:10CD8000F8006CDA1EF42EE602015A0B000EFB01CD
:10CD9000BC600300360203BFDE02F00EFC01BC6083
:10CDA0000300360301BC600B00104301BC600300AC
:10CDB000278900E0419701906500E05E8B0037A273
:10CDC00000E0419300906400E0418F003063006D0B
:10CDD0005E8B008EB802981DF3000F0501BC600346
:10CDE00000079200B0204F00106300B020530010E5
:10CDF000620002DE02F0000001BC60030017A20026
:10CE000068018B000F1E0090018B0077A2018060EB
:10CE100002F437A1006E5E86F44F1E0207C1970030
:10CE20000F1001385A070017A303BFDE02F00F11DD
:10CE3000013C5A030017A300E85E8F0097A300E8A7
:10CE40005E8AF437A2006A5E8AF46F1E00D04197B2
:10CE500000306400E05E8B00B7A300E04192F47004
:10CE60006400D841930030640207C193000F1B0196
:10CE70003C58030017A103BFDE02F00F1C01385815
:10CE8000030017A100A0018B00F7A200905E86F4BA
:10CE900057A20002DE02F0000000B05A0300101F8B
:10CEA00000B05A0700102000B05A0B00102101807A
:10CEB000600700101D02804077000F230002DE0291
:10CEC000F000000187E002F577AB03915E02F0000D
:10CED000020020E3FE0900020200421F00000200DF
:10CEE00068C2F3000002028445230000020068C00B
:10CEF000170000020068AB9700000200025E02F01B
:10CF00000EAF00683073FFEF310207C493000F3C8F
:10CF100000683077FFE00200683077FFEF35006887
:10CF2000307B000F3B006BC46583CF3C03BFDE0248
:10CF3000F0000201BC601F07706400E04193061717
:10CF4000A20068D82F000F390281D80B0000020020
:10CF5000E04193019064006D4192F44F370287C421
:10CF60009300000200689E4B00000202815E5300A5
:10CF70000F4A0283411F000F400281DE53000F5B06
:10CF800001BC600300115101BC600300115201BCDF
:10CF9000620300115301BC60030051500189600617
:10CFA000F2979401BC60E700107701BC60030010A9
:10CFB0007601BC60031117A300025E02F001340386
:10CFC000BFDE02F000020280C54300000201F0C58E
:10CFD000470011560107C5470017A101F0C54AF4E3
:10CFE000315500B0455700107700B0455B00107612
:10CFF00001BC60030E97A300025E02F0013400B092
:10D000004557000C1000B0455B000C0F01BC6003DD
:10D0100000115501BC60030011560090303F00CC58
:10D020000F00B030430017A101AD5E8581EC0F0108
:10D0300089600AF2979401BC60030810470392DEEE
:10D0400002F00FAF020480BF000F6001BC63FF1F3E
:10D05000E7F301BC61FF1FE80E03BFDE02F00FB172
:10D0600001866002F597AC01BC601F07706501BCCA
:10D07000601F0FB06401BC60030037A101BC6003F6
:10D080000017A300685A03000F9D01BC600300173E
:10D09000A502035A0B000F6E02805A0B000FAF005F
:10D0A000E9440AC017BB00E8C40F0017A4017BDEE7
:10D0B000EEF497A400685A13000F7C03BFDE02F061
:10D0C0000F790068DE87002F700203DE53000FAF78
:10D0D0000203DA0B000F8400B05A0F0017A4006897
:10D0E0005A07002F7500685A2F002F7501BC600386
:10D0F0000037A500685A13000F79006CDE92D0AF9C
:10D100007900B05A170017A401BC60030037A500CE
:10D11000201CBAF42F7C00685A1B000F9703BFDE57
:10D1200002F00F7F00885E870097BB00201CBAF7D3
:10D130006FAF02015A0B000FAF006CDE92D0EF9779
:10D1400000B05A1F0017A400201CBAF42F8301BCA2
:10D1500060030037A503BFDE02F00F970202DA0B6F
:10D16000000F9D0204C107000FAF00B05A0F001757
:10D17000A400E85A2F0037BB0069DEEF000F8A00D9
:10D18000E85A070037BB013C016F0017800068DEDA
:10D1900003000F900138016F00178000685E0300E4
:10D1A0000F9300E85E030037BB03BFDE02F00F936E
:10D1B00000E85E030037800080DE02D0378000E0A8
:10D1C0005EEE0DB7BB00685EEF000F9700E05E9269
:10D1D000D017A400E85EEF0037BB03BFDE02F00FFC
:10D1E0009300685E8F000F9A006B5E92F44F9B0372
:10D1F000BFDE02F00F9D01BC60030037A300B05EEC
:10D20000930017A200B05E970017A600885E870003
:10D2100037A100E0419701906500E0419300306440
:10D22000006D5E87020F6500685E8F000FAF00B073
:10D2300044670017A5017BDE962357A500E85E8AA8
:10D24000F4B7A400885E9300E4DB00905E930127AE
:10D250001D00B0012B0017A300689C77000FAA00E7
:10D260006E936EF46FAF03A65E02F00FAF00B05E78
:10D270009B00078500E9136EF467F300E89C7700D4
:10D28000080E03BFDE02F00FB100681E1700000297
:10D2900003BFDE02F0105901BC61030011230069D5
:10D2A000203B000FB50180E006F2979403BFDE0239
:10D2B000F00FB70180E002F2979403BFDE02F000A6
:10D2C0000200684127000FC602844523000FB80002
:10D2D0006800A700AFBC006800A700CFBC00688052
:10D2E000A7010FBF00B044670017A100E84466F42F
:10D2F00037A2006D5E8B004FBD0280C127000FC1B9
:10D300000392DE02F010590392DE02F00CE70002F5
:10D310005E02F014E700025E02F0113D00025E02C0
:10D32000F0113800025E02F0114801BC600F0011DC
:10D33000E8031EDE02F00FCD01BC600300105C01AB
:10D34000BC600300905D01BC605304105E01BC60D2
:10D350000300105F03BFDE02F00FD101BC600B00C1
:10D36000105C01BC600300905D01BC604304105E72
:10D3700001BC600300105F01BC6003000C1E01BC17
:10D380006003008020028500BF00106000B01FCF46
:10D3900000115100B0203B001152006E1FCE2A8FA9
:10D3A000DA0068A03B000FDA00E01FCE23280F034D
:10D3B000BFDE02F00FFB00B0446700080F00E91F5A
:10D3C000CE2A915100E8A03B00115201BC61FF1F21
:10D3D000707701BC63FF1FF07601BC60031197A357
:10D3E00000025E02F0013400B0454B00107700B03F
:10D3F000454700107601BC60030F17A300025E02D0
:10D40000F0013401BC602F1AB06500B0455700161A
:10D410009100B0455B00169200B0440B00169300DB
:10D42000B0440F00169401BC63FF1FF15201BC63AE
:10D43000FF1FF15101BC600300115501BC600300E6
:10D44000115601AC607F029075028741D7000FEF43
:10D4500000B041DB0003B100B041DF0003B200B017
:10D46000446700082D00B0446B00082C00B0446FE6
:10D4700000082B00B0447300082A00E14464FE6CED
:10D480001A00E0C46901CC1B01BC600302315000EA
:10D49000B0454300180000686003000FFB01BC604A
:10D4A0000300104000008000000000020480BF0064
:10D4B0000FFF0312DE02F00FFB0068C557001007D4
:10D4C00001BC602F1AB06500B05A4700115500B07A
:10D4D0005A4B00115600B05A4F00110200B05A5377
:10D4E00000110301BC60030017A701BC6003001713
:10D4F000A801BC600300006601AC607F0F107502DC
:10D500008741D700100900B041DB00115100B04144
:10D51000DF0011520068454700101000E91FCE2AB5
:10D5200087F300E8A03B00080E01866006F597AC83
:10D5300001BC600300107701BC600300107601BCE1
:10D5400060030F17A300025E02F0013401BC600308
:10D55000001150028445430010150207C1E300107A
:10D560001600B044670017A100685E8623301801DA
:10D5700082E0060F10780206C1E300101A01BC60B9
:10D580000300402001BC60030000660186600620A5
:10D59000110001BC606300107B01BC601B00107AAD
:10D5A00001AC607F029075028741D700102100E92D
:10D5B00041D876379C00E8C1DC76579B00B0303FFD
:10D5C0000017A10080DE72F4379D00B041B700174C
:10D5D0009E0080DE6EF4379C00E15E760DB79D0004
:10D5E000E0DE7300179C017D5E7AF3B7A1017D5EDA
:10D5F00076F397A200905E730157A300E120B6F482
:10D60000311900E1A0B2F4511A00E1A0AEF4711B8F
:10D6100000E0A0AB00111C00E10DAAF4236A00E0B9
:10D620008DAEF4436B00B0441F0018000088442303
:10D630000157A30090442300D7A400B0440B001767
:10D64000A100B0440F0017A200E95E862337A100B5
:10D65000E8DE8A2357A20069DE8B00104100E14416
:10D660000AF4710200E0C40EF4910300E85E2300A6
:10D6700037880069DE2300103600E800270037886D
:10D6800003BFDE02F010360186600220110001BCEB
:10D69000600300402000E9306A2337A100E8B06E43
:10D6A0002357A20068DE8B00105001BC604F111799
:10D6B000A3006DDE86F4705001BC600300104001D1
:10D6C000BC600300105D018260060BF05F00D05E5D
:10D6D0008700713401E1DE8A26913501BC630300C5
:10D6E000113300008000000000018260020BF05F37
:10D6F00002865EB300105900681E1700105901BC65
:10D7000060430017A100E04466F4378001BC600369
:10D7100000078900025E02F00EAF006C4466F01054
:10D720005900681E2700105503BFDE02F00F5B0290
:10D7300000DE530010630180E002F2979400025E65
:10D7400002F0113B01BC600300104003BFDE02F099
:10D75000105E00E044640957A103BFDE02F01063CD
:10D7600001BC600300104000B0012F0017A100E0D1
:10D77000012AF4310900B0012F00110901BC61CF69
:10D780000C105C01BC600300105D01BC61CF01F0B6
:10D790005E01BC603B0AF05F00025E02F0114400D3
:10D7A000025E02F0114B00025E02F0114101BC600A
:10D7B00003000785006D80A7008CE700E044670444
:10D7C00077A10068DE8623306E03BFDE02F00CE72F
:10D7D00001885E0610D08601025E070017A1018253
:10D7E0005E8610D0860002DE02F0000000B0004726
:10D7F00000108601082047001781013852030017E6
:10D80000800102C0270017A600025E02F015F80092
:10D8100068204700507B00B0540700178000025E6C
:10D8200002F01070006820470030830068A04700B5
:10D83000107F021A54070010830103C0270017A1AC
:10D8400003BFDE02F010820106C03B0017A1018277
:10D850005E8610D0860002DE02F0000000B0541395
:10D860000017A10068DE4F16B08700B054130017F0
:10D87000A10200DE0700108F00B0418B001065018F
:10D88000BC600301D7A10068DE4F16B08C01BC60FC
:10D89000030297A100025E02F0160B00E05E840016
:10D8A000F7A103BFDE02F01094020480F30010948D
:10D8B00002025E0700109402805E07001094009040
:10D8C000001B0037A200E85412F457A10002DE0248
:10D8D000F00000020400BF00109800025E02F01188
:10D8E000E903BFDE02F0109900A044B6F0B1450094
:10D8F00002DE02F00000020000BF0010AA0068ABC8
:10D90000EF0010AA00E05EA30037A8006D5EA0053E
:10D91000D0AA00B02E2F0017A100025E02F001274E
:10D9200000B040670017A20068DEA3FFF0A700B0B8
:10D930005E897197A2006D00A70090A6006DA08778
:10D940000050A803BFDE02F010A70068A0870010F7
:10D95000A800B85E897197A200025E02F0012B0157
:10D96000BC60030017A80002DE02F0000000D85AD5
:10D97000030117A201B85A06F457A200B0560300DB
:10D98000083600B0560700083700B0560B000838BC
:10D9900000B0560F00083900B0561300083A00E0F6
:10D9A0005612F4483B00B05A0300083401385E8B2D
:10D9B00000083500B020EF0017A401BC6003001779
:10D9C000A200B0419300106500B85E92D017A40089
:10D9D000E05E06F4506300F05E930017A300F05E73
:10D9E000930077A400E05E8B0037A200B85E92F44B
:10D9F00077A400E04192F4506500E05602F495806F
:10DA000000B056030017A4006EDE8B00B0B800B85B
:10DA10005E92C0D7A200D85E8B0037A200E020DA69
:10DA2000F4483600B020DB0017A400B85E92C0F7BF
:10DA3000A200D85E8B0037A200E020DEF448370059
:10DA4000D820DF0037A200E020E2F4483800D820D8
:10DA5000E30037A200E020E6F4483900D820E700D0
:10DA600037A200E020EAF4483A00D820EB0037A2C1
:10DA700000E020EEF4483B00B020EF0017A200B811
:10DA80005E8AC017A200905E8B0037A201BC5E893F
:10DA900006A8350002DE02F00000018060063C911D
:10DAA000E4018760063CD1E601A860023CD1E601B2
:10DAB0008B60023CD1E600B05E8F00106300B05670
:10DAC000030011E700B056070011E700B0560B0045
:10DAD00011E700B0560F0011E701A960423C91E444
:10DAE00001A860023CD1E6018B60063CD1E600B0A3
:10DAF0005E8B00106301BC60030057A10204560353
:10DB00000010E601BC60030117A100E0418EF43073
:10DB10006300B056030011E700B056070011E7009C
:10DB2000B0560B0011E700B05E8B00106301BC60C3
:10DB30000300B7A10204D6030010F001BC6003018A
:10DB400017A102065E530010F001BC60030197A10B
:10DB500000E0418EF4306300B056030011E700B0DE
:10DB600056070011E700B0560B0011E701BC600337
:10DB70000017A10206DE530010FB00B05E8B001000
:10DB80006302065E530010FA00A0563F01F7A1039E
:10DB9000BFDE02F010FB00A0563301F7A100B05E1B
:10DBA000870011E701BC60030011E70002DE02F00C
:10DBB000000000685E9B00D11801BC60070211E301
:10DBC0000068DE9B00510B00E847870111E101BCB2
:10DBD00060030011E201BC60030011E201BC6003BC
:10DBE0000011E201BC60030011E201BC60030011FE
:10DBF000E201BC60030011E201BC60030011E2011C
:10DC0000BC60030011E200B06142F451E000B05882
:10DC1000030011E200B058070011E200B0580B00F9
:10DC200011E200B0580F0011E200B058130011E2E9
:10DC300000B058170011E200B0581B0011E200B00C
:10DC4000581F0011E200B05E9B0017A40068DE9B25
:10DC500000B11601BC60030077A40192DE930217A5
:10DC6000A30002DE02F0000001BC60070011E30027
:10DC7000B058030011E200B058070011E200B0589C
:10DC80000B0011E200B0580F0011E200B058130071
:10DC900011E200B058170011E200B0581B0011E269
:10DCA00000B0581F0011E200E00146F0106401BC12
:10DCB00060070031E300B058030011E200B05807DC
:10DCC0000011E200B0580B0011E200B0580F001133
:10DCD000E200B058130011E200B058170011E20042
:10DCE000B0581B0011E200B0581F0011E20192E091
:10DCF0001B0017A30002DE02F00000028740C300F1
:10DD0000112D01866006F01030028640C300112FED
:10DD100000B040C70017810002DE02F00000028759
:10DD200040C300113200B05E070010310186E006EA
:10DD3000F010300002DE02F00000006800A701973A
:10DD40008C03BFDE02F0114A00025E02F0113B00BC
:10DD5000025E02F0114B0002DE02F00000006800DB
:10DD6000A701970F0002DE02F000000181600609A2
:10DD70003049006800A700914000025E02F0114C9B
:10DD80000002DE02F0000000025E02F0114C018190
:10DD900060020930490002DE02F000000188E00E56
:10DDA00009304900B0412700180000B0002B0010D6
:10DDB000020002DE02F0000001BC6003001002015C
:10DDC00082E0020F10780002DE02F000000068001E
:10DDD000A701978B00B041270017A100B041270190
:10DDE000D04900B05E870017A100B05E870017A180
:10DDF00000B05E870017A100B05E870017A100B0D9
:10DE00005E870017A100B05E870017A100B05E8793
:10DE10000017A100B05E870017A100B05E87001751
:10DE2000A100B05E870017A100B05E870010490016
:10DE300002DE02F000000100DE530017A601BC6004
:10DE4000030037A103BFDE02F0115D00025E02F0A5
:10DE50000127018760060337A20068DE9B0011617D
:10DE6000018760020337A200025E02F0012B00026C
:10DE7000DE02F000000202411F00117602825E53B2
:10DE800000116801826006F2979400B044670018A0
:10DE90000000B0446B00081B00B04467001800008D
:10DEA000E844690377A4006800A700916B006DDE69
:10DEB0009300517000E044670317A303905E02F0E3
:10DEC00011730285C5230011730068DE8E23316D46
:10DED00001BC600302104701BC6003009043018253
:10DEE0006002F2979401826002F5B7AD006800A766
:10DEF000009176006800A700B1760002DE02F00013
:10DF0000000201C11F00118902855EAF00117C0172
:10DF1000856006F577AB00B0446700081E00B0448A
:10DF20006B00081F00E9446503D7A100E8C469033A
:10DF3000F7A200D05E870077A101E1DE8AF437A264
:10DF400000E95E862697A100E8DE8A26B7A200696E
:10DF50005E8B00118901BC610300113300E144DADA
:10DF6000F4313600E144DEF4513701856002F57783
:10DF7000AB01BC600301104701BC600300504300CB
:10DF800002DE02F000000201AE2700118C0284C5FF
:10DF90002300119601BC600F0C106500E0419571E3
:10DFA000306502002E2700119000E0419700B06517
:10DFB00001BC600F0D17A1006E4196F4319400E191
:10DFC0005A0229368000E0DA0700168101BC60039E
:10DFD000000B8901BC60030011490002DE02F00061
:10DFE0000000B0451F00178100B005B70017A6015B
:10DFF000BC600704106401BC60131B906501BC6029
:10E00000030017A10205DEAF0011B100B0580F00E8
:10E0100017800068DE842C31A100E0582300360808
:10E0200003BFDE02F011B902005E9B0011B1028055
:10E03000DA030011A70118581F00178200E05E0BD9
:10E0400000378201985E0AC0F60703BFDE02F011B6
:10E05000AA011A581F00178200E05E0B00378201E8
:10E060009A5E0AC0F60701F0DE0300378000A05E6A
:10E0700002C0578000B05E0300160300A044B6F053
:10E08000178200B05E0B00160500E05E0AC096061F
:10E0900003BFDE02F011B900B0581300178200E888
:10E0A0005E06F057A5006ADE970011B700E8581623
:10E0B000F4B6050069D8170011B701BC600300165B
:10E0C0000500B058170017A500E05812F4B6060076
:10E0D000E0419302106400E0419706D06500E05EE5
:10E0E000870037A100905E9B0037A60068DE87009E
:10E0F000919C01BC600300114701BC600300016DED
:10E100000002DE02F0000001BC600300016C01BCF3
:10E11000600300016D01BC60070A106401BC60036C
:10E120000077A100B0428F00178000A05E0301F7C6
:10E130008000B05E0300016E01BC63FF1FF7A20008
:10E1400068DE030011CB01BC60030017A2008860E9
:10E1500006F43781002005BAF031D00068DE8AC0AD
:10E16000D1D000E005B300216C00B005B6F0216D00
:10E1700000685E030011D400205E06F011DA006E24
:10E18000DE8AC0D1DA03BFDE02F011D5006DDE8A6F
:10E19000C0D1DA00B05E870017A300B04193000140
:10E1A0006600B0581B0017A201BC600300016C019F
:10E1B000BC600300016D00E8419302106400E85E5A
:10E1C000870037A10069DE870011CB00B05E8F00A9
:10E1D00001650002DE02F0000000B0059B00106443
:10E1E00000B0581B00114500B0059B00016200B053
:10E1F000059700016100B0580F00178500B058075F
:10E2000000178300B0580B0017840118581F00171F
:10E210008C011A581F00178D0002DE02F00000006A
:10E22000B0058B001064006E41932A11F600A044E3
:10E23000B6F0B7A100B05E8700160500E05812F4F2
:10E24000360600B0581B001145020000F30011F320
:10E25000006D41932811F30200DEAF0011F301BC01
:10E26000600B02514200B05E8700016F02015EAF99
:10E270000011F600B05E1700160301816002F57709
:10E28000AB0002DE02F00000020145230012010291
:10E2900087C49300120101826002F5D7AE02012CFF
:10E2A000230011FE00E02C2B002B0A01816001618C
:10E2B0000B0802065EB700120100E02AD7002AB55B
:10E2C00001866002F5B7AD0002DE02F00000020236
:10E2D00000BF00120F00025E02F012370202DEB32E
:10E2E0000012070068428F000F2503BFDE02F00016
:10E2F00002028881AB00120F02845EFF0012050249
:10E30000845EB30012050282DEFF00120502822B3A
:10E310002F00120D00682A9B00120F0284DEAF004E
:10E32000120502845EB700120500B05E870017A1D7
:10E330000002DE02F000000182E002F597AC020369
:10E34000DEFF0012190284452300121902012B2F4F
:10E350000012190180E006F2979400025E02F011AB
:10E360004C0180E002F2979400025E02F0114C0131
:10E3700080E002F297940201AC230011360181E0A3
:10E3800001610B0803BFDE02F01138020400C70070
:10E3900012270206ABD30012210284C5AF0012354A
:10E3A00003BFDE02F012220284C56F001235028420
:10E3B00045230012240200420300123500685E4B20
:10E3C00004B23500685E4B06B23500685E4B06321B
:10E3D000350182E006F597AC0284452300122A033A
:10E3E00023DE02F0122B0183E006F597AC0180E0FA
:10E3F00006F29794028400C700113600B02AD700B5
:10E4000017A2006DDE8955113602872B2F001232BC
:10E4100002005EFF0011360207AB2F0011360181AA
:10E42000E005610B0803BFDE02F0113803BFDE0216
:10E43000F011360002DE02F00000020200BF0014FC
:10E440004D0206ABD30012440104C1070017A1011D
:10E45000855E85610B0802042C2300124401846050
:10E4600001610B0801BC60370017A201BC600314F6
:10E4700017A100B045E300180000B045E300180004
:10E4800000B045E300180001BC620300107701BC36
:10E4900060031B507600025E02F0013E00682AEB2A
:10E4A00000124900E844655757A101BC63F71D17E6
:10E4B000A2006D5E86F4524900E84466F44ABA0050
:10E4C0006CC46556724B00E84467002AB30206AB81
:10E4D000D3001250006DC46701524E01BC600300AE
:10E4E0000B100284C5AF0012BD03BFDE02F0125153
:10E4F0000280456F0012BD020701AB00125301807C
:10E50000600209D04E01BC63FF1FF7A10068C586F9
:10E51000F4325601BC6003000ABD0204DEB70014E9
:10E520004D0184E002F5B7AD0184E001610B080202
:10E5300002DEB30012740206ABD30012650068AAB3
:10E54000F700925D00682B0300125E03BFDE02F04D
:10E550001263018B600E2B915C0287ABD3001262B9
:10E560000182600209D04E03BFDE02F01263018215
:10E57000600609D04E00025E02F0121103BFDE02F7
:10E58000F01267018360062B915C00025E02F012BC
:10E59000110204DEAF0012740282DEBB00127400AE
:10E5A00068AAF700926C0106AB170017BB0068DE83
:10E5B000EF001270028480C70012740068AAF7008E
:10E5C000326F006CC4655672730068AAF7009274CB
:10E5D00000682B0300127400E845895AF7A1006D0A
:10E5E0005E856052740186E005610B0802835EBBA4
:10E5F00000127A0206ABD300127800E845C95AF738
:10E60000A103BFDE02F0127900E845895AF7A100A4
:10E610006E5E8554B2970205DEB700129300E02BC0
:10E6200097002AE501BC6003000AE700682C470058
:10E63000127F00E82C47002B1101866002F5B7AD70
:10E640000204DEFF00128900B02B9B0017A200B06D
:10E650002A9B0017A10283AC2700128600682C8732
:10E66000001287006D5E8564328700B02C7F001732
:10E67000A2006D2B96F452890184E002F7F7BF02E5
:10E6800006DEFF00129300E02BC7020AF100B0443F
:10E6900067000AFC01182BC70017A1011A2BC7003D
:10E6A00017A2006E5E87001291006DDE895E5291A6
:10E6B00003BFDE02F0129301BC6003000AF1018681
:10E6C000E002F7F7BF02025EFF00144D0068AAEBFC
:10E6D00000144D00B02AC7000ABA03BFDE02F014CE
:10E6E0004D0182E002F7F7BF02862C2300129F0043
:10E6F00068B05B00129B0068305F00129F00E94425
:10E700006582D7A600E8C46982F7BB00E10EE2F497
:10E71000C3B800E08EE6F763B902025EFF0012A7FD
:10E72000020600C70012A402802BD30012A400B07E
:10E730002B2B0017BB006E2B02F7744D02025EFFFD
:10E740000012A700B04467000ABA03BFDE02F0144B
:10E750004D0205DEB70012B500682AF70872AA005C
:10E76000E8446555CAB600682C470012AC00E82C96
:10E7700047002B1100E02B9F002AE700B02BA300DD
:10E7800017A100B02A9B0017A20283AC270012B287
:10E7900000682C870012B3006D5E896432B300B04C
:10E7A0002C830017A1006D2B9EF432B501BC6003D1
:10E7B000000AE50068AAF700B2B800B04467000A92
:10E7C000EF00B0446B000AF30068AAF70132BC0006
:10E7D000B04467000B0B02062BD30012BC00B02C18
:10E7E0007B010B1E03BFDE02F0144D020701AB00DC
:10E7F00012BF0180600609D04E0204DEB70012C8C5
:10E800000283C5730012C201876006F577AB0282EE
:10E81000DEB300144D0203C57300141C00E8446508
:10E820005637A1006D5E8555B44D01836006F5D75E
:10E83000AE03BFDE02F0144D00E10ED30023B4009E
:10E84000E08ED70003B502862C230012CD00B04421
:10E8500067000C1600B0446B000C170206AC2300D6
:10E8600012D001846002F5B7AD0186E001610B08AA
:10E870000206ABD30012D701BC6003000AD7006DBB
:10E8800045C71F52D400B045C7000AD700E0446511
:10E890005AF7BB00E85EEE2E2AB103BFDE02F0128B
:10E8A000DC01BC6003000AD7006D45871F52DA0007
:10E8B000B04587000AD700E044655AF7BB00E85E20
:10E8C000EE2C2AB101836002F5D7AE0184E006F593
:10E8D000B7AD0185E002F5B7AD01826002F7F7BF81
:10E8E00001856002F5B7AD01BC6003000B0500E8CF
:10E8F00044655637A1006D5E855DD2E2006D5E8590
:10E9000055B2E600E02B63002AD800B02A93001726
:10E91000B30206ABD30012F501BC6003019178008D
:10E92000B045E300180000B045E7000AC401BC6030
:10E930000301B17800B045E300180000B045E700DE
:10E940000AC501BC600301D17800B045E30018009E
:10E9500000B045E7000AC601BC600301F17800B0D1
:10E9600045E300180000B045E7000AC703BFDE0218
:10E97000F0130101BC600300117800B045E30018FA
:10E980000000B045E7000AC401BC60030031780014
:10E99000B045E300180000B045E7000AC501BC60BF
:10E9A0000300517800B045E300180000B045E700CF
:10E9B0000AC601BC600300717800B045E30018008E
:10E9C00000B045E7000AC70182E001610B080207B9
:10E9D000AB1B0013040182E005610B0800B02B178C
:10E9E0000017BB01285EEF000ABD01BC60131C5775
:10E9F000BB02182B1B00130B01182B1B0017A600C2
:10EA000080DE9AF777BB00B041B70017B301342B13
:10EA10001B0017A201182B1B0017A300682AF70080
:10EA200033180068AAF700931100685E8F00731A0C
:10EA300003BFDE02F0131800682AF70133170068DD
:10EA4000AAF70053150068DE8B00731903BFDE02BE
:10EA5000F013170068AAF700731A0068DE8B00D362
:10EA60001900685E8F00331A00685E8F00131A0168
:10EA70008760055E8AF402032BD300132200682A04
:10EA8000F702D31D0068AAF702B32201BC60131C71
:10EA900057BB0234AB170013220134AB170017A683
:10EAA0000080DE9AF777BB00B041B70017B30202CF
:10EAB0002C270013240186600560AB05006E2AF741
:10EAC00001F3280088600557B7BB0020DEED5C53DA
:10EAD0002B03BFDE02F0132E00E82AF70217BB005B
:10EAE000886006F777BB00205EED5C732E018560C1
:10EAF00006F5B7AD020480C300132E0184E0056063
:10EB0000AB05006E2AF701F3350088600557B7BBE7
:10EB100000205EEF0193330186600160AB05006861
:10EB2000AC470013390020DEED5A933803BFDE02F4
:10EB3000F0133900E82AF70217BB00886006F77760
:10EB4000BB00205EED5AB3390184600560AB05005F
:10EB500068AAF702F342010DAB170017A1010EAB33
:10EB6000170017A200685E8700134200E05E86F47B
:10EB700057A100E05E87080ABD0186600160AB0511
:10EB800000682C470013420184600160AB0502035A
:10EB90002BD300134E018360015AAAD500682AF7CF
:10EBA00002D3490068AAF702B35E0068AAE700131F
:10EBB0004C0068AB2300134C0282DEBB00134C02F6
:10EBC000072B1B00134C0184600560AB0503BFDEFF
:10EBD00002F0135E0283C57300135E00025E02F052
:10EBE00015BE0068AAF702B35E018360055AAAD574
:10EBF00000E02C8F002B2301856002F5B7AD006883
:10EC0000AAE700135E0068AB2300135E0282DEBB3E
:10EC100000135E00B02AC30017A201342B1B00179B
:10EC2000A1006EDE8706135900B02ABF0017A200AC
:10EC30006E5E8964735E01BC6003000B2301BC60DF
:10EC400003000ADA01856006F5B7AD0184E00561CD
:10EC50000B080068AAF700B36802075EFF0013689C
:10EC600001342B1B0017A3006DDE8D603368006834
:10EC70005E8F0013680283AB170013660183600583
:10EC800060AB0503BFDE02F0136800B02BDB000AA7
:10EC9000F000B0446B000AF70068AAF7013377026E
:10ECA00002AC2700136B0186E00560AB050281AB67
:10ECB000D300137701BC6003000ADA00682C2F0030
:10ECC000137700E844656177A1006D5E85619374F8
:10ECD00000B02C330017A200E05E8961B7A2006D7E
:10ECE000DE86F453760200AC2300137701856005BD
:10ECF00060AB0503BFDE02F013770180E001610B1A
:10ED0000080068AAF701137A00B02AC7000AD101E7
:10ED100087E006F7F7BF0207DEFF00137C0181E002
:10ED20000560AB0500682AF700338100682AF70107
:10ED3000F38102852BD300138000682AF703138127
:10ED40000068AAF700939201826006F7F7BF00B04F
:10ED50002AC7000AB90068AAF703138800682B23A2
:10ED600000138800B00013000ABD00B02B7F000A1A
:10ED7000C003BFDE02F013910068AAF7009392016E
:10ED80001C2B17000AC00106AB170017BB00685EFA
:10ED9000EF00138F01BC6003006AC300B02C7B003E
:10EDA0004B1E03BFDE02F0139100A82C7B004B1E0C
:10EDB00001BC6003008AC300B02AC7000AC802026F
:10EDC000DEBB00139F0284DEFF0013950206DEFF08
:10EDD00000139F00B02AD70017A2006DDE895513DB
:10EDE0009E00B02B9B0017A200B02A9B0017A10227
:10EDF00083AC2700139C00682C8700139D006D5E78
:10EE00008564339D00B02C7F0017A2006DAB96F493
:10EE1000539F0182E00560AB050286ABD30013ADC2
:10EE20000088600557B7A10020DE856393A500E840
:10EE30002AF70217A100886006F437A100205E853A
:10EE400063B3AB00682C6F0013AB01342B1B0017AE
:10EE5000A2006E5E8B0293AA00B02C7B002B1E03D7
:10EE6000BFDE02F013AB00A82C7B002B1E0068AAAB
:10EE7000F702F3AD00B04467000B1B00E05ECD5419
:10EE8000B7B301826002F5D7AE00B02C2B0017A1FA
:10EE900000B02AD70017A2006D5E895513B4028610
:10EEA0005EB70013C503BFDE02F013B6006D5E85CA
:10EEB0005FF3CA02812C230013C501BC601F0770D9
:10EEC0006501BC601F11506401BC601F11D7A40014
:10EED000685A030013C10088580300F7A30134D80F
:10EEE000030017A200E95E8E2337A301C3E00223CB
:10EEF00057A500E8DE8AF4B7A20068DE8B0013C1D4
:10EF0000006EDE8EF673C500E0419300306400E0D1
:10EF10004197019065006D4192F493B903BFDE0201
:10EF2000F013CA00682AF70093CA00682AF7005352
:10EF3000CA00682AF70073CA01826006F5D7AE00DE
:10EF4000025E02F015BE01BC60131C57BB01342BDE
:10EF50001B0017A20080DE8AF777BB00B041B70024
:10EF600017A200682AF70053D700682AF70253D780
:10EF700000682AF70273D700682AF70073D7006881
:10EF80002AF70853D700682AF70873D700682AF7CA
:10EF90000893D700682AF703D3D703BFDE02F01324
:10EFA000E60185E006F5B7AD00685E8B0013E10071
:10EFB000B05E8B000AA60182E006F5D7AE00682C91
:10EFC0008B0013DE006E5E896453DE018160056391
:10EFD000CB1E00E02BAB002AEA006E5E896013E1D5
:10EFE0000182600560AB0500E844655637A100B0BA
:10EFF00044670017A300682AF70893E500E85E8ECF
:10F00000F42AAE01846002F7F7BF0282DEB3001477
:10F010004D0203C57300141C00B02AAB0017A200F8
:10F02000B02AB30017A30068AAF70093F602802B5A
:10F03000D30013F600B02B030017A1006D5E8558B6
:10F0400073F20180E00560AB0500682B4F0013F2FE
:10F0500001BC6003000ABC00025E02F0159B006860
:10F060005E870013F600682BE70013F600B02BE76D
:10F070000017A200B02BEB0017A300685E8F0013EF
:10F08000FF00682AEB0013FF00E844655757A10012
:10F09000E05E8EF457A2006D5E86F453FF0181603E
:10F0A0000560AB0500682B4F0013FF01BC60030037
:10F0B0000ABC00025E02F0159B0281AB2F00140413
:10F0C00002005EFF0014040204452300140403A0A0
:10F0D000DE02F014040183E00560AB050281AC2779
:10F0E00000141C02862C1700144D0286AC17001465
:10F0F0004D028080BF00144D02825EBB00144D02A1
:10F10000822BD300141C0281AC1700141C0280ACAB
:10F110001700141C02812C1700141C02822C1700EB
:10F12000141C028881AB00141C0282AC1700141559
:10F1300002832B1700141C02832C17001415028560
:10F140002C1700141502842C1700141C0284AC1711
:10F1500000141C0283AC1700141C02845EB7001458
:10F160001B0204DEAF00141B0281DEBB00141B0176
:10F1700084E002F577AB00025E02F0159F03BFDE6C
:10F1800002F0144D00E844655637A1006DDE855449
:10F19000B4280206ABD30014210183E0022B915C5A
:10F1A00003BFDE02F0144D0183E0022B915C01BC31
:10F1B000600318517800B045E30018000183600235
:10F1C0002F317900A84138F9D7A100B05E84FE70D4
:10F1D0004E03BFDE02F0144D028101AB00142C027D
:10F1E0000081AB00143702842C170014370280AC66
:10F1F000170014370206ABD3001435006BAC422362
:10F20000343000E04467014B10018B60022B915CAD
:10F210000287ABD30014330182600609D04E03BFCE
:10F22000DE02F014340182600209D04E03BFDE0218
:10F23000F01436018360022B915C03BFDE02F014F0
:10F240004D0206ABD3001440006BAC4223343B00AC
:10F25000E04467014B10018B60022B915C0287AB8D
:10F26000D300143E0182600609D04E03BFDE02F0D7
:10F27000143F0182600209D04E03BFDE02F0144643
:10F28000018B60022B915C01BC600318517800B0C7
:10F2900045E3001800018360022F317900A841384E
:10F2A000F9D7A100B05E84FE704E00025E02F0123B
:10F2B0001D02845EB700144D02832BD300144A0054
:10F2C000682AF702B44D0184E006F577AB00E02B25
:10F2D00027002AC903BFDE02F015870002DE02F014
:10F2E00000000185E002F5B7AD01836002F5D7AEFD
:10F2F0000182E002F5D7AE0182E002F7F7BF018498
:10F30000E002F7F7BF01BC6003000AD301BC600351
:10F31000000AC801BC6003000AC001BC6003000A07
:10F32000EA018760015F6AFB01BC6003000C160103
:10F33000BC6003000C170181600163CB1E0002DE7C
:10F3400002F00000020200BF0014B20283DEFF00E0
:10F3500014DA0183E006F7F7BF018560060B705BE6
:10F36000018560060BF05F0206ABD300146601BC9A
:10F37000600302116D00B02A9700116E028045AB48
:10F3800000147A03BFDE02F0146901BC60030211AD
:10F390005D00B02A9700115E0280456B00147A026E
:10F3A00006ABD3001473006BAC4223346D00E04411
:10F3B00067014B10018B60022B915C0287ABD3007D
:10F3C00014700182600609D04E03BFDE02F0147192
:10F3D0000182600209D04E0188600E2D516A03BF80
:10F3E000DE02F0147A018B60022B915C01BC600399
:10F3F00018517800B045E3001800018360022F31F6
:10F400007900A84138F9D7A100B05E84FE704E01A2
:10F4100088600E2B515A00B0413F1FF04F00682A00
:10F42000BB00148001846006F7F7BF01BC602F1792
:10F4300017A300E04466F46AB401BC6003000AAE9E
:10F4400000025E02F0144E00E844695FD7A1006E2E
:10F45000DE8700348A00B02BD7000AF001BC6003BD
:10F46000000AEF00682AEB00148A00B04467000A23
:10F47000B900E84465554ABA00B02AB30017A100A4
:10F48000E82AEAF42ABA028080BF0014970281DEDB
:10F49000BB0014A80206ABD300148F0204C5AF0052
:10F4A000149703BFDE02F014900200456F0014971A
:10F4B0000283C5730014970206ABD300149501BCF8
:10F4C00063FF1FF7A10068C5C6F434A803BFDE02BE
:10F4D000F0149701BC63FF1FF7A10068C586F434E0
:10F4E000A80206ABD300149E018B600E2B915C0228
:10F4F00087ABD300149C0182600209D04E03BFDEAB
:10F5000002F0149D0182600609D04E03BFDE02F0B6
:10F5100014A4018B600E2B915C01BC600318517820
:10F5200000B045E3001800018B2B2E2F317900A885
:10F530004138F9D7A100B05E84F9B04E0184E002F1
:10F54000F5B7AD0184E002F577AB0185E001610B11
:10F550000803BFDE02F015920206ABD30014AB0025
:10F56000025E02F0121D03BFDE02F014AD018360E3
:10F57000022B915C00025E02F0121D0184E006F590
:10F58000B7AD0184E006F577AB0206ABD30014B14A
:10F5900001846005610B0803BFDE02F01592018D46
:10F5A00060020BF05F0206ABD30014B60188600E58
:10F5B0002D516A03BFDE02F014B70188600E2B5193
:10F5C0005A028181AB0014C80206ABD30014C100FB
:10F5D0006BAC422334BC00E04467014B10018B60EC
:10F5E000062B915C0287ABD30014BF018260020935
:10F5F000D04E03BFDE02F014C00182600609D04E77
:10F6000003BFDE02F014D7018B60062B915C01BCB6
:10F61000600318517800B045E300180001836002D0
:10F620002F317900A84138F9D7A100B05E84FE706F
:10F630004E03BFDE02F014D70206ABD30014D10094
:10F640006BAC422334CC00E04467014B10018B606B
:10F65000022B915C0287ABD30014CF0182600609B4
:10F66000D04E03BFDE02F014D00182600209D04EFA
:10F6700003BFDE02F014D7018B60022B915C01BC4A
:10F68000600318517800B045E30018000183600260
:10F690002F317900A84138F9D7A100B05E84FE70FF
:10F6A0004E0184E002F5B7AD0184E002F577AB00CE
:10F6B000025E02F0144E0002DE02F0000000B044D0
:10F6C0006B000AFE0202DEB30014E70206ABD300B1
:10F6D00014E5018360062B915C0287ABD30014E232
:10F6E0000182600209D04E03BFDE02F014E3018202
:10F6F000600609D04E00025E02F0121103BFDE0266
:10F70000F014E7018360062B915C00025E02F012A8
:10F710001101866005610B08020200BF00150C0193
:10F7200083E002F7F7BF0203C5730014FC020080F8
:10F73000BF0014FC0206ABD30014F5006BAC4223EF
:10F7400034F000E04467014B10018B600E2B915C9C
:10F750000287ABD30014F30182600209D04E03BFCD
:10F76000DE02F014F40182600609D04E03BFDE020F
:10F77000F0150B018B600E2B915C01BC60031851DE
:10F780007800B045E3001800018B2B2E2F31790053
:10F79000A84138F9D7A100B05E84F9B04E03BFDEAE
:10F7A00002F0150B0206ABD300150500E04467001C
:10F7B000B7BB006CC466F774FE018B60022B915CD2
:10F7C0000287ABD30015030182600609D04E03BF48
:10F7D000DE02F015040182600209D04E03BFDE0292
:10F7E000F0150B018B60022B915C01BC600318517A
:10F7F0007800B045E3001800018360022F317900E2
:10F80000A84138F9D7A100B05E84FE704E0182E0B5
:10F8100002F597AC0002DE02F0000001BC600300BC
:10F8200037A20020E3FE0915680020E0420D95682C
:10F8300002845EB3001568028042030015680284EA
:10F84000452300156803915E02F015680068AB4F10
:10F850000015680282DEFF00156800682ABB0015EB
:10F860001900E8446555D7B900E82A9AF737B90274
:10F87000805EFF00159B020180C700159200B02A30
:10F88000D70017A1006DDE855515920282DEB30008
:10F8900015680203C573001549020480C7001549A5
:10F8A00000685E8B00152E0284AC2300152E020327
:10F8B000C5730015490202ABD300152502855EBB56
:10F8C0000015260282DEBB00154900B02B8300170D
:10F8D000A1006EAB6AF4352E0203C5730015490012
:10F8E000682A9B00152D00682ABB00152E006ADED1
:10F8F000E554F549006ADEE55A554900682AE700F3
:10F90000154902941DF30015310203DE530015362C
:10F9100003BFDE02F0153401141DF30017A600909A
:10F920001CBAF4D7A602005E9B00153600B02B87E8
:10F93000000AA703BFDE02F0159201BC6003025764
:10F940009201BC63FF1FF0C301BC60030910E30117
:10F95000865E8A1C70E3018460061C70E300682ADE
:10F96000EF00153D0185E0061C70E301BC60030358
:10F97000978200025E02F0157200B054130010E48A
:10F9800000E043915B30E401BC60030010EE01BC79
:10F9900063FF1FF0CE00E02AEF002ABB01BC610329
:10F9A0000077A601141DF30017A200B05E8B000CB7
:10F9B0001801BC610303EC1903BFDE02F0156202FB
:10F9C000845EB700156801BC60230890E600025E03
:10F9D00002F0016A00B05ECF0010E40068AAF700F0
:10F9E00035520205AC2300155200E82ACE2337A376
:10F9F000006DDE8E1C955200B05E8F0010E4006832
:10FA00002A9B00155A00B02ADB0010E40206ABD393
:10FA10000015570284C5AF00155A03BFDE02F0156A
:10FA2000580280456F00155A00695EE700155A00BC
:10FA3000E05EE556D0E40282DEBB00155E00682A77
:10FA4000F700155E00E10EDA1C83B600E08EDF00E1
:10FA500003B701BC600301D78200025E02F0157299
:10FA600001BC61030077A603BFDE02F0156200B09F
:10FA7000004700108600025E02F015F800025E02E8
:10FA8000F010700190600A09104801846006F59733
:10FA9000AC00B05E9B0010800002DE02F0000002AD
:10FAA000805EFF00156D0281DEBB00156D020180D6
:10FAB000C7001592020480C700159201806002F70A
:10FAC000F7BF0280C28F0015930201DEBB001593C1
:10FAD00001BC60030017A203BFDE02F0150E006830
:10FAE0005E4B0635790285DEFF00158000B02B37AE
:10FAF0000017A1006DAAEEF4358001BC6003013748
:10FB00008000B02B3B0017A1006D2AEEF4357B027C
:10FB1000812BD300157B01BC600301778001BC60A1
:10FB20000300378100025E02F0014301D2DE0AA029
:10FB300030E000B0540B0010E103BFDE02F0158688
:10FB40000280ABD300157901BC600301578001BC72
:10FB5000600300178100025E02F0014300B0540709
:10FB60000010E000885E0B0070E10002DE02F00091
:10FB70000000682AF30015920204DEAF001592001F
:10FB8000E844655797A4006E5E9154F59200885E34
:10FB9000930037A4006D5E9154F59200025E02F06E
:10FBA00015E303BFDE02F0159F00E844655797A4F4
:10FBB00000885E930037A400025E02F015E303BFE5
:10FBC000DE02F0159F0284DEAF0015960181E0028F
:10FBD000F5D7AE03BFDE02F0159F00682B67001556
:10FBE0009B00E044655B2AD300682B6B00159A00EC
:10FBF000E044655A4AD30002DE02F0000001806052
:10FC000006F7F7BF00682AF300159F00E844655720
:10FC100097A400025E02F015E301846002F597AC40
:10FC200001BC6003000ABC01BC6003000AD301BC34
:10FC30006003000ABB0104DEAF0017A101845E86E9
:10FC4000F5B7AD0284DEAF0015A8018060060D9007
:10FC50006C0002DE02F000000285AC230015BD023C
:10FC600003C5730015BD00B02A8F0017A30202ACB4
:10FC7000230015AD00B02AAF0017A30202DEBB00BF
:10FC800015AF00B02A8B0017A300E04466F46AB3F6
:10FC90000185E005610B0800B04467000B03020614
:10FCA000ABD30015B7006BAC422335B600E0446718
:10FCB000014B100183E0022B915C03BFDE02F015C3
:10FCC000BD0183E0022B915C01BC600318517800F8
:10FCD000B045E3001800018360022F317900A8418C
:10FCE00038F9D7A100B05E84FE704E0002DE02F04B
:10FCF00000000202DEB30015C90206ABD30015C72F
:10FD0000018B600E2B915C0287ABD30015C401827E
:10FD1000600209D04E03BFDE02F015C50182600605
:10FD200009D04E00025E02F0121103BFDE02F01590
:10FD3000DB018360062B915C00025E02F01211026F
:10FD400003C5730015CE0284DEAF0015CE0281DE3E
:10FD5000BB0015CE02805EFF0015CE02045EB70028
:10FD600015E20206ABD30015D5018B600E2B915C1A
:10FD70000287ABD30015D30182600209D04E03BFC6
:10FD8000DE02F015D40182600609D04E03BFDE0208
:10FD9000F015DB018B600E2B915C01BC60031851E8
:10FDA0007800B045E3001800018B2B2E2F3179002D
:10FDB000A84138F9D7A100B05E84F9B04E0183E0C4
:10FDC00001610B0801846006F5B7AD0184E002F51E
:10FDD00077AB01BC6003000ABB01846002F597ACFD
:10FDE0000185E001610B080186E001610B0800025A
:10FDF000DE02F0000000682B5B0015E500B02B5B15
:10FE00000017A4006D5E915555E700B02AAB0017AE
:10FE1000A400882B070037A500E82B0AF4AAC2002B
:10FE2000885E930037A400E02B0AF48AC200902B6E
:10FE30000B00AAC100B02B07000AA70002DE02F0E7
:10FE4000000003A0DE02F015F1020042030015F1EC
:10FE500000025E02F00D2F0183E005610B080184B2
:10FE60006002F5B7AD0184E006F577AB01BC600335
:10FE7000000ABB01846002F597AC00B04467000A39
:10FE8000BC0002DE02F00000010C81430017A1015A
:10FE9000BC600300508A00685E070016020068DE3E
:10FEA0008700360201BC600300B08A00685E07006C
:10FEB00036020282DE0300160201BC600300908A53
:10FEC0000283DE0300160200E0600AF4D08A0068B4
:10FED0005E0700160A0190422AA1308A00685E0778
:10FEE00000360A0190422AA0108A0109DE03001799
:10FEF000A2018F5E8A11508A00685E8B00160A018B
:10FF000091E00E11508A0002DE02F000000109DECD
:10FF1000030017A400E05A06F497A500905E96F43B
:10FF200097A50203DE030016120282DE03001612FA
:10FF300001BC61EF0857A60080DE96F4D7A5011634
:10FF4000DE870017A300885E870077A100E15E8747
:10FF500002D7A100E0DE8F0017A301BC60030017E9
:10FF6000A2020E5E0300161901BC60030037A20056
:10FF7000905E96F457A50080DE96F437A100E1412B
:10FF8000B7FFF7A600E1DE8701F7A10080DE96F457
:10FF900077A300E1DE860DB7A100E0DE8F0017A396
:10FFA000017A5E86F477A100885E86F457A100B0DE
:10FFB0005E870017A20287DE0300162600885E8790
:10FFC0000057A103BFDE02F0163302875E0300165E
:10FFD0002D01BC639B0CD7A50080DE86F4B7A10081
:10FFE000E141B7FFF7A500E0DE870017A100885EBA
:10FFF000870057A103BFDE02F0163300885E87003A
:020000041005E5
:1000000057A101BC639B0CF7A50080DE86F4B7A165
:1000100001BC62030017A500E141B6F4B7A500E0FA
:10002000DE870017A100E05E8400D7A10002DE0297
:10003000F0000002001FF70000120282DE530016DB
:100040003B0188600204902400E02092F308240021
:10005000E8208EF3082303BFDE02F00B3701B860FF
:100060001604902401BC600301D02503055E02F054
:10007000164C0287C037000C9E0386DE02F00CA1EE
:1000800000025E02F01236035CDE02F0163D00D87C
:10009000409B0117A100E05E8702379800A85E63CD
:1000A0000077980102DE530017A10182E002F29767
:1000B000940188DE84FFA7FD006EA08EF3164C002D
:1000C000E85E6301D02501B8600604902403BFDE1A
:1000D00002F0000201816004FFA7FD01B8600A047C
:1000E000902403BFDE02F0000202285E8700166241
:1000F00000B041930017A400E04193007064010A2E
:100100005E870017A200E84192F4506301185E87F1
:100110000017A100E86042F437A200885602F436C6
:10012000000068418EF4965E00E8418F0030630065
:10013000E8419300306400685E8B021656009056CA
:1001400002F457A300B05806F4760103BFDE02F0B4
:10015000165600684192F4966200E84193003064BC
:1001600001BC600300160003BFDE02F0165E00B0A3
:100170005E870017A10002DE02F00000018060022D
:1001800086143000B050CB00106501385083001742
:10019000A10068DE3B06366A00E05A3300368C0068
:1001A0006EDA32F4201200B05A0B0017A201BC63C1
:1001B000FF1FF7A300B050CF001064006EDA32F4D6
:1001C000366F00B05A370017A300B05813001782DB
:1001D00001BC600300160401BC601B1FD7B60102FE
:1001E000D0C70017A100E04196F4306500E050CB85
:1001F00000D06401BC60030017B401BC60030017A9
:100200008001BC6003003781018760040310A000F7
:100210009052330097A400E0418701B7B500685EB3
:10022000D2F0569600E05EDAF690630020D802F035
:10023000368A020250C7001690009056030097A11C
:1002400000E85E86F497A1019E6002F437A1006D7C
:10025000DE87081690010A5E870017A201DA6002A5
:10026000F437A100E05ED6F4506300886006F437EE
:10027000A100205602F4369000B05802F03600007B
:10028000E05A2B00368A006ADED2F4768C0068DEF3
:10029000D2F0169100E05E0300378000685E030034
:1002A00036910186E0040310A003BFDE02F0169130
:1002B000006ADED2F4768C00E05ED30037B400D062
:1002C0005E0700378102985ED300167B00E0419301
:1002D00000306403BFDE02F0167B00685E0300009E
:1002E0001203BFDE02F006CC0282D0C70016A000C7
:1002F000B02A370017A101B82A32F436840102501F
:1003000013001685013C50830017A100B050A700D0
:1003100017A4006D5A32F436A90182E00686343102
:100320000288502B0016A500B05A330017A1019E79
:100330005E8684F427018360068634310002DE0283
:10034000F0000000B050730017A101B8506EF436F1
:10035000840106D00700168500B050AB0017A4003A
:10036000D06006C0978000E0419700D7B5010A58D9
:10037000130017A100E05ED6F437B500B0580F00A7
:100380001063011656030017810068D8130016BECB
:10039000011400630017A10068DE870016B400880E
:1003A000013B01168003BFDE02F016B90068DE874C
:1003B0000076B700A0013BE0168003BFDE02F01616
:1003C000B900E05E8709706200885403011680005E
:1003D000E85A0330168001BC600300168101BC603E
:1003E0000300168201BC600300168303BFDE02F027
:1003F00016C300E0418EC09063006EC18EC036C34C
:1004000000E8418EC0306300E858030037A100E0E7
:10041000418EF43063013850A30017A500685813CB
:1004200003F6DE0068418EC056DE006DDA0AF4B6CF
:10043000DE011656030017A10068DE86F036DE01E5
:100440005856030017A100E05E870DD7A200B05EEA
:10045000D70010620020DE02A016D500E05E86D034
:1004600037A300E05E8ED077A3006D5A02F456DE0B
:10047000006E5E8EF496DE00E86002F4368300B013
:100480005E8F00168100A05A0F00768300E05A0BA1
:1004900000368200E85A02F4568000D05E0300372E
:1004A0008000E0581300360400E0418F0030630202
:1004B0009858130016DB00E05ED70037B5006EC118
:1004C0008EC036C400B0580300106303BFDE02F0D4
:1004D00016C400B058130017A10068DA370016E1FF
:1004E00000B05E8700168D006DDE86D1B6E300B0E9
:1004F0005E8700168D0002DE02F0000001BC600382
:100500000017A1018760040310A001BC60030990DB
:10051000B500B0006300F0B401BC60570310B60131
:10052000BC60030090B500B0006300B0B400B042FE
:10053000D30018000317DE02F016EC0397DE02F07A
:1005400016ED00B02A3300142F018EE00C0310A02A
:10055000006DDE02D1B6F300E85A36F0168D03BF07
:10056000DE02F016F501BC600300168C01BC6003CE
:1005700000168D006E5A3AF016F801BC60030016A2
:100580008E03BFDE02F016F900E85A3AF0168E002C
:10059000B058070017A100E0580EF01603006ED8FF
:1005A0000EF436FF00E85E86C017A100E8580EF48E
:1005B000360300E8580F00360301185E030017A148
:1005C000006DDE0302170700E86042F437A20090D6
:1005D0005A1AF4368600885A1EF457A200905A1E02
:1005E000F4368700B05A1AF4568603BFDE02F017BD
:1005F0000900905A1EF4368601BC6003001687007D
:1006000002DE02F000000158600300102A01B86009
:100610000A04902401BC60030290040189E0020DE9
:10062000906C0002DE02F000000200DE5300171999
:1006300001BC60170777A100025E02F0012700B03D
:1006400040670017A200B05E8B0057A200025E0256
:10065000F0012B01BC600303378001BC600300176D
:100660008100025E02F011320002DE02F0000001A1
:10067000BC600303378000025E02F0112D0183E0AD
:1006800006F037810181E006F0378100025E02F05A
:10069000113200B05E070017A200E044670B57A1BB
:1006A000006B4466F4372001BC6003113780000200
:1006B0005E02F0112D01806006F0378100025E02BB
:1006C000F0113201BC600300978000025E02F0115D
:1006D0002D01806006F0378100025E02F0113200C9
:1006E000E044670157A1006B4466F4372A01BC60FF
:1006F0000303378001A0607EF4578100025E02F0A0
:10070000113200E044670797A1006B4466F4372F6D
:1007100001BC600311578000025E02F0112D0184BC
:100720006006F0378100025E02F0113200B05E0711
:100730000017A201BC60030A378000025E02F011BC
:100740002D01806002F0378100025E02F01132005C
:10075000E044670037A1006B4466F4373A018060DB
:1007600006F0378100025E02F0113201BC6003081E
:10077000578000025E02F0112D018A6002F037817D
:1007800000025E02F0113200E044670037A1006B06
:100790004466F43742018A600EF0378100025E023F
:1007A000F0113200E044670657A1006B4466F4374D
:1007B0004601BC60030CB78000025E02F0112D02FE
:1007C00080DE0700173001BC600311578001846090
:1007D00002F4578100025E02F0113201BC60030096
:1007E00037A30206ABD30017510284C5AF001759D7
:1007F00003BFDE02F017520280456F00175901BC9B
:1008000060030017A3018B600E2B915C01BC600399
:1008100018517800B045E3001800018B2B2E2F31C2
:100820007900A84138F9D7A100B05E84F9B04E0133
:10083000BC60170777A100025E02F0012700B040FC
:10084000670017A200A85E8B0057A200025E02F0AC
:10085000012B00E044670157A1006B4466F4375F49
:1008600001BC600301B7A101BC60030477A20002D0
:100870005E02F0012B01BC60130AF7A101BC60030A
:100880000017A200025E02F0012B01BC60030117F9
:10089000A400E85E930037A401BC600301D7A10067
:1008A000B05E930017A200025E02F0012B01BC6053
:1008B000130AD7A101BC60030017A200025E02F078
:1008C000012B0068DE9300176700685E8F001771C8
:1008D0000002DE02F0000001BC60270CB7A101BCE1
:1008E00060030197A200025E02F0012B01BC6027A9
:1008F0000EB7A101BC60030137A200025E02F00145
:100900002B01BC60030657A401BC60030077A30160
:10091000BC60130957A100025E02F001270180604C
:10092000060337A200025E02F0012B01806002F490
:1009300057A200025E02F0012B00E04466F497A18A
:10094000006B4466F4378000E85E8F0037A30068D0
:100950005E8F00178701BC60030317A401BC6027EA
:100960000F17A100025E02F001270068C0671FF7A1
:100970007901BC60270EB7A101BC600301F7A2009A
:10098000025E02F0012B0002DE02F000000002DE37
:1009900002F000000200DE5300179D01BC60130E40
:1009A00077A100025E02F0012700A040673FEC44FF
:1009B00001BC60131497A100025E02F001270196AA
:1009C000E0020337A200025E02F0012B01BC6013BB
:1009D00009B7A100025E02F0012701876002033718
:1009E000A200025E02F0012B01BC60130997A10076
:1009F000025E02F00127018760060337A200025E53
:100A000002F0012B0002DE02F0000001BC60730066
:100A100017A301BC60131497A100025E02F0012726
:100A200000A04066F477A40196E01EF497A300B0FE
:100A30005E8D8897A200025E02F0012B01BC60135C
:100A400009B7A100025E02F00127018760060337A3
:100A5000A200025E02F0012B01BC60130997A10005
:100A6000025E02F00127018760060337A200025EE2
:100A700002F0012B0002DE02F000000068DE9300AD
:100A800017B100E05E030057A201095E8B0017A1B9
:100A900003BFDE02F017B90068DE930037B501101E
:100AA0005E030017A200E05E8B0097A103BFDE0289
:100AB000F017B901305E030017A200E05E8B0197CA
:100AC000A1006D5E870597B901BC60030597A10081
:100AD00002DE02F0000000682BCB0017BF00B02B35
:100AE000F30017A100E05E855FB7A1006BDE8623EF
:100AF00037BF0186E006F7F7BF0002DE02F0000014
:100B000000681F330017CD020200BF0017C30203A5
:100B100045730017CD0285C5230017CD00681F332C
:100B20000037CB00B01FC70017A100025E02F00122
:100B30002700A84064F9D7A200B05E88F9B7A200E8
:100B4000025E02F0012B03BFDE02F017CD00A841C8
:100B500038F9D7A100B05E84F9B04E0002DE02F091
:100B60000000020200BF0017C3020345730017CD47
:100B70000158600300102A0189E0020D906C01BC4D
:100B8000600300900400B040130017A10002DE02D1
:100B9000F00000018260060F10780207C1E3001721
:100BA000D601BC60030C17A301BC60030090760162
:100BB000BC600300107700025E02F0013401BC60EB
:100BC000030C97A300025E02F0012F0088601187DA
:100BD00057A101BC5E860EF07700025E02F0013480
:100BE00001BC60030C17A301BC600300B07601BC1C
:100BF000600300107700025E02F0013401BC600364
:100C00000C97A300025E02F0012F00886005875751
:100C1000A101BC5E860ED07600025E02F0013401B6
:100C2000BC60030017A300025E02F0012F01856083
:100C3000060ED07600025E02F0013401BC60030CA7
:100C400017A301BC600300307601BC60030010777D
:100C500000025E02F0013401BC60030C97A30002A5
:100C60005E02F0012F01AC60A20EF07700025E027E
:100C7000F0013401BC60030017A300025E02F00122
:100C80002F018560060ED07600025E02F00134016D
:100C9000BC60030C17A301BC600300307601BC608C
:100CA0000300107700025E02F0013401BC60030C07
:100CB00097A300025E02F0012F01AC60020EF077F4
:100CC00000025E02F0013401BC60030017A30002C1
:100CD0005E02F0012F018560060ED07600025E02F2
:100CE000F00134018260020F10780002DE02F00091
:100CF0000001BC60130817A100025E02F001270189
:100D00008060020337A200025E02F0012B01BC608A
:100D1000030037A100025E02F001270188600E0384
:100D200037A20068B0EB0018100188600A0337A2F0
:100D300000025E02F0012B01BC601B0657A10002FD
:100D40005E02F00127018830EA0337A200025E024A
:100D5000F0012B00025E02F017D501BC60130817EA
:100D6000A100025E02F00127018060060337A200A5
:100D7000025E02F0012B0002DE02F0000001BC6006
:100D8000430890E600025E02F0016A01BC604F1168
:100D900010E40190600A09104801BC6003000006DD
:100DA00001BC600301D78201D2DE0877F0E000B019
:100DB0000F030010E100B0004700108600B00F1FC5
:100DC00000108A01BC600300378100025E02F0104F
:100DD0007001BC60030010BB01BC61030010800106
:100DE00082600610308103D05E02F003940002DEC0
:100DF00002F0000000681F83001882028042030096
:100E000018820285C52300188200681F8F0038826F
:100E100000681F8B00385F01BC60130817A1000237
:100E20005E02F00127018060020337A200025E0229
:100E3000F0012B01BC601B1B57A100025E02F001F8
:100E40002700B04067000C3E0182E0060337A20095
:100E5000025E02F0012B01846006F457A200025EDC
:100E600002F0012B01BC60270F37A100025E02F0E7
:100E7000012700B04067000C3F018860060337A2DD
:100E800000025E02F0012B01BC60271597A1000251
:100E90005E02F0012700B04067000C40019B601625
:100EA0000337A201806006F457A200025E02F0013F
:100EB0002B01BC60131077A101BC600B0017A200CE
:100EC000025E02F0012B01BC60131057A100025E0C
:100ED00002F0012701B860820337A200025E02F02F
:100EE000012B01BC60131037A100025E02F0012744
:100EF0000180E0020337A200025E02F0012B01BC78
:100F000060030007E201BC60030007E30068310FE3
:100F100000185700E044658867E103BFDE02F0185F
:100F20005800E044670807E101BC60131037A100D6
:100F3000025E02F00127018060060337A200025E14
:100F400002F0012B01BC60030027E200025E02F008
:100F500001270200406700187302804203001873E3
:100F60000285C52300187301BC60131037A100026D
:100F70005E02F0012702004067001866006CC4643E
:100F8000FC385F00E03107002C4100E0310B002C01
:100F90004201BC601310F7A100025E02F0012700BD
:100FA000B0406700018401BC601310D7A100025E4D
:100FB00002F0012700B0406700018501BC602B13DF
:100FC00057A100025E02F0012700B04067000186D1
:100FD00001BC60131117A100025E02F0012700B0EE
:100FE000406700018701BC60271597A100B031035D
:100FF0000017A200025E02F0012B01BC60270F3730
:10100000A100B030FF0017A200025E02F0012B0128
:10101000BC601B1B57A100B030FB0017A200025E92
:1010200002F0012B01BC60130817A100025E02F060
:101030000127018060060337A200025E02F0012B47
:1010400001BC60030007E201BC60030007E000B0E0
:101050005E870017A10002DE02F0000001BC600301
:10106000000C2500B030CB00179E00B030CF001729
:101070009D00B030D300179C00B030D700179B0301
:10108000BFDE02F00A1A00000000000000000000AD
:101090000000000000000000000000000000000050
:1010A00000000000000000000000000000207EC0E2
:1010B0000000000000000000000000000000000030
:1010C0000000000000000000000000000000000020
:1010D0000000000000000000000000000000000010
:1010E00000000000000000000000000000207EC0A2
:1010F00000000000000000000000000000000000F0
:1011000000000000000000000000000000000000DF
:1011100000002000000040110100000000008016C7
:10112000010080000000801601008003000080168E
:10113000000000400000801A2100E003000080163B
:10114000000200400000801A100200400000801AD7
:10115000100202400000801A6100E00300008016C7
:10116000100200400000801A6101E01300008016A8
:10117000300200400000801A100200400000801A77
:101180001C0200400000801A000200000000801ACB
:101190001C0A00400000801A1C0A20400000801A2F
:1011A0001FCA20400000801A1FCA20400000801A79
:1011B000010000000000801E090000000000801EE9
:1011C000000000000000800200000000000080021B
:1011D0000000000000008002080000000000801EE7
:1011E000000000000000801E010000000000801EC2
:1011F000110000000000801E1FCA20C00000801ADD
:101200001FCA20C00000801A5FCA20C00000801AD8
:10121000B06400000000800E000028000000801272
:10122000110000000000801E00000000C82542855B
:10123000000000000000400100000000000040012C
:1012400000000000000040015FCA2040000040197B
:101250001FCA204000004019010000000000401D8E
:10126000010000000000401D010000000000401DC2
:10127000090000000000401D1FC22040000040196E
:101280000F0000000000401D1FC220C000004019D8
:101290001BC220C000004019207D00000000400D4E
:1012A00000002000000040110000000033044289CB
:1012B00000000000000040010000000000004001AC
:1012C00000000000000040011BC220400000401947
:1012D000090000000000401D1BC220400000401912
:1012E000010000000000401D000000000000401D43
:1012F0001FC2204000004019010000000000401DF6
:10130000090000000000401D1FC2204000004019DD
:101310000B0100000000401D1FC220C0000040194A
:101320001BC220C000004019C07700000000400D23
:10133000000028000000401100000000331C42891A
:10134000000000000000400100000000000040011B
:1013500000000000000040011FC220C00000401932
:101360001FC220C0000040196100E01300004015BA
:1013700000000000000040010000000000004001EB
:1013800000000000000040016101E0130000401572
:1013900013C220C0000040196101801300004015F5
:1013A0000A0100000000401D13C220C000004019C7
:1013B00008040000000000F80000000000004001E8
:1013C000000000000000400100000000000040019B
:1013D000000000000000400100000000000040018B
:1013E00013C22040000040190B0100000000401D06
:1013F00013C220C00000401900000000000040019E
:101400000000000000004001030100000000401D3A
:1014100013C22040000040190000080000004011E5
:101420006101801300004015610180130000401528
:1014300061018013000040151FC2204000004019C8
:101440001FC22040000040191FC220400000401968
:101450000B0100000000401D0B0100000000401DBA
:101460001FC220C0000040191BC220C0000040194C
:10147000C37700000000400D00000800000040118C
:1014800000000000131C4288000000000000400122
:1014900000000000000040010000000000004001CA
:1014A0001BC2204000004019090000000000401D40
:1014B0001BCA2040000040191FCA204000004019EC
:1014C000090000000000401D1FC22040000040191C
:1014D0000F0000000000401D1FC220C00000401986
:1014E0001BC220C000004019237D00000000400DF9
:1014F00000000000000040110000000013044288BA
:101500000000000000004001000000000000400159
:1015100000000000000040011BC2204000004019F4
:10152000090000000000401D1BCA204000004019B7
:10153000010000000000401D1FCA204000004019AB
:10154000110000000000401D1FCA2040000040198B
:101550001FCA20C0000040191FCA20C00000401947
:101560001FCA20C0000040195FCA20C000004019F7
:10157000B06400000000400D0000080000004011B1
:10158000110000000000401D00000000B82542844A
:1015900000000000000040010000000000004001C9
:1015A00000000000000040015FCA20400000401918
:1015B000010000000000401D1FCA2040000040192B
:1015C0001FCA204000004019000000000000401D1C
:1015D0001C0A2040000000181C0A204000000018CF
:1015E0000000000000000010000000000000001CCF
:1015F00061018013000000141C0A20400000001844
:101600006101800300000014100A2040000000184F
:10161000000A204000000018000A004000000018E6
:101620004101800300000014000800400000001881
:101630000000100000000010000802400000001828
:1016400000080340000000180008024000000018D5
:10165000000800400000001800000000000000101A
:1016600000080040000000180008004000000018BA
:10167000410180000000001441010000000000143E
:1016800040010000000000140008024000000018A3
:1016900000010000000000140008004000000018D5
:1016A000000800C000000018080C00000000000442
:1016B00008080000000000FC00000000000000001E
:1016C000000000000000000000000000000000001A
:1016D0000C715D48075F3100B3C9A561005B234B06
:1016E000452524472808000000000000941DC5136C
:1016F00001BD32080100343334333961302D726F4B
:101700006D6C2F7364696F2D672D706F6F6C2D700A
:1017100032702D69647375702D6964617574682DFC
:10172000706B7466696C7465722D6B656570616C45
:101730006976652D616F652D6C70632D73776469B3
:10174000762D7372666173742D66756172742D6285
:101750007463782D6E6F636C6D696E632D636C6D51
:101760005F6D696E2D6662742D6D66702D73616597
:101770002D776F776C70662D746B6F205665727362
:10178000696F6E3A20372E39352E3439202832329F
:10179000373162623620435929204352433A20624E
:1017A0003761323865663320446174653A204D6F85
:1017B0006E20323032312D31312D32392032323AF1
:1017C00035303A3237205053542055636F646520CA
:1017D0005665723A20313034332E3231363220465B
:1017E0005749442030312D6335316439343030006D
:1017F000FA00445649442030312D6230623435328B
:101800003066000000000000000000000000000042
:1018100000000000000000000000000000000000C8
:1018200000000000000000000000000000000000B8
:1018300000000000000000000000000000000000A8
:1018400000000000424C4F423C000000FA69E0BB3F
:101850000100000002000000000000003C00000049
:10186000980300000A6F2B520000000000000000E7
:10187000D403000004000000A0B0E5E20000000076
:10188000434C4D204441544100000C000200526181
:101890007370626572727950692E5069636F570078
:1018A0000000312E32392E3400000000000000000C
:1018B00070000000436C6D496D706F72743A203196
:1018C0002E34372E31000000000000000000000020
:1018D000000076352032322F30362F3234000000AF
:1018E0000000000000000000010B010D0C0D0000C5
:1018F000680300007401000068000000300100006F
:101900007C010000000000004C01000046010000C6
:1019100058030000000000002801000090030000B0
:10192000880300007FB200000000000000000000FB
:1019300000000000000000000000000000000000A7
:101940000000000000000000700300000000000024
:101950003201000000000000000000000000000054
:101960000000000000000000000000000000000077
:101970000000000000000000000000000000000067
:101980000000000000000000000000000000000057
:101990000000000000000000000000000000000047
:1019A0000000000000000000340000008101000081
:1019B0000102323032322D30362D32342030363A78
:1019C00035353A3038000000FF0000000100FF010B
:1019D0001E0000014800010100FF01140000014841
:1019E00000010000FF000000020000011E010001D4
:1019F000480101000000000000000000000100019B
:101A000001236E000200FFFFF000415400010001BD
:101A1000FFC000415500010001FFC0004245000128
:101A20000001FFC000425200010001FFC00043411D
:101A30000000FF00FFCC00434800010001FFC00090
:101A4000434C00010001FFC000434E00010001FFB4
:101A5000C000434F00010001FFC000435A000100D5
:101A600001FFC00044450001FF01FFCC00444B00D2
:101A7000010001FFC000454500010001FFC0004515
:101A80005300010001FFC000465200010001FFC0E9
:101A900000474200010001FFC00047520001000161
:101AA000FFC000484B00010001FFC0004855000185
:101AB0000001FFC000494C00010001FFC000494E79
:101AC00000010001FFC000495300010001FFC000F8
:101AD000495400010001FFC0004A5000010001FF0D
:101AE000C0004B4500010001FFC0004B5200010047
:101AF00001FFC0004C4900010001FFC0004C540030
:101B0000010001FFC0004C5500010001FFC0004C66
:101B10005600010001FFC0004D5400010001FFC04C
:101B2000004D5800010001FFC0004D5900010001A7
:101B3000FFC0004E4700010001FFC0004E4C0001F5
:101B40000001FFC0004E4F00010001FFC0004E5ACF
:101B500000010001FFC000504500010001FFC0006E
:101B6000504800010001FFC000504C00010001FF7F
:101B7000C000505400010001FFC0005345000100A7
:101B800001FFC000534700010001FFC0005349009E
:101B9000010001FFC000534B00010001FFC00054D1
:101BA0004800010001FFC000545200010001FFC0C5
:101BB00000545700010001FFC00055530000000011
:101BC000FFC00058580003FF02FFCC005A4100013B
:101BD0000001FFC000010D010001480000000148A4
:101BE0000000000148010000010000005503000052
:101BF0000A0C0D0E0F1011121314150C0001020324
:101C00000405060708090A0B000000000000000098
:101C10000000000000000000AFA900004E56524135
:101C20004D5265763D2452657624006D616E66697D
:101C3000643D30783264300070726F6469643D30A6
:101C400078303732370076656E6469643D307831BC
:101C50003465340064657669643D307834336532C8
:101C600000626F617264747970653D307830383825
:101C70003700626F6172647265763D307831313061
:101C80003000626F6172646E756D3D3232006D615D
:101C900063616464723D30303A41303A35303A62C3
:101CA000353A35393A35650073726F6D7265763D38
:101CB000313100626F617264666C6167733D3078C8
:101CC000303034303430303100626F617264666CB1
:101CD000616773333D30783034303030303030002D
:101CE0007874616C667265713D3337343030006EE4
:101CF0006F6372633D31006167303D32353500619D
:101D00006132673D310063636F64653D414C4C0057
:101D10007061306974737369743D30783230006576
:101D2000787470616761696E32673D30007061324E
:101D30006761303D2D3136382C373136312C2D3816
:101D40003230004176566D69645F63303D307830E3
:101D50002C307863380063636B7077726F666673DC
:101D60006574303D35006D617870326761303D38A3
:101D70003400747870777262636B6F663D3600630F
:101D8000636B627732303267706F3D30006C65672D
:101D90006F66646D627732303267706F3D307836CF
:101DA00036313131313131006D6373627732303227
:101DB00067706F3D307837373731313131310070EE
:101DC000726F70627732303267706F3D3078646462
:101DD000006F66646D64696766696C7474797065B8
:101DE0003D3138006F66646D64696766696C747450
:101DF00079706562653D313800706170646D6F6443
:101E0000653D31007061706476616C6964746573FE
:101E1000743D3100706163616C69647832673D3490
:101E20003500706170646570736F66667365743DCC
:101E30002D33300070617064656E646964783D357F
:101E400038006C746563786D75783D30006C74652E
:101E500063787061646E756D3D307830313032007A
:101E60006C74656378666E73656C3D3078343400ED
:101E70006C746563786763696770696F3D3078304B
:101E80003100696C306D6163616464723D30303A79
:101E900039303A34633A63353A31323A333800777D
:101EA0006C3069643D30783433316200646561645C
:101EB0006D616E5F746F3D307866666666666666F5
:101EC00066006D7578656E61623D30783130300046
:101ED00073707572636F6E6669673D307833006743
:101EE0006C697463685F62617365645F6372736D6C
:101EF000696E3D31006274635F6D6F64653D3100F2
:101F0000000000000050F20100000000636F756ED9
:101F100074727900000000006375725F6574686513
:101F200072616464720000000000000000000000A4
:101F3000636C6D6C6F61640000000000636C6D6C1D
:101F40006F61645F7374617475730000000000005A
:101F500000A050B5595E00006273730000000000DD
:101F60006D61786173736F63000000006363677075
:101F7000696F696E0000000001000000FFFFFFFFB5
:101F8000FEFFFFFFFDFFFFFFD0A10110DCA101104C
:101F900000000000E4A101100000000000000000AB
:101FA000ECA10110F8A101100000000000000000E9
:101FB0000000000000A201100CA2011000000000AF
:101FC00000000000000000001CA201100000000042
:101FD0000000000000000000000000000000000001
:101FE00000000000000000000000000000000000F1
:101FF00000000000000000000000000000000000E1
:1020000000000000000000000000000000000000D0
:1020100000000000000000000000000000000000C0
:1020200000000000000000000000000000000000B0
:1020300000000000000000000000000000000000A0
:1020400024A20110000000000000000000000000B9
:102050000000000000000000000000000000000080
:102060000000000000000000000000000000000070
:102070000000000000000000000000000000000060
:102080000000000000000000000000000000000050
:102090000000000000000000000000002CA2011061
:1020A0000000000000000000000000000000000030
:1020B0000000000000000000000000000000000020
:1020C00000000000000000003CA201100000000021
:1020D0000000000000000000000000000000000000
:1020E0000000000050A2011060A2011001000000D9
:1020F0006D5801106D580110AD5801107158011044
:10210000C1680010E56800100D6900102D6900100D
:10211000A15801109D5801109558011075580110D3
:102120006D580110020000000000000003000000D4
:10213000001BB700A02E6300007D000000202020BF
:102140002020202020202828282828202020202067
:102150002020202020202020202020202088101037
:102160001010101010101010101010101004040493
:102170000404040404040410101010101010414151
:10218000414141410101010101010101010101013F
:102190000101010101010101101010101010424253
:1021A000424242420202020202020202020202020F
:1021B00002020202020202021010101020000000AF
:1021C000000000000000000000000000000000000F
:1021D00000000000000000000000000000000000FF
:1021E00000000000000000000000000000000000EF
:1021F00000000000000000000000000000000000DF
:1022000000000000000000000000000000000000CE
:1022100000000000000000000000000000000000BE
:1022200000000000000000000000000000000000AE
:10223000000000000000000000000000000000009E
:1022400008B10181B0B000840000000008B1018134
:08225000B0B0008400000000A2
:102258001CE0FA7FAE81C98050E2FA7F01000000DD
:1022680050E2FA7FDF84078008E3FA7F010000006C
:102278002CE3FA7FB0AB0A8004E4FA7FB0AC238089
:10228800E4E4FA7F0100000078F0FA0FB0A90280B8
:1022980008F1FA0FB0B0A88058F1FA0F0100000059
:1022A80064F1FA0FB0B0AA8098F1FA0FAE77B28055
:1022B80074F2FA0F0100000070F2FA0FAB3F3A8097
:1022C800D0F2FA0F01000000DCF2FA0FB0B0AA80D9
:1022D80014F3FA0F01000000C8F3FA0FAB10B28034
:1022E8003CF4FA0FB0AF0880E4F6FA0F01000000E2
:1022F800E8F6FA0FAC3F0380B0F9FA0F01000000CE
:1023080090FBFA0FB0A80380A0FBFA0F01000000B1
:102318009CFBFA0FB0AD048094FEFA0FB0A80380BE
:10232800B8FEFA0F14FFFF7FBCFEFA0F18FFFF7FFD
:08233800C8FEFA0F01000000CD
:1023400020A801102CA8011038A8011044A80110E1
:1023500050A801105CA8011068A8011010A8011075
:04236000B8A9011007
:10236400F8B50027044616461D4609E02368C3E86D
:102374008F7F8EF310883046294602F06DF8F8B945
:102384002168EFF3108E72B6D1E8CF2F0123002A13
:10239400FAD1C1E8423F002AF6D1BFF35F8FB4F906
:1023A40004C0BCF1000FE1DD0CF1FF3C0023226806
:1023B400A4F804C0C2E88F3F8EF310880120F8BD52
:1023C4000020F8BD10B40368EFF3108272B6D3E8AE
:1023D400CF4F0121002CFAD1C3E8441F002CF6D1C1
:1023E400BFF35F8FB0F90430B0F9061099420CDDE9
:1023F4000133002104688380C4E88F1F82F31088AE
:1024040040BF01205DF8044B704700230168C1E818
:102414008F3F82F3108818465DF8044B704700BF65
:10242400034600B50268EFF3108C72B6D2E8CFEF22
:102434000120BEF1000FF9D1C2E84E0FBEF1000F2A
:10244400F4D1BFF35F8F93F90420002A0ADB01B1B2
:102454000A60002000221B68C3E88F2F8CF31088C9
:102464005DF804FB4FF05042126801201A71F1E745
:102474004FF050412DE9F0410027044616461D4611
:10248400D1F8008009E02368C3E88F7F8CF31088BB
:102494003046294601F0E0FFF0B92168EFF3108CD3
:1024A40072B6D1E8CF2F0123002AFAD1C1E8423F06
:1024B400002AF6D1BFF35F8F94F904E0BEF1000F58
:1024C400E1DA0023226884F80480C2E88F3F8CF3A9
:1024D40010880120BDE8F0810020BDE8F08100BF34
:1024E40030B501460468EFF3108C72B6D4E8CFEF30
:1024F4000125BEF1000FF9D1C4E84E5FBEF1000F13
:10250400F4D1BFF35F8F90F90440002C11DB00215C
:102514000568C5E88F1F8CF310884FF0504C9CF968
:1025240000C0A44501D1084630BDBDE83040FFF7E6
:102534009FBF4FF05040006800230A680871C2E84A
:102544008F3F8CF31088012030BD00BF70B5054665
:102554000C4601F085FF02460B464FF47A704FF0AB
:10256400FF3E6FF0004CE4FB002396457CEB030137
:1025740038BF72462846BDE8704038BF6346FFF74F
:1025840077BF00BF0368EFF3108272B6D3E8CFCFF2
:102594000121BCF1000FF9D1C3E84C1FBCF1000FBD
:1025A400F4D1BFF35F8F4FF0FF0C0023016880F874
:1025B40004C0C1E88F3F82F3108840BF704700BF5A
:1025C400002108B5134B4FF4707299601248D9601A
:1025D400196159619961D961196259629962D96223
:1025E400196359639963D963196459649964D96403
:1025F400196559659965D965196659669966D966E3
:10260400196759679967D96701F022FF034B044A98
:102614001A6008BD00001050043F00208487002089
:10262400800110502DE9F04F204B85B09E6D0EB304
:10263400002401251E4F01E0202C1BD006EA0503CF
:10264400621C2146AA46D4B26D00002BF4D00223AA
:1026540004F001084FEA510913FB098B154B07EBF2
:102664004B1B5846C3F858A000F00AFC28B936EAB8
:102674000A06E1D105B0BDE8F08F4FF4E062ADF891
:102684000420002208EB490307EB43138DF80920CB
:102694009A78DB8A01A801218DF80820039300F0C1
:1026A4000DFC584600F092FBE1E700BF000011501A
:1026B400C43E002000301150F0B5B24B85B0D3F8C1
:1026C400985015F4003674D0AF4BB04C996A94F816
:1026D4003B30AF4A022B116000F0F980002694F8D9
:1026E4007B30022B00F0D48194F8BB30022B00F035
:1026F400C58194F8FB30022B00F0B68194F83B318D
:10270400022B00F0A68194F87B31022B00F0968115
:1027140094F8BB31022B00F0868194F8FB31022B34
:1027240000F0768194F83B32022B00F0658194F836
:102734007B32022B00F0548194F8BB32022B00F060
:10274400438194F8FB32022B00F0328194F83B333E
:10275400022B00F00A8194F87B33022B00F0C9802D
:1027640094F8BB33022B00F0EC8094F8FB33022B7B
:1027740000F0D6803EB9874B1B7823B94FF4003262
:10278400854BC3F890204FF440727E4B01219B6C23
:1027940001A8C3F30A03ADF80420029300F08EFBF2
:1027A400EA064FF400367D4C07D5FFF73BFF26467B
:1027B40003E0EA064FF01004F7D4EB0332D5734C70
:1027C40046F48036A37E9BB10221754B6D4A19668F
:1027D400536E9F07FCD54FF4405200216B4800F024
:1027E400FBFA6A4800F0F2FA02226B4B5A661A6648
:1027F400012394F83A20E370FAB901234FF4C0613D
:10280400684A84F82330ADF8041092E8030004AA5F
:1028140002E90300194601A800F050FB4FF400320E
:102824005D4B1A65E9041DD46A0432D42B043FD4E9
:10283400AE4240F0A58105B0F0BD594A1366A2F539
:102844000052536ED807FCD54FF44052002156482D
:1028540000F0C2FA544800F0B9FA01224E4B5A660D
:102864001A66CAE70024474B46F480561C60FFF7FB
:10287400A7FE4FF48073012101A8ADF804308DF850
:10288400084000F01BFB4FF40022434B1A656A0416
:10289400CCD54FF48063012101A8ADF8043000F0D9
:1028A4000DFB10223C4B46F480461A652B04BFD521
:1028B4004FF4A063012101A8ADF8043000F0FEFA42
:1028C4004FF40062344B46F400461A65B0E794F8BE
:1028D4003A60002E3FF403AF94F83C30002B3FF4F1
:1028E400FEAE002304F1200084F83C3000F096FA98
:1028F400F5E694F87A73002F3FF432AF94F87C3302
:10290400002B40F0368194F8BB33022B23D194F88A
:10291400BA33DBB994F8FB33022B7FF434AF3E4671
:1029240094F8FA33002B3FF425AF94F8FC33002BD2
:102934003FF429AF00231D4884F8FC3300F06EFAFD
:1029440021E794F8BA33002B3FF40FAF94F8BC336B
:10295400002B40F0A78094F8FB33022B7FF413AFD5
:1029640094F8FA33002BE0D10DE794F83A73002F72
:102974003FF4F1AE94F83C33002B40F0F2803E4635
:10298400E9E600BF0000115000000B40C43E0020E7
:10299400BC3E0020EFC600200030115010000200A1
:1029A4000020115000001050E43E0020A4420020FA
:1029B40094F8FA72002F3FF4C9AE94F8FC32002B5D
:1029C40040F0C7803E46C1E694F8BA72002F3FF447
:1029D400B8AE94F8BC32002B40F0B3803E46B0E66B
:1029E40094F87A72002F3FF4A7AE94F87C32002B4F
:1029F40040F09F803E469FE694F83A72002F3FF4E1
:102A040096AE94F83C32002B40F08B803E468EE626
:102A140094F8FA71002F3FF485AE94F8FC31002B42
:102A240077D13E467EE694F8BA71002F3FF475AE36
:102A340094F8BC31002B64D13E466EE694F87A716A
:102A4400002F3FF465AE94F87C31002B51D13E4603
:102A54005EE694F83A71002F3FF455AE94F83C3199
:102A6400002B3ED13E464EE694F8FA70002F3FF418
:102A740045AE94F8FC3063BB3E463FE694F8BA702A
:102A8400002F3FF436AE94F8BC30D3B93E4630E65E
:102A940094F87A70002F3FF427AE94F87C3043B951
:102AA4003E4621E60023394884F8BC3300F0B6F9E9
:102AB40051E70023364884F87C303E4600F0AEF9F6
:102AC40012E60023334884F8BC303E4600F0A6F9F1
:102AD4000FE60023304884F8FC303E4600F09EF9AF
:102AE4000CE600232D4884F83C313E4600F096F96C
:102AF40009E600232A4884F87C313E4600F08EF92A
:102B040006E60023274884F8BC313E4600F086F9E7
:102B140003E60023244884F8FC313E4600F07EF9A5
:102B240000E60023214884F83C323E4600F076F962
:102B3400FDE500231E4884F87C323E4600F06EF921
:102B4400FAE500231B4884F8BC323E4600F066F9DF
:102B5400F7E50023184884F8FC323E4600F05EF99D
:102B6400F4E50023154884F83C333E4600F056F95A
:102B7400F1E50023124884F87C3300F04FF9C2E6F3
:102B8400104886EA050101F077FC00BF644200208A
:102B9400243F0020643F0020A43F0020E43F0020A5
:102BA4002440002064400020A4400020E440002091
:102BB4002441002064410020A4410020E44100207D
:102BC40024420020347C01102DE9F043828A048BD6
:102BD40003469442C07828BF1446051E18BF012539
:102BE40080F00100121B5E78D87092B244F48060C9
:102BF4009A8240EA453006BBDD6804F1FF3805EBF4
:102C0400811C1D69ACB1B8F1050F05F1010203D9AE
:102C1400ACEB0207022F17D80CF1FF3C254400E06F
:102C2400013212F8016CAA420CF8016FF8D11D6947
:102C34009A8A25441D6140F400400AB940F480405A
:102C440001B10004BDE8F0832F46E6463246261F54
:102C5400B608013657F8049B013296424EF8049B9D
:102C6400F8D8B4EB860FA8EB860205EB860E0CEBC6
:102C74008607DCD015F826500CF82650002AD6D04A
:102C84009EF80150012A7D70D1D09EF80220BA70BE
:102C94001D699A8ACDE700BF83680246186801B1AE
:102CA400000C5378C0F3090013B3F0B5D2E9035410
:102CB4008F0105EB8113461E78B1052E04D9013727
:102CC4003D44651B022D1CD8611E1D1813F8014BD1
:102CD4009D4201F8014FF9D11469D38A0444034495
:102CE400D382138B1461834284BF00239382F0BD8B
:102CF400D38A0344D382138B834284BF00239382F9
:102D040070479E4625460021A0F1040C4FEA9C0C16
:102D14000CF1010C5EF8047B0131614545F8047B3C
:102D2400F8D3B0EB8C0FA6EB8C0603EB8C0504EB0D
:102D34008C01D1D013F82C3004F82C30002ECBD0D9
:102D44006B78012E4B70C7D0AB788B701469C4E7D5
:102D540010B50446836800211B68FFF79DFF636874
:102D64001B685B0002D5238B834200D010BD204634
:102D7400BDE810400121FFF78FBF00BF084B1B6C5B
:102D840013F0020302D18278D20901D100207047E6
:102D9400C07EA0F10200B0FA80F04009704700BF85
:102DA4000000115008B5FFF7E9FF50B1054A064B82
:102DB400906A1B68A0F54870C01AC6288CBF002012
:102DC400012008BD00000B40BC3E00200023C0E9E8
:102DD40004338376704700BF10B5836809B11C685B
:102DE400214082B1114352050DD51A6854050CD403
:102DF400084A21F480641C60126C920703D40C23EB
:102E0400033BFDD28368196010BD8178024801F04C
:102E140033FB00BF00001150487C011030B54368FB
:102E2400002183B004461D68FFF7CEFE134B40F427
:102E340080521B6C13F0020FA3780ED05B060ED0E9
:102E440025F0A04545F000550021204663681D602B
:102E540003B0BDE83040FFF7BFBFDB09F0D0A38A61
:102E6400002BEDD0012120460192FFF7ADFE019A1F
:102E740025F00055024345F0A045E5E70000115058
:102E840038B5857E044695B1FFF762FFA38A0BB976
:102E9400284638BD2046FFF785FF20B1012323775C
:102EA4000025284638BD2046FFF7B8FFF8E78178AB
:102EB400014801F0E1FA00BF687C01102DE9F043FC
:102EC40043788146023B0D4685B0042B13D8DFE8D6
:102ED40003F0034A6A73440000217B4B1A7822F002
:102EE40001021A701A7822F002021A7059701A78C4
:102EF40061F382021A70754B1C686369EFF31082E8
:102F040072B6D3E8CF0F01210028FAD1C3E8401FDD
:102F14000028F6D1BFF35F8FA2614946204601F035
:102F2400A7FA00236269C2E88F3FA36983F310887C
:102F340048B94FF0E023D3F8F03DDB070AD500BED3
:102F440005B0BDE8F0832A4699F8011099F800000D
:102F540001F08AFA05B0BDE8F0835D4A13780133C5
:102F6400DBB21370C7E700245A4E23463178DFF8EA
:102F74006C81594F11E03B6813EB441307D0DB69B4
:102F84002BB1D9F8041099F800009847317801342E
:102F9400E4B24A1CA242234617DBA142EBD85B1AD7
:102FA40008EB4313EBE7484B1A78D607D2D51A78C7
:102FB40042F004021A709EE7434B1A78D407C9D52D
:102FC4001A7822F004021A7095E73F4C23785807C8
:102FD4003AD4E378DA07BDD5032300263B4A99F8AF
:102FE40000101468D9F804208DF804108DF8053009
:102FF4006369CDF80660CDF80A60ADF80E60029200
:10300400EFF3108272B6D3E8CF0F01210028FAD172
:10301400C3E8401F0028F6D1BFF35F8F2046A261AA
:1030240001A901F025FA6369C3E88F6FA36983F3EB
:10303400108800283FF47DAF2A469DF805109DF8BE
:10304400040001F011FA85E72378002723F0040334
:10305400237005231D4A8DF80530166899F8002061
:10306400ADF80E708DF804207369CDF80670CDF8B4
:103074000A70EFF3108272B6D3E8CF0F0121002853
:10308400FAD1C3E8401F0028F6D1BFF35F8F304662
:10309400B26101A901F0ECF97369C3E88F7FB369E8
:1030A40083F3108838B94FF0E023D3F8F03DD90703
:1030B4008FD500BE8DE72A469DF805109DF80400C3
:1030C40001F0D2F985E700BFF42A00204C2B002040
:1030D400F0C60020EDC60020EC29002044AA01100F
:1030E4007BB972B90029BEBF00204FF0004106E051
:1030F40008BF00281CBF6FF000414FF0FF3001F003
:103104009FB9ADF1080C6DE904CE002909DB002B51
:103114001ADB00F04DF8DDF804E0DDE9022304B029
:103124007047404261EB4101002B1BDB00F040F88B
:10313400DDF804E0DDE9022304B0404261EB410123
:10314400524263EB43037047524263EB430300F084
:103154002FF8DDF804E0DDE9022304B0404261EB1E
:1031640041017047524263EB430300F021F8DDF85C
:1031740004E0DDE9022304B0524263EB43037047E9
:1031840053B94AB9002908BF00281CBF4FF0FF31CA
:103194004FF0FF3001F054B9ADF1080C6DE904CEE5
:1031A40000F006F8DDF804E0DDE9022304B070471E
:1031B4002DE9F04F099D0E4604460F46002B47D1DA
:1031C4008A429446B2FA82F35AD943B102FA03FC12
:1031D400C3F120029F409C4020FA02F217434FEAB9
:1031E4001C461FFA8CFE220CB7FBF6F106FB117786
:1031F40001FB0EF042EA0742904208D91CEB02029E
:1032040001F1FF3702D2904200F23C813946121A92
:10321400A4B2B2FBF6F006FB102200FB0EFE44EA59
:103224000244A64508D91CEB040400F1FF3202D283
:10323400A64500F22A81104640EA0140A4EB0E04A0
:1032440000211DB1DC400023C5E90043BDE8F08F37
:103254008B4205D90DB1C5E9000100210846F5E707
:10326400B3FA83F100294FD1B342C0F00281824204
:1032740040F2FF800846002DE8D0C5E90047E5E7A5
:10328400002B40F0AF808A1A4FEA1C4E1FFA8CF7CD
:103294000121B2FBFEF60EFB1620220C42EA00428C
:1032A40007FB06F090420FD91CEB020206F1FF382F
:1032B4002CBF4FF001094FF00009904203D9B9F136
:1032C400000F00F0DC804646121AA4B2B2FBFEF0F6
:1032D4000EFB102200FB07F744EA0244A7420FD971
:1032E4001CEB040400F1FF322CBF4FF0010E4FF031
:1032F400000EA74203D9BEF1000F00F0C9801046AA
:10330400E41B40EA06409CE7C1F120048B4006FA26
:1033140001FC00FA01FE22FA04F7E6408A401F434A
:1033240020FA04F34FEA174843EA0C031FFA87FC18
:103334004FEA1349B6FBF8F008FB106649EA064663
:1033440000FB0CF9B1450ED9BE1900F1FF3A2CBFB0
:103354004FF0010B4FF0000BB14503D9BBF1000F47
:1033640000F0A2805046A6EB09061FFA83F9B6FBCB
:10337400F8F308FB136603FB0CFC49EA0646B44564
:103384000ED9BE1903F1FF382CBF4FF001094FF0DD
:103394000009B44503D9B9F1000F00F08280434617
:1033A40043EA0040A6EB0C06A0FB028C66454346AC
:1033B400E14602D307D1C64505D2B8EB02036CEB54
:1033C400070C0138E1465DB1BEEB030266EB09066A
:1033D40006FA04F422FA01F3CE401C43C5E9004680
:1033E400002133E702FA03FCC3F1200299409C4018
:1033F400D6404FEA1C4E20FA02F21FFA8CF7B6FBB5
:10340400FEF00A430EFB1066110C41EA064100FB74
:1034140007F68E420ED91CEB010100F1FF382CBFD8
:103424004FF001094FF000098E4202D9B9F1000FA3
:1034340034D04046891B92B2B1FBFEF60EFB161146
:1034440042EA014206FB07F191420ED91CEB02024B
:1034540006F1FF382CBF4FF001094FF000099142EB
:1034640002D9B9F1000F16D04646521A46EA004175
:103474000FE7841A66EB030201201746FBE6023EBF
:10348400624421E702396244C1E664440238D3E667
:103494006444023834E7023E6244E6E70238614499
:1034A400C8E7023B3E447BE702383E445BE700BF8B
:1034B40003685A004CBF43F0004323F00043184410
:1034C400704700BF2DE9F04729B301F1FF3A804668
:1034D400914600255646A91948BF0131491008EB09
:1034E400C107CC003846FFF7E3FF8A450DD0083406
:1034F400484508EB04000AD8FFF7DAFF01384D1CF1
:103504004845E8D33846BDE8F0874845FAD98D42A6
:1035140001F1FF36DFD100273846BDE8F08700BF50
:10352400012809D0022805D00028044B14BF00202C
:10353400184670470248704702487047D519002062
:10354400DD190020D9190020224B30B5044683B080
:103554008D1E43B301A92846AFF30080F0B1019951
:103564002A46FFF7AFFF0146C0B1FFF7A1FF4B6842
:10357400A064012B2AD0002B01F1040024DBFFF707
:1035840097FF002323650368E064002B11DBFFF73A
:103594008FFF03460020236103B030BD00230920C0
:1035A400236103B030BD0C480C49091AC9100191BC
:1035B400D6E7C3F30360FFF7B3FF031E0CBF092074
:1035C4000020236103B030BD0123DBE70023052085
:1035D400E1E700BF00000000582205104023051059
:1035E4000368DA0710B5044606D49B0700F15000BF
:1035F40009D500F091FC2368590709D51A070ED59F
:10360400DB0613D510BD00F07FFC23685907F5D401
:1036140004F1D80000F088FC23681A07F0D404F5FC
:10362400AC7000F089FC2368DB06EBD404F5EC7085
:10363400BDE8104000F0C4BC0346006800B1184463
:10364400704700BF09207047704700BF70B504463B
:103654000E46316C2046FFF777FF054698B9D6F839
:1036640040C03246236921460120C4F814C098475B
:103674000828EED0072806D12846316CFFF7E4FF6E
:10368400301D00F035FCFFDE2DE9F04701F1040C9C
:10369400ADF5787DC7680646D0F8188014460DF15C
:1036A400140E04AD4FF00009BCE80F00AEE80F00A3
:1036B400BCE80F00AEE80F00BCE80F00AEE80F0056
:1036C4009CE80F008EE80F00C5F8009023E02B6CF7
:1036D4004FF4F47229467EA8736100F0B5FE336995
:1036E4007EAA3146504698478C9B214681460393D7
:1036F4003246039C33460120AC64CDE90058B847F8
:10370400044628BB4FF4F4727EA9284600F09CFEC0
:10371400B9F1080F19D10934296C3046FFF714FFA9
:1037240081465FFA84FA0028D1D0AC6B3346324626
:103734004AF01001AC640120CDE90058B84738B90B
:1037440048460DF5787DBDE8F087B9F1070F06D03E
:103754004FF0090948460DF5787DBDE8F08720460D
:10376400296CFFF771FF05A800F0C2FB806C70475D
:10377400F0B5CB6BFBB001F1040C0E460B6401AC4D
:1037840005464FF0FF37BCE80F000FC4BCE80F003C
:103794000FC4BCE80F000FC49CE80F0084E80F00BE
:1037A400009706E02B696A4629469847082804468C
:1037B40008D110992846FFF7C7FE0028F2D0092047
:1037C4007BB0F0BD6846FFF70BFF062CF7D13146FE
:1037D4002846FFF73BFF00BF10B4DC6BC1601946FD
:1037E400826100221C6410BC4EE700BF70B54369BF
:1037F400C6680B64AEB903690A4604460D46014621
:1038040002209847072805D008280ED129462046CB
:10381400FFF71CFF3046296CFFF716FF281D00F048
:1038240067FB0122FFF730FFFFDEFFDEC2682AB12B
:10383400D1F83CC00022C1F840C025E798E700BF9A
:10384400704700BF836801460BB1012018477047D9
:10385400052915D8DFE801F00A0314030305012044
:103864007047436C0020009A1360704743B90F2AD5
:1038740006D800EB820200205368009A1360704758
:103884000220704710B584B000230A4603AC1946E1
:103894000094FFF7DDFF039804B010BD052915D887
:1038A400DFE801F00A031403030501207047009BBD
:1038B4001B6843640020704743B90F2A06D8009B55
:1038C40000EB820200201B6853607047022070479F
:1038D40010B584B0002303AC03920A461946009441
:1038E400FFF7DCFF04B010BDF0B5D36BADF5117D6F
:1038F400141D064613640DF15C0C0D464FF0FF37A2
:103904000FCCACE80F000FCCACE80F000FCCACE848
:103914000F0094E80F008CE80F00169710E0FFF7F3
:10392400D7FF294616A8B047034616AA69460820B9
:1039340083B9049B9847052804460CD009280AD06B
:1039440026996846FFF700FE03466A460C2116A82E
:10395400002BE4D0092416A8FFF742FE20460DF5FB
:10396400117DF0BD2DE9F04F1646CA6C89B00D46A5
:1039740052F8041B00F0030C0692002B7CD00C0CB4
:1039840009048DF81D40E4B20591022102EB840282
:10399400BCF1020F8DF81C10296D08BFAA6B11F041
:1039A400010809D005A9304600F0A4FB00285BD12A
:1039B400082009B0BDE8F08F1768002FF2D000F09E
:1039C4000801BB469A4667460191CDF80880BAF1D2
:1039D400020F4DD0B2F800B002F10409548824F06B
:1039E4000102AB6C64000F2102EB03083046FFF7C1
:1039F40049FF04F002040BF00103804543EA040389
:103A04002CD82BF0010B012BC34472D0022B39D0DC
:103A140053BB17B1834500F2C88009F10402D2F800
:103A240000B0BBF1000FD2D105A93046DDF8088003
:103A340000F060FBC0B9B8F1000FB9D00F213046D7
:103A4400FFF720FF0E2102463046FFF741FF704A80
:103A54000F213046FFF73CFF072006E0012B66D01C
:103A6400022B25D0002BD8D0092009B0BDE8F08F57
:103A7400546802F10809B2E709028DF81D30059176
:103A8400032185E7D9F8004024F00048B7B98345FD
:103A940005D9019B002B64D0B8F1000F61D0002C34
:103AA40001DA09F1040908F1010309EB8302B6E71D
:103AB400D9F8004024F00048002FF0D0D5F820B009
:103AC4000D213046FFF7DEFE8345E8D1AA6A914511
:103AD400E5D100240422C5F82880C5E90B424A44F4
:103AE4006A63D9F80020A242C0F28D8001230293B8
:103AF400D9E7F7B9834517D9D9F80430D9F80020A4
:103B0400991C4FEAD272AFD005F1580401330494E2
:103B140072D009F10400FFF78FFD04AB014628467B
:103B2400AFF30080002853D109F1080277E7002F92
:103B3400FAD02C6A0D213046FFF7A4FE8442F3D15B
:103B4400AB6A9945F0D14846FFF7B2FC0F21024613
:103B54003046FFF7BDFE2A4600213046FFF7B8FE87
:103B64007AE705F15803039709F1040B00241F4673
:103B74000CE0584600220497FFF75EFD04AB0146B3
:103B840028460BF1040BAFF3008088BB444504F1D5
:103B94000104EED10D213046FFF774FE049B02466A
:103BA40006202A62C5E909395FE74846FFF780FC29
:103BB40009F1040204462846AA63AFF300800028F2
:103BC4003FF452AF22460F213046FFF781FE43E710
:103BD40004460D213046049EFFF754FE022C286251
:103BE40002D1EE6205F12C060620C5E909693CE71D
:103BF400039FD9F8004052E730460D21FFF742FEFB
:103C040026462862F0E708F1010209EB82009BE7EF
:103C1400000000000023A5E60123A3E60223A1E699
:103C24002DE9F0410546C4B01446052900F2B480DC
:103C3400DFE801F00F29B2698F03836B002C40F099
:103C4400AB8053F8042B42648363002044B0BDE886
:103C5400F081002B40F0A0801FFA84FC806B0126C9
:103C64002F1D06FA03F1024611EA0C0F04D052F894
:103C7400041B104647F823100133102BF1D1A20482
:103C8400E3D4A863E1E703F0FB02260CA4B2012A03
:103C940040F08280012B06EB040800F0C280B8F1EA
:103CA400200F79D80F2E79D9002CCED00268019339
:103CB400530705D522F0040240F8D82B00F038F958
:103CC40002AF6400384600F033F9A6F11002A96B84
:103CD400601E019B07EBC202441C101F01EB84020F
:103CE40051F8044B914240F8044FF9D1012B00F0F4
:103CF400CA800F2EA96302D822A800F00DF9384615
:103D040000F012F9A1E7032B46D11FFA84F8260C20
:103D140008EB1444102C3FD803681F0700F1AB8054
:103D240022AF384600F02AF9AC6B4FEA480107EBA2
:103D3400C6034A1E41B1E01A013A1958561C43F809
:103D4400041BF9D104EBC8043846AC6300F0F4F862
:103D54007BE70BBB102C1FD80368D80600F18380C7
:103D640022AF384600F036F9AE6B394600234FF0E7
:103D7400010C0CFA03F230460133224203D050F80E
:103D8400042B06460A60042B01F10401F1D13846E4
:103D9400AE6300F015F958E7022057E70268B8F15E
:103DA400100F02F0010040F2898058B122F00102A4
:103DB4002846019342F0020240F8502B00F0B0F87C
:103DC4002A68019B5107A8F1100800F1888001932B
:103DD40022AF384600F0A4F802A800F0A9F8C6F112
:103DE4001001AA6B07EBC6004900019B01390131A0
:103DF400043802EB810152F8044B914240F8044F1D
:103E0400F9D1B8F1000F4FD04FEA4802102E02AF9B
:103E140002F1FF30324638BF1022103A07EBC202DB
:103E24005AE7B8F1100FB7D8102EB5D00168CA07F9
:103E340030D521F003012846019340F8501B00F0CF
:103E440067F8019B012B25D022AF0193384600F07F
:103E540067F8AA6B74B3019B64004FF0000807EB8A
:103E6400C600611EC3E723F0100305F5EC702B6058
:103E740000F0B0F874E723F0080300F5AC702B6091
:103E840000F07CF84CE722AF04323846AA6300F015
:103E94003BF8DAE622AF0193384600F039F8AA6B12
:103EA400019B002CF0D0D7E7012BEDD00F2EA96396
:103EB4003FF6CBAE384600F02FF8C6E61146002890
:103EC400C2D0052BB5D122F001022846019342F05D
:103ED400020240F8502B00F023F8019BB4E722F0D3
:103EE40004022846019340F8D82B00F021F86FE72C
:103EF40000F1340191E838009C46A6464CF8045D74
:103F040090E8FF0FE54600BD90EC210B704700BF21
:103F140080EC210B704700BF90EC200B704700BF72
:103F240080EC200B704700BFD0EC200B704700BF23
:103F3400C0EC200B704700BFF0EC0201F0EC021162
:103F4400F0EC0221F0EC0231F0EC0241F0EC025111
:103F5400F0EC0261F0EC0271F0EC0281F0EC029101
:103F6400F0EC02A1F0EC02B1F0EC02C1F0EC02D1F1
:103F7400F0EC02E1F0EC02F1704700BFE0EC02016A
:103F8400E0EC0211E0EC0221E0EC0231E0EC024151
:103F9400E0EC0251E0EC0261E0EC0271E0EC028141
:103FA400E0EC0291E0EC02A1E0EC02B1E0EC02C131
:103FB400E0EC02D1E0EC02E1E0EC02F1704700BF7A
:103FC400B0FC0181B0FC0191B0FC01A1B0FC01B1D5
:103FD400704700BFA0FC0181A0FC0191A0FC01A1DD
:103FE400A0FC01B1704700BFEC4600B52DE90050BC
:103FF4002DE9FF1F4FF000032DE90C0001A9FFF785
:10400400B7FBDDF840E012B0704700BFEC4600B5E6
:104014002DE900502DE9FF1F4FF000032DE90C009E
:1040240001A9FFF7E3FBDDF840E012B0704700BFE1
:10403400EC4600B52DE900502DE9FF1F4FF00003B9
:104044002DE90C0001A9FFF7F1FBDDF840E012B007
:10405400704700BFEC4600B52DE900502DE9FF1F65
:104064004FF000032DE90C0001ABFFF7B5FBDDF8C1
:1040740040E012B0704700BFEC4600B52DE9005097
:104084002DE9FF1F4FF000032DE90C0001AAFFF7F3
:104094002BFCDDF840E012B0704700BF027A034603
:1040A4008AB9427AB2B14168013A4FF0030C10B4B4
:1040B40042720C1D086883F808C002025C60000E9E
:1040C40010BC1A6070470068013A1A720202000EAE
:1040D4001A607047B020704710B584B000230C22DA
:1040E40003AC19460094FFF7B3FB039804B010BD6A
:1040F400F2E700BF2DE9F0434FF0000885B0064613
:104104000D462846FFF7CAFFB028044600F01E817A
:10411400070638D500F0F003A02B00F083800CD8FC
:10412400802B5ED0902B04D100F00D030D2B40F0BA
:104134008F80092005B0BDE8F083B02B68D0C02B78
:104144003ED1C62800F0EF80C72800F0048100F0BB
:10415400F803C02B00F01181C82800F01C81C92885
:10416400E7D12846FFF79AFF020300F00F0002F49C
:10417400702201300243012105233046FFF750FD30
:104184000028BED0D5E783000DF108090D22304682
:10419400DBB2CDF800901F1D00231946FFF758FB32
:1041A400029B60064FF00D023046CDF800904CBFE4
:1041B400DF1BFF18002302971946FFF76FFBA0E7E8
:1041C40000F0F803D02BB4D100F00702052301213D
:1041D4003046013242F40022FFF722FD002890D03D
:1041E400A7E724022846FFF759FF2043B0F5004F04
:1041F4009FD0040100233046A2B21946FFF710FDF8
:10420400002896D114F4004F18BF4FF0010878E746
:10421400A0F1B103042B00F2DA80DFE803F07B5055
:104224003D332A00C3434FF47F62010703F00703C1
:1042340042FA03F202F47F6201D542F48042002381
:1042440030461946FFF7ECFC00283FF45AAF70E7FC
:1042540002AF002300F00F02304619460097FFF723
:10426400F7FA00230D22304619460097FFF716FB94
:1042740047E703AA00233046009219460D22FFF7B0
:10428400E7FA3EE70023052130461A46FFF7C8FC4B
:1042940000283FF436AF4CE72846FFF7FFFE012322
:1042A400020300F00F001946013002F470220243A9
:1042B4003046FFF7B5FC00283FF423AF39E700236D
:1042C4000DF108090D2230461946CDF80090FFF78C
:1042D400BFFA2846FFF7E2FE0206029C4FF00207EF
:1042E4000AD500F07F00B8400737044428460294FA
:1042F400FFF7D4FE0306F4D4B84004F50174002398
:104304000D222044CDF80090194602903046FFF764
:10431400C5FAF6E62846FFF7C1FE431E0246DBB2A5
:104324000E2B8CD905E72846FFF7B8FE03230203BA
:1043340000F00F001946013002F4702202433046A7
:10434400FFF76EFC00283FF4DCAEF2E6B8F1000F94
:104354002DD00020EEE62846FFF7A0FE431E0246BD
:10436400DBB20E2B3FF6E5AE002304213046FFF707
:1043740057FC00283FF4C5AEDBE600F00F02032330
:1043840030460132194642F42022FFF749FC002846
:104394003FF4B7AECDE62846FFF780FE00F0F0020A
:1043A40000F00F031032013343EA0232E3E602ACB9
:1043B400434641460E2230460094FFF749FA0F2245
:1043C4004346414630460094FFF768FAC1E700F0DF
:1043D400FC03B42B3FF4ADAE00F0070201233046DA
:1043E4001A44194642F40022FFF71AFC00283FF44D
:1043F40088AE9EE6024603230846D26C10B584B00C
:1044040008328DF80C3001A952F8043C1C021B0E32
:10441400CDE901428DF80D30FFF76CFE04B010BDFC
:1044240008B5FFF765FE806C08BD00BF08B5FFF74F
:104434005FFEC06CC37900EB8300083008BD00BF89
:10444400704700BF000000005FF800F0C97501105C
:104454005FF800F01D7301105FF800F039190010C7
:104464005FF800F0291A00105FF800F0554B0010B7
:104474005FF800F0456500105FF800F03D0900109A
:104484001000000000000000000001000000000017
:104494000000000000000200000000000000000016
:1044A4000000030000000000000000000000FF0006
:1044B4000000000001B5486801318E46004770468F
:1044C40009380149884701BD51100010000000005F
:1044D40000000000000000000000000000000000D8
:1044E40060250020E54200109142001009420010AE
:1044F400794100100000000000010000502B002052
:1045040010000C000000000000000000000000008B
:104514000000000000000000FF0000000000000098
:1045240000000000E167001000000000000000002F
:10453400000000000000000000000000E56700101B
:1045440000000000000000006E19000000C000C060
:1045540058580000000000001D5601100000000023
:10456400000000000000000000000000855501105C
:104574000000000000000000000000000000000037
:104584004823002000000000000000001027002045
:1045940078270020E0270020000000000000000031
:1045A4000000000000000000000000000000000007
:1045B40000000000000000000000000000000000F7
:1045C40000000000000000000000000000000000E7
:1045D40000000000000000000000000000000000D7
:1045E40000000000000000000000000000000000C7
:1045F40000000000000000000000000000000000B7
:1046040000000000000000000000000000000000A6
:104614000000000000000000000000000000000096
:1046240001000000000000000E33CDAB34126DE633
:10463400ECDE05000B00000000000000000000009C
:104644000000000000000000000000000000000066
:104654000000000000000000000000000000000056
:104664000000000000000000000000000000000046
:104674000000000000000000000000000000000036
:104684000000000000000000000000000000000026
:104694000000000000000000000000000000000016
:1046A4000000000000000000000000000000000006
:1046B400D3DEFFFFFE010000FF01000084BAFAFF11
:0446C400793512AB87
:040000051000014D99
:00000001FF
